Coder name,Notes,StudyID,EstimateID,Author name,Intervention abbreviation and name,Length of follow up,Exposure to intervention,Consumption support (cash or in-kind) to stabilize food security and prevent households from selling assets to survive ,Healthcare provision to address the basic health needs of individuals and households,"Assets transfer (often livestock, tools, or seed capital) to provide a foundation for an income-generation activity.",Skills training to enable participants to productively manage and grow their assets.,"Savings facilitation (e.g., savings accounts or linkages to microfinance institutions) to foster financial discipline and resilience.",Coaching and mentoring to offer continuous motivation and goal-setting support.,"Social empowerment and linkages to social protection, markets, and public services to encourage opportunities and inclusion in existing systems.",Evaluation Design,Outcome category,Outcome name,Outcome description,Reverse sign,Treatment,Source,Coeff reg,SE reg ,Tstat reg ,CI_LB reg ,CI_UP reg ,P value exact ,Clusters treatment ,Clusters control ,Clusters total ,N treatment,N control ,N total ,# of periods,Does the sample size need to be corrected? ,n_T_revised,Formula Used,d,d_rev,yi,var(d),j adjustment,vi,se(g),CI_l,CI_u,cash_control,cash_control_desc,targeting_women,targeting_women_desc,program_id,program_name,full Intervention country abbreviation,uoa_analysis_needed,uoa_analysis_needed_desc,Year of publication,Name,Country,assets_tot_selected_re,assets_tot_selected_rve,assets_tot_selected_explanation,expenditure_tot_selected_re,expenditure_tot_selected_rve,expenditure_tot_selected_explanations,expenditure_food_selected_re,expenditure_food_selected_rve,expenditure_food_selected_explanations,income_tot_selected_re,income_tot_selected_rve,income_tot_selected_explanations,savings_val_selected_re,savings_val_selected_rve,savings_val_selected_explanation,poverty_status_selected_re,poverty_status_selected_explanations,poverty_index_selected_re,poverty_index_selected_explanations,,,,,,,,,,,,,,,,,,,,,,,,,,,,,,,,,,,,,,,,,,,,,,,,,,,,,,,,,,,,,,,,,,,,,,,,,,,,,,,,,,,,,,,,,,,,,,,,,,,,,,,,,,,,,,,,,,,,,,,,,,,,,,,,,,,,,,,,,,,,,,,,,,,,,,,,,,,,
Andrea,,121058356,121058356_1,Bossuroy et al.,Pathways out of Extreme poverty: Tackling Psychosocial and Capital Constraints with a Multi-Faceted Social Protection Program in Niger,6,24,1,0,1,1,1,1,1,1,Expenditure,"Gross consumption (daily, USD/adult eq.)","Gross consumption (daily, USD/adult eq.)",0,Capital intervention,"page: 42; table: 1; table label: Table 1: Primary Outcomes; row label: Followup 1 (6 months after cash grants) Capital; column label: (1) Gross consumption (daily, USD/adult eq.)",0.15,0.05,3,,,p<.01,,,322,,,4405,,0,4405,6,0.090402053,0.090402053,0.09039692,0.000908523,0.999829652,0.000908368,0.030139145,0.031324195,0.149469645,1,"""...conducting a four-arm randomized controlled trial (RCT) of a multi-faceted programme implemented by the Government of Niger on top of a poverty-targeted cash transfer programme for women (Table 1). All study groups receive monthly cash transfers. The three treatment arms include a core set of components: savings groups, coaching and entrepreneurship training. A ‘Capital’ arm adds a lump-sum cash grant6,7 (and is similar to a graduation programme)"". p2",1,"Yes targeting women: All treatment and control group observations were households with women who were already receiving a cash transfer programme (""We use a four-arm (three treatment and one control) randomized controlled trial (RCT) conducted in a sample of women already receiving monthly poverty-targeted cash transfers from a national program"") p2",1,Niger CTP Full,Niger Cash Transfer Programme,0,"UoA is household p16 (equation) 
UoR: village ""The study is a cluster-randomized controlled trial in which villages with existing cash transfer beneficiaries were randomly allocated to one of the four arms "" p1 but SE clustered at village level ""tandard errors are clustered at the village level, the unit of randomization. "" p16",2021,Bossuroy et al. (2021) Niger CTP Full,Niger,,,,,,,,,Not food expenditure outcome,,,,,,,,,,,,,,,,,,,,,,,,,,,,,,,,,,,,,,,,,,,,,,,,,,,,,,,,,,,,,,,,,,,,,,,,,,,,,,,,,,,,,,,,,,,,,,,,,,,,,,,,,,,,,,,,,,,,,,,,,,,,,,,,,,,,,,,,,,,,,,,,,,,,,,,,,,,,,,,,,,,,,,
Andrea,,121058356,121058356_10,Bossuroy et al.,Pathways out of Extreme poverty: Tackling Psychosocial and Capital Constraints with a Multi-Faceted Social Protection Program in Niger,6,24,1,0,1,1,1,1,1,1,Income,"Wage earnings (yearly, USD)","Wage earnings (yearly, USD)",0,Full intervention (psychosocial + capital interventions),"page: 43; table: 2; table label: Table 2: Beneficiary Revenues; row label: Followup 1 (6 months after cash grants) Full; column label: (3) Wage earnings (yearly, USD)",4.62,1.81,2.552486188,,,p<.01,,,322,,,4476,,0,4476,6,0.076304185,0.076304185,0.076299921,0.00089398,0.999832355,0.00089383,0.029896996,0.017701809,0.134898033,1,"""...conducting a four-arm randomized controlled trial (RCT) of a multi-faceted programme implemented by the Government of Niger on top of a poverty-targeted cash transfer programme for women (Table 1). All study groups receive monthly cash transfers. The three treatment arms include a core set of components: savings groups, coaching and entrepreneurship training. A ‘Capital’ arm adds a lump-sum cash grant6,7 (and is similar to a graduation programme)"". p2",1,"Yes targeting women: All treatment and control group observations were households with women who were already receiving a cash transfer programme (""We use a four-arm (three treatment and one control) randomized controlled trial (RCT) conducted in a sample of women already receiving monthly poverty-targeted cash transfers from a national program"") p2",1,Niger CTP Capital,Niger Cash Transfer Programme,0,"UoA is household p16 (equation) 
UoR: village ""The study is a cluster-randomized controlled trial in which villages with existing cash transfer beneficiaries were randomly allocated to one of the four arms "" p1 but SE clustered at village level ""tandard errors are clustered at the village level, the unit of randomization. "" p16",2021,Bossuroy et al. (2021) Niger CTP Capital,Niger,,,,,,,,,,,,,,,,,,,,,,,,,,,,,,,,,,,,,,,,,,,,,,,,,,,,,,,,,,,,,,,,,,,,,,,,,,,,,,,,,,,,,,,,,,,,,,,,,,,,,,,,,,,,,,,,,,,,,,,,,,,,,,,,,,,,,,,,,,,,,,,,,,,,,,,,,,,,,,,,,,,,,,,,,,,,,,,
Andrea,,121058356,121058356_11,Bossuroy et al.,Pathways out of Extreme poverty: Tackling Psychosocial and Capital Constraints with a Multi-Faceted Social Protection Program in Niger,6,24,1,0,1,1,1,1,1,1,Income,"Livestock revenue (yearly, USD)","Livestock revenue (yearly, USD)",0,Capital intervention,"page: 43; table: 2; table label: Table 2: Beneficiary Revenues; row label: Followup 1 (6 months after cash grants) Capital; column label: (4) Livestock revenue (yearly, USD)",5.18,4.44,1.166666667,,,p<.01,,,322,,,4476,,0,4476,6,0.034876408,0.034876408,0.034874459,0.000893723,0.999832355,0.000893573,0.029892694,-0.023715222,0.093464139,1,"""...conducting a four-arm randomized controlled trial (RCT) of a multi-faceted programme implemented by the Government of Niger on top of a poverty-targeted cash transfer programme for women (Table 1). All study groups receive monthly cash transfers. The three treatment arms include a core set of components: savings groups, coaching and entrepreneurship training. A ‘Capital’ arm adds a lump-sum cash grant6,7 (and is similar to a graduation programme)"". p2",1,"Yes targeting women: All treatment and control group observations were households with women who were already receiving a cash transfer programme (""We use a four-arm (three treatment and one control) randomized controlled trial (RCT) conducted in a sample of women already receiving monthly poverty-targeted cash transfers from a national program"") p2",1,Niger CTP Full,Niger Cash Transfer Programme,0,"UoA is household p16 (equation) 
UoR: village ""The study is a cluster-randomized controlled trial in which villages with existing cash transfer beneficiaries were randomly allocated to one of the four arms "" p1 but SE clustered at village level ""tandard errors are clustered at the village level, the unit of randomization. "" p16",2021,Bossuroy et al. (2021) Niger CTP Full,Niger,,,,,,,,,,,,,,,,,,,,,,,,,,,,,,,,,,,,,,,,,,,,,,,,,,,,,,,,,,,,,,,,,,,,,,,,,,,,,,,,,,,,,,,,,,,,,,,,,,,,,,,,,,,,,,,,,,,,,,,,,,,,,,,,,,,,,,,,,,,,,,,,,,,,,,,,,,,,,,,,,,,,,,,,,,,,,,,
Andrea,,121058356,121058356_12,Bossuroy et al.,Pathways out of Extreme poverty: Tackling Psychosocial and Capital Constraints with a Multi-Faceted Social Protection Program in Niger,6,24,1,0,1,1,1,1,1,1,Income,"Livestock revenue (yearly, USD)","Livestock revenue (yearly, USD)",0,Full intervention (psychosocial + capital interventions),"page: 43; table: 2; table label: Table 2: Beneficiary Revenues; row label: Followup 1 (6 months after cash grants) Full; column label: (4) Livestock revenue (yearly, USD)",6.13,4.38,1.399543379,,,p<.01,,,322,,,4476,,0,4476,6,0.041838039,0.041838039,0.041835701,0.000893753,0.999832355,0.000893603,0.029893193,-0.016754957,0.100426359,1,"""...conducting a four-arm randomized controlled trial (RCT) of a multi-faceted programme implemented by the Government of Niger on top of a poverty-targeted cash transfer programme for women (Table 1). All study groups receive monthly cash transfers. The three treatment arms include a core set of components: savings groups, coaching and entrepreneurship training. A ‘Capital’ arm adds a lump-sum cash grant6,7 (and is similar to a graduation programme)"". p2",1,"Yes targeting women: All treatment and control group observations were households with women who were already receiving a cash transfer programme (""We use a four-arm (three treatment and one control) randomized controlled trial (RCT) conducted in a sample of women already receiving monthly poverty-targeted cash transfers from a national program"") p2",1,Niger CTP Capital,Niger Cash Transfer Programme,0,"UoA is household p16 (equation) 
UoR: village ""The study is a cluster-randomized controlled trial in which villages with existing cash transfer beneficiaries were randomly allocated to one of the four arms "" p1 but SE clustered at village level ""tandard errors are clustered at the village level, the unit of randomization. "" p16",2021,Bossuroy et al. (2021) Niger CTP Capital,Niger,,,,,,,,,,,,,,,,,,,,,,,,,,,,,,,,,,,,,,,,,,,,,,,,,,,,,,,,,,,,,,,,,,,,,,,,,,,,,,,,,,,,,,,,,,,,,,,,,,,,,,,,,,,,,,,,,,,,,,,,,,,,,,,,,,,,,,,,,,,,,,,,,,,,,,,,,,,,,,,,,,,,,,,,,,,,,,,
Andrea,,121058356,121058356_13,Bossuroy et al.,Pathways out of Extreme poverty: Tackling Psychosocial and Capital Constraints with a Multi-Faceted Social Protection Program in Niger,18,24,1,0,1,1,1,1,1,1,Income,"Business revenue (monthly, USD)","Business revenue (monthly, USD)",0,Capital intervention,"page: 43; table: 2; table label: Table 2: Beneficiary Revenues; row label: Followup 2 (18 months after cash grants)Capital; column label: (1) Business revenue (monthly, USD)",19.62,3.81,5.149606299,,,p<.01,,,322,,,4252,,0,4252,6,0.15794555,0.15794555,0.157936259,0.000942201,0.999823519,0.000942034,0.030692577,0.097778809,0.218093709,1,"""...conducting a four-arm randomized controlled trial (RCT) of a multi-faceted programme implemented by the Government of Niger on top of a poverty-targeted cash transfer programme for women (Table 1). All study groups receive monthly cash transfers. The three treatment arms include a core set of components: savings groups, coaching and entrepreneurship training. A ‘Capital’ arm adds a lump-sum cash grant6,7 (and is similar to a graduation programme)"". p2",1,"Yes targeting women: All treatment and control group observations were households with women who were already receiving a cash transfer programme (""We use a four-arm (three treatment and one control) randomized controlled trial (RCT) conducted in a sample of women already receiving monthly poverty-targeted cash transfers from a national program"") p2",1,Niger CTP Full,Niger Cash Transfer Programme,0,"UoA is household p16 (equation) 
UoR: village ""The study is a cluster-randomized controlled trial in which villages with existing cash transfer beneficiaries were randomly allocated to one of the four arms "" p1 but SE clustered at village level ""tandard errors are clustered at the village level, the unit of randomization. "" p16",2021,Bossuroy et al. (2021) Niger CTP Full,Niger,,,,,,,,,,,,,,,,,,,,,,,,,,,,,,,,,,,,,,,,,,,,,,,,,,,,,,,,,,,,,,,,,,,,,,,,,,,,,,,,,,,,,,,,,,,,,,,,,,,,,,,,,,,,,,,,,,,,,,,,,,,,,,,,,,,,,,,,,,,,,,,,,,,,,,,,,,,,,,,,,,,,,,,,,,,,,,,
Andrea,,121058356,121058356_14,Bossuroy et al.,Pathways out of Extreme poverty: Tackling Psychosocial and Capital Constraints with a Multi-Faceted Social Protection Program in Niger,18,24,1,0,1,1,1,1,1,1,Income,"Business revenue (monthly, USD)","Business revenue (monthly, USD)",0,Full intervention (psychosocial + capital interventions),"page: 43; table: 2; table label: Table 2: Beneficiary Revenues; row label: Followup 2 (18 months after cash grants)Full; column label: (1) Business revenue (monthly, USD)",20.62,4.11,5.01703163,,,p<.01,,,322,,,4252,,0,4252,6,0.153879302,0.153879302,0.153870249,0.000942126,0.999823519,0.00094196,0.030691362,0.093715179,0.21402532,1,"""...conducting a four-arm randomized controlled trial (RCT) of a multi-faceted programme implemented by the Government of Niger on top of a poverty-targeted cash transfer programme for women (Table 1). All study groups receive monthly cash transfers. The three treatment arms include a core set of components: savings groups, coaching and entrepreneurship training. A ‘Capital’ arm adds a lump-sum cash grant6,7 (and is similar to a graduation programme)"". p2",1,"Yes targeting women: All treatment and control group observations were households with women who were already receiving a cash transfer programme (""We use a four-arm (three treatment and one control) randomized controlled trial (RCT) conducted in a sample of women already receiving monthly poverty-targeted cash transfers from a national program"") p2",1,Niger CTP Capital,Niger Cash Transfer Programme,0,"UoA is household p16 (equation) 
UoR: village ""The study is a cluster-randomized controlled trial in which villages with existing cash transfer beneficiaries were randomly allocated to one of the four arms "" p1 but SE clustered at village level ""tandard errors are clustered at the village level, the unit of randomization. "" p16",2021,Bossuroy et al. (2021) Niger CTP Capital,Niger,,,,,,,,,,,,,,,,,,,,,,,,,,,,,,,,,,,,,,,,,,,,,,,,,,,,,,,,,,,,,,,,,,,,,,,,,,,,,,,,,,,,,,,,,,,,,,,,,,,,,,,,,,,,,,,,,,,,,,,,,,,,,,,,,,,,,,,,,,,,,,,,,,,,,,,,,,,,,,,,,,,,,,,,,,,,,,,
Andrea,,121058356,121058356_15,Bossuroy et al.,Pathways out of Extreme poverty: Tackling Psychosocial and Capital Constraints with a Multi-Faceted Social Protection Program in Niger,18,24,1,0,1,1,1,1,1,1,Income,"Harvest value (yearly, USD)","Harvest value (yearly, USD)",0,Capital intervention,"page: 43; table: 2; table label: Table 2: Beneficiary Revenues; row label: Followup 2 (18 months after cash grants)Capital; column label: (2) Harvest value (yearly, USD)",4.85,3.76,1.289893617,,,p>.1,,,322,,,4252,,0,4252,6,0.039562822,0.039562822,0.039560495,0.000940826,0.999823519,0.00094066,0.030670177,-0.020553053,0.099674042,1,"""...conducting a four-arm randomized controlled trial (RCT) of a multi-faceted programme implemented by the Government of Niger on top of a poverty-targeted cash transfer programme for women (Table 1). All study groups receive monthly cash transfers. The three treatment arms include a core set of components: savings groups, coaching and entrepreneurship training. A ‘Capital’ arm adds a lump-sum cash grant6,7 (and is similar to a graduation programme)"". p2",1,"Yes targeting women: All treatment and control group observations were households with women who were already receiving a cash transfer programme (""We use a four-arm (three treatment and one control) randomized controlled trial (RCT) conducted in a sample of women already receiving monthly poverty-targeted cash transfers from a national program"") p2",1,Niger CTP Full,Niger Cash Transfer Programme,0,"UoA is household p16 (equation) 
UoR: village ""The study is a cluster-randomized controlled trial in which villages with existing cash transfer beneficiaries were randomly allocated to one of the four arms "" p1 but SE clustered at village level ""tandard errors are clustered at the village level, the unit of randomization. "" p16",2021,Bossuroy et al. (2021) Niger CTP Full,Niger,,,,,,,,,,,,,,,,,,,,,,,,,,,,,,,,,,,,,,,,,,,,,,,,,,,,,,,,,,,,,,,,,,,,,,,,,,,,,,,,,,,,,,,,,,,,,,,,,,,,,,,,,,,,,,,,,,,,,,,,,,,,,,,,,,,,,,,,,,,,,,,,,,,,,,,,,,,,,,,,,,,,,,,,,,,,,,,
Andrea,,121058356,121058356_16,Bossuroy et al.,Pathways out of Extreme poverty: Tackling Psychosocial and Capital Constraints with a Multi-Faceted Social Protection Program in Niger,18,24,1,0,1,1,1,1,1,1,Income,"Harvest value (yearly, USD)","Harvest value (yearly, USD)",0,Full intervention (psychosocial + capital interventions),"page: 43; table: 2; table label: Table 2: Beneficiary Revenues; row label: Followup 2 (18 months after cash grants)Full; column label: (2) Harvest value (yearly, USD)",13.35,4.18,3.193779904,,,p>.1,,,322,,,4252,,0,4252,6,0.097957649,0.097957649,0.097951886,0.000941298,0.999823519,0.000941132,0.030677872,0.037823257,0.158080515,1,"""...conducting a four-arm randomized controlled trial (RCT) of a multi-faceted programme implemented by the Government of Niger on top of a poverty-targeted cash transfer programme for women (Table 1). All study groups receive monthly cash transfers. The three treatment arms include a core set of components: savings groups, coaching and entrepreneurship training. A ‘Capital’ arm adds a lump-sum cash grant6,7 (and is similar to a graduation programme)"". p2",1,"Yes targeting women: All treatment and control group observations were households with women who were already receiving a cash transfer programme (""We use a four-arm (three treatment and one control) randomized controlled trial (RCT) conducted in a sample of women already receiving monthly poverty-targeted cash transfers from a national program"") p2",1,Niger CTP Capital,Niger Cash Transfer Programme,0,"UoA is household p16 (equation) 
UoR: village ""The study is a cluster-randomized controlled trial in which villages with existing cash transfer beneficiaries were randomly allocated to one of the four arms "" p1 but SE clustered at village level ""tandard errors are clustered at the village level, the unit of randomization. "" p16",2021,Bossuroy et al. (2021) Niger CTP Capital,Niger,,,,,,,,,,,,,,,,,,,,,,,,,,,,,,,,,,,,,,,,,,,,,,,,,,,,,,,,,,,,,,,,,,,,,,,,,,,,,,,,,,,,,,,,,,,,,,,,,,,,,,,,,,,,,,,,,,,,,,,,,,,,,,,,,,,,,,,,,,,,,,,,,,,,,,,,,,,,,,,,,,,,,,,,,,,,,,,
Andrea,,121058356,121058356_17,Bossuroy et al.,Pathways out of Extreme poverty: Tackling Psychosocial and Capital Constraints with a Multi-Faceted Social Protection Program in Niger,18,24,1,0,1,1,1,1,1,1,Income,"Wage earnings (yearly, USD)","Wage earnings (yearly, USD)",0,Capital intervention,"page: 43; table: 2; table label: Table 2: Beneficiary Revenues; row label: Followup 2 (18 months after cash grants)Capital; column label: (3) Wage earnings (yearly, USD)",2.17,1.61,1.347826087,,,p<.01,,,322,,,4252,,0,4252,6,0.041339691,0.041339691,0.041337259,0.000940834,0.999823519,0.000940668,0.030670315,-0.018776558,0.101451076,1,"""...conducting a four-arm randomized controlled trial (RCT) of a multi-faceted programme implemented by the Government of Niger on top of a poverty-targeted cash transfer programme for women (Table 1). All study groups receive monthly cash transfers. The three treatment arms include a core set of components: savings groups, coaching and entrepreneurship training. A ‘Capital’ arm adds a lump-sum cash grant6,7 (and is similar to a graduation programme)"". p2",1,"Yes targeting women: All treatment and control group observations were households with women who were already receiving a cash transfer programme (""We use a four-arm (three treatment and one control) randomized controlled trial (RCT) conducted in a sample of women already receiving monthly poverty-targeted cash transfers from a national program"") p2",1,Niger CTP Full,Niger Cash Transfer Programme,0,"UoA is household p16 (equation) 
UoR: village ""The study is a cluster-randomized controlled trial in which villages with existing cash transfer beneficiaries were randomly allocated to one of the four arms "" p1 but SE clustered at village level ""tandard errors are clustered at the village level, the unit of randomization. "" p16",2021,Bossuroy et al. (2021) Niger CTP Full,Niger,,,,,,,,,,,,,,,,,,,,,,,,,,,,,,,,,,,,,,,,,,,,,,,,,,,,,,,,,,,,,,,,,,,,,,,,,,,,,,,,,,,,,,,,,,,,,,,,,,,,,,,,,,,,,,,,,,,,,,,,,,,,,,,,,,,,,,,,,,,,,,,,,,,,,,,,,,,,,,,,,,,,,,,,,,,,,,,
Andrea,,121058356,121058356_18,Bossuroy et al.,Pathways out of Extreme poverty: Tackling Psychosocial and Capital Constraints with a Multi-Faceted Social Protection Program in Niger,18,24,1,0,1,1,1,1,1,1,Income,"Wage earnings (yearly, USD)","Wage earnings (yearly, USD)",0,Full intervention (psychosocial + capital interventions),"page: 43; table: 2; table label: Table 2: Beneficiary Revenues; row label: Followup 2 (18 months after cash grants)Full; column label: (3) Wage earnings (yearly, USD)",3.51,1.79,1.960893855,,,p<.01,,,322,,,4252,,0,4252,6,0.060143328,0.060143328,0.06013979,0.000940946,0.999823519,0.00094078,0.030672144,2.23882E-05,0.120257191,1,"""...conducting a four-arm randomized controlled trial (RCT) of a multi-faceted programme implemented by the Government of Niger on top of a poverty-targeted cash transfer programme for women (Table 1). All study groups receive monthly cash transfers. The three treatment arms include a core set of components: savings groups, coaching and entrepreneurship training. A ‘Capital’ arm adds a lump-sum cash grant6,7 (and is similar to a graduation programme)"". p2",1,"Yes targeting women: All treatment and control group observations were households with women who were already receiving a cash transfer programme (""We use a four-arm (three treatment and one control) randomized controlled trial (RCT) conducted in a sample of women already receiving monthly poverty-targeted cash transfers from a national program"") p2",1,Niger CTP Capital,Niger Cash Transfer Programme,0,"UoA is household p16 (equation) 
UoR: village ""The study is a cluster-randomized controlled trial in which villages with existing cash transfer beneficiaries were randomly allocated to one of the four arms "" p1 but SE clustered at village level ""tandard errors are clustered at the village level, the unit of randomization. "" p16",2021,Bossuroy et al. (2021) Niger CTP Capital,Niger,,,,,,,,,,,,,,,,,,,,,,,,,,,,,,,,,,,,,,,,,,,,,,,,,,,,,,,,,,,,,,,,,,,,,,,,,,,,,,,,,,,,,,,,,,,,,,,,,,,,,,,,,,,,,,,,,,,,,,,,,,,,,,,,,,,,,,,,,,,,,,,,,,,,,,,,,,,,,,,,,,,,,,,,,,,,,,,
Andrea,,121058356,121058356_19,Bossuroy et al.,Pathways out of Extreme poverty: Tackling Psychosocial and Capital Constraints with a Multi-Faceted Social Protection Program in Niger,18,24,1,0,1,1,1,1,1,1,Income,"Livestock revenue (yearly, USD)","Livestock revenue (yearly, USD)",0,Capital intervention,"page: 43; table: 2; table label: Table 2: Beneficiary Revenues; row label: Followup 2 (18 months after cash grants)Capital; column label: (4) Livestock revenue (yearly, USD)",14.79,5.43,2.723756906,,,p<.01,,,322,,,4252,,0,4252,6,0.083541393,0.083541393,0.083536478,0.000941144,0.999823519,0.000940978,0.030675365,0.023412763,0.143660194,1,"""...conducting a four-arm randomized controlled trial (RCT) of a multi-faceted programme implemented by the Government of Niger on top of a poverty-targeted cash transfer programme for women (Table 1). All study groups receive monthly cash transfers. The three treatment arms include a core set of components: savings groups, coaching and entrepreneurship training. A ‘Capital’ arm adds a lump-sum cash grant6,7 (and is similar to a graduation programme)"". p2",1,"Yes targeting women: All treatment and control group observations were households with women who were already receiving a cash transfer programme (""We use a four-arm (three treatment and one control) randomized controlled trial (RCT) conducted in a sample of women already receiving monthly poverty-targeted cash transfers from a national program"") p2",1,Niger CTP Full,Niger Cash Transfer Programme,0,"UoA is household p16 (equation) 
UoR: village ""The study is a cluster-randomized controlled trial in which villages with existing cash transfer beneficiaries were randomly allocated to one of the four arms "" p1 but SE clustered at village level ""tandard errors are clustered at the village level, the unit of randomization. "" p16",2021,Bossuroy et al. (2021) Niger CTP Full,Niger,,,,,,,,,,,,,,,,,,,,,,,,,,,,,,,,,,,,,,,,,,,,,,,,,,,,,,,,,,,,,,,,,,,,,,,,,,,,,,,,,,,,,,,,,,,,,,,,,,,,,,,,,,,,,,,,,,,,,,,,,,,,,,,,,,,,,,,,,,,,,,,,,,,,,,,,,,,,,,,,,,,,,,,,,,,,,,,
Andrea,,121058356,121058356_2,Bossuroy et al.,Pathways out of Extreme poverty: Tackling Psychosocial and Capital Constraints with a Multi-Faceted Social Protection Program in Niger,6,24,1,0,1,1,1,1,1,1,Expenditure,"Gross consumption (daily, USD/adult eq.)","Gross consumption (daily, USD/adult eq.)",0,Full intervention (psychosocial + capital interventions),"page: 42; table: 1; table label: Table 1: Primary Outcomes; row label: Followup 1 (6 months after cash grants) Full; column label: (1) Gross consumption (daily, USD/adult eq.)",0.25,0.06,4.166666667,,,p<.01,,,322,,,4405,,0,4405,6,0.125558407,0.125558407,0.125551278,0.000908954,0.999829652,0.000908799,0.030146292,0.066464546,0.184638009,1,"""...conducting a four-arm randomized controlled trial (RCT) of a multi-faceted programme implemented by the Government of Niger on top of a poverty-targeted cash transfer programme for women (Table 1). All study groups receive monthly cash transfers. The three treatment arms include a core set of components: savings groups, coaching and entrepreneurship training. A ‘Capital’ arm adds a lump-sum cash grant6,7 (and is similar to a graduation programme)"". p2",1,"Yes targeting women: All treatment and control group observations were households with women who were already receiving a cash transfer programme (""We use a four-arm (three treatment and one control) randomized controlled trial (RCT) conducted in a sample of women already receiving monthly poverty-targeted cash transfers from a national program"") p2",1,Niger CTP Capital,Niger Cash Transfer Programme,0,"UoA is household p16 (equation) 
UoR: village ""The study is a cluster-randomized controlled trial in which villages with existing cash transfer beneficiaries were randomly allocated to one of the four arms "" p1 but SE clustered at village level ""tandard errors are clustered at the village level, the unit of randomization. "" p16",2021,Bossuroy et al. (2021) Niger CTP Capital,Niger,,,,,,,,,Not food expenditure outcome,,,,,,,,,,,,,,,,,,,,,,,,,,,,,,,,,,,,,,,,,,,,,,,,,,,,,,,,,,,,,,,,,,,,,,,,,,,,,,,,,,,,,,,,,,,,,,,,,,,,,,,,,,,,,,,,,,,,,,,,,,,,,,,,,,,,,,,,,,,,,,,,,,,,,,,,,,,,,,,,,,,,,,
Andrea,,121058356,121058356_20,Bossuroy et al.,Pathways out of Extreme poverty: Tackling Psychosocial and Capital Constraints with a Multi-Faceted Social Protection Program in Niger,18,24,1,0,1,1,1,1,1,1,Income,"Livestock revenue (yearly, USD)","Livestock revenue (yearly, USD)",0,Full intervention (psychosocial + capital interventions),"page: 43; table: 2; table label: Table 2: Beneficiary Revenues; row label: Followup 2 (18 months after cash grants)Full; column label: (4) Livestock revenue (yearly, USD)",16.75,5.87,2.853492334,,,p<.01,,,322,,,4252,,0,4252,6,0.087520558,0.087520558,0.087515409,0.000941184,0.999823519,0.000941018,0.030676017,0.027390415,0.147640403,1,"""...conducting a four-arm randomized controlled trial (RCT) of a multi-faceted programme implemented by the Government of Niger on top of a poverty-targeted cash transfer programme for women (Table 1). All study groups receive monthly cash transfers. The three treatment arms include a core set of components: savings groups, coaching and entrepreneurship training. A ‘Capital’ arm adds a lump-sum cash grant6,7 (and is similar to a graduation programme)"". p2",1,"Yes targeting women: All treatment and control group observations were households with women who were already receiving a cash transfer programme (""We use a four-arm (three treatment and one control) randomized controlled trial (RCT) conducted in a sample of women already receiving monthly poverty-targeted cash transfers from a national program"") p2",1,Niger CTP Full,Niger Cash Transfer Programme,0,"UoA is household p16 (equation) 
UoR: village ""The study is a cluster-randomized controlled trial in which villages with existing cash transfer beneficiaries were randomly allocated to one of the four arms "" p1 but SE clustered at village level ""tandard errors are clustered at the village level, the unit of randomization. "" p16",2021,Bossuroy et al. (2021) Niger CTP Full,Niger,,,,,,,,,,,,,,,,,,,,,,,,,,,,,,,,,,,,,,,,,,,,,,,,,,,,,,,,,,,,,,,,,,,,,,,,,,,,,,,,,,,,,,,,,,,,,,,,,,,,,,,,,,,,,,,,,,,,,,,,,,,,,,,,,,,,,,,,,,,,,,,,,,,,,,,,,,,,,,,,,,,,,,,,,,,,,,,
Andrea,,121058356,121058356_21,Bossuroy et al.,Pathways out of Extreme poverty: Tackling Psychosocial and Capital Constraints with a Multi-Faceted Social Protection Program in Niger,6,24,1,0,1,1,1,1,1,1,Assets,Livestock count (TLU),Livestock count (TLU),0,Capital intervention,page: 48; table: 7; table label: Table 7: Livestock (Household); row label: Followup 1 (6 months after cash grants) Capital; column label: (1) Livestock count (TLU),0.74,0.14,5.285714286,,,p<.01,,,322,,,4476,,0,4476,6,0.15801148,0.15801148,0.15800265,0.00089505,0.999832355,0.0008949,0.029914871,0.099369502,0.216635798,1,"""...conducting a four-arm randomized controlled trial (RCT) of a multi-faceted programme implemented by the Government of Niger on top of a poverty-targeted cash transfer programme for women (Table 1). All study groups receive monthly cash transfers. The three treatment arms include a core set of components: savings groups, coaching and entrepreneurship training. A ‘Capital’ arm adds a lump-sum cash grant6,7 (and is similar to a graduation programme)"". p2",1,"Yes targeting women: All treatment and control group observations were households with women who were already receiving a cash transfer programme (""We use a four-arm (three treatment and one control) randomized controlled trial (RCT) conducted in a sample of women already receiving monthly poverty-targeted cash transfers from a national program"") p2",1,Niger CTP Capital,Niger Cash Transfer Programme,0,"UoA is household p16 (equation) 
UoR: village ""The study is a cluster-randomized controlled trial in which villages with existing cash transfer beneficiaries were randomly allocated to one of the four arms "" p1 but SE clustered at village level ""tandard errors are clustered at the village level, the unit of randomization. "" p16",2021,Bossuroy et al. (2021) Niger CTP Capital,Niger,,,,,,,,,,,,,,,,,,,,,,,,,,,,,,,,,,,,,,,,,,,,,,,,,,,,,,,,,,,,,,,,,,,,,,,,,,,,,,,,,,,,,,,,,,,,,,,,,,,,,,,,,,,,,,,,,,,,,,,,,,,,,,,,,,,,,,,,,,,,,,,,,,,,,,,,,,,,,,,,,,,,,,,,,,,,,,,
Andrea,,121058356,121058356_22,Bossuroy et al.,Pathways out of Extreme poverty: Tackling Psychosocial and Capital Constraints with a Multi-Faceted Social Protection Program in Niger,6,24,1,0,1,1,1,1,1,1,Assets,Livestock count (TLU),Livestock count (TLU),0,Full intervention (psychosocial + capital interventions),page: 48; table: 7; table label: Table 7: Livestock (Household); row label: Followup 1 (6 months after cash grants) Full; column label: (1) Livestock count (TLU),0.9,0.16,5.625,,,p<.01,,,322,,,4476,,0,4476,6,0.168154109,0.168154109,0.168144712,0.000895234,0.999832355,0.000895084,0.029917959,0.109505512,0.226783912,1,"""...conducting a four-arm randomized controlled trial (RCT) of a multi-faceted programme implemented by the Government of Niger on top of a poverty-targeted cash transfer programme for women (Table 1). All study groups receive monthly cash transfers. The three treatment arms include a core set of components: savings groups, coaching and entrepreneurship training. A ‘Capital’ arm adds a lump-sum cash grant6,7 (and is similar to a graduation programme)"". p2",1,"Yes targeting women: All treatment and control group observations were households with women who were already receiving a cash transfer programme (""We use a four-arm (three treatment and one control) randomized controlled trial (RCT) conducted in a sample of women already receiving monthly poverty-targeted cash transfers from a national program"") p2",1,Niger CTP Full,Niger Cash Transfer Programme,0,"UoA is household p16 (equation) 
UoR: village ""The study is a cluster-randomized controlled trial in which villages with existing cash transfer beneficiaries were randomly allocated to one of the four arms "" p1 but SE clustered at village level ""tandard errors are clustered at the village level, the unit of randomization. "" p16",2021,Bossuroy et al. (2021) Niger CTP Full,Niger,,,,,,,,,,,,,,,,,,,,,,,,,,,,,,,,,,,,,,,,,,,,,,,,,,,,,,,,,,,,,,,,,,,,,,,,,,,,,,,,,,,,,,,,,,,,,,,,,,,,,,,,,,,,,,,,,,,,,,,,,,,,,,,,,,,,,,,,,,,,,,,,,,,,,,,,,,,,,,,,,,,,,,,,,,,,,,,
Andrea,,121058356,121058356_23,Bossuroy et al.,Pathways out of Extreme poverty: Tackling Psychosocial and Capital Constraints with a Multi-Faceted Social Protection Program in Niger,6,24,1,0,1,1,1,1,1,1,Assets,Livestock asset value (USD),Livestock asset value (USD),0,Capital intervention,page: 48; table: 7; table label: Table 7: Livestock (Household); row label: Followup 1 (6 months after cash grants) Capital; column label: (2) Livestock asset value (USD),268.77,76.89,3.495513071,,,p<.01,,,322,,,4418,,0,4418,6,0.105178766,0.105178766,0.105172811,0.000906013,0.999830153,0.000905859,0.030097494,0.046181722,0.1641639,1,"""...conducting a four-arm randomized controlled trial (RCT) of a multi-faceted programme implemented by the Government of Niger on top of a poverty-targeted cash transfer programme for women (Table 1). All study groups receive monthly cash transfers. The three treatment arms include a core set of components: savings groups, coaching and entrepreneurship training. A ‘Capital’ arm adds a lump-sum cash grant6,7 (and is similar to a graduation programme)"". p2",1,"Yes targeting women: All treatment and control group observations were households with women who were already receiving a cash transfer programme (""We use a four-arm (three treatment and one control) randomized controlled trial (RCT) conducted in a sample of women already receiving monthly poverty-targeted cash transfers from a national program"") p2",1,Niger CTP Capital,Niger Cash Transfer Programme,0,"UoA is household p16 (equation) 
UoR: village ""The study is a cluster-randomized controlled trial in which villages with existing cash transfer beneficiaries were randomly allocated to one of the four arms "" p1 but SE clustered at village level ""tandard errors are clustered at the village level, the unit of randomization. "" p16",2021,Bossuroy et al. (2021) Niger CTP Capital,Niger,,,,,,,,,,,,,,,,,,,,,,,,,,,,,,,,,,,,,,,,,,,,,,,,,,,,,,,,,,,,,,,,,,,,,,,,,,,,,,,,,,,,,,,,,,,,,,,,,,,,,,,,,,,,,,,,,,,,,,,,,,,,,,,,,,,,,,,,,,,,,,,,,,,,,,,,,,,,,,,,,,,,,,,,,,,,,,,
Andrea,,121058356,121058356_24,Bossuroy et al.,Pathways out of Extreme poverty: Tackling Psychosocial and Capital Constraints with a Multi-Faceted Social Protection Program in Niger,6,24,1,0,1,1,1,1,1,1,Assets,Livestock asset value (USD),Livestock asset value (USD),0,Full intervention (psychosocial + capital interventions),page: 48; table: 7; table label: Table 7: Livestock (Household); row label: Followup 1 (6 months after cash grants) Full; column label: (2) Livestock asset value (USD),305.51,75.82,4.029411765,,,p<.01,,,322,,,4418,,0,4418,6,0.121243591,0.121243591,0.121236726,0.000906219,0.999830153,0.000906065,0.030100913,0.062238937,0.180234516,1,"""...conducting a four-arm randomized controlled trial (RCT) of a multi-faceted programme implemented by the Government of Niger on top of a poverty-targeted cash transfer programme for women (Table 1). All study groups receive monthly cash transfers. The three treatment arms include a core set of components: savings groups, coaching and entrepreneurship training. A ‘Capital’ arm adds a lump-sum cash grant6,7 (and is similar to a graduation programme)"". p2",1,"Yes targeting women: All treatment and control group observations were households with women who were already receiving a cash transfer programme (""We use a four-arm (three treatment and one control) randomized controlled trial (RCT) conducted in a sample of women already receiving monthly poverty-targeted cash transfers from a national program"") p2",1,Niger CTP Full,Niger Cash Transfer Programme,0,"UoA is household p16 (equation) 
UoR: village ""The study is a cluster-randomized controlled trial in which villages with existing cash transfer beneficiaries were randomly allocated to one of the four arms "" p1 but SE clustered at village level ""tandard errors are clustered at the village level, the unit of randomization. "" p16",2021,Bossuroy et al. (2021) Niger CTP Full,Niger,,,,,,,,,,,,,,,,,,,,,,,,,,,,,,,,,,,,,,,,,,,,,,,,,,,,,,,,,,,,,,,,,,,,,,,,,,,,,,,,,,,,,,,,,,,,,,,,,,,,,,,,,,,,,,,,,,,,,,,,,,,,,,,,,,,,,,,,,,,,,,,,,,,,,,,,,,,,,,,,,,,,,,,,,,,,,,,
Andrea,,121058356,121058356_25,Bossuroy et al.,Pathways out of Extreme poverty: Tackling Psychosocial and Capital Constraints with a Multi-Faceted Social Protection Program in Niger,18,24,1,0,1,1,1,1,1,1,Assets,Livestock count (TLU),Livestock count (TLU),0,Capital intervention,page: 48; table: 7; table label: Table 7: Livestock (Household); row label: Followup 2 (18 months after cash grants) Capital; column label: (1) Livestock count (TLU),0.52,0.16,3.25,,,p<.01,,,322,,,4303,,0,4303,6,0.099089511,0.099089511,0.099083751,0.000930154,0.999825612,0.000929992,0.030495774,0.039312033,0.158855469,1,"""...conducting a four-arm randomized controlled trial (RCT) of a multi-faceted programme implemented by the Government of Niger on top of a poverty-targeted cash transfer programme for women (Table 1). All study groups receive monthly cash transfers. The three treatment arms include a core set of components: savings groups, coaching and entrepreneurship training. A ‘Capital’ arm adds a lump-sum cash grant6,7 (and is similar to a graduation programme)"". p2",1,"Yes targeting women: All treatment and control group observations were households with women who were already receiving a cash transfer programme (""We use a four-arm (three treatment and one control) randomized controlled trial (RCT) conducted in a sample of women already receiving monthly poverty-targeted cash transfers from a national program"") p2",1,Niger CTP Capital,Niger Cash Transfer Programme,0,"UoA is household p16 (equation) 
UoR: village ""The study is a cluster-randomized controlled trial in which villages with existing cash transfer beneficiaries were randomly allocated to one of the four arms "" p1 but SE clustered at village level ""tandard errors are clustered at the village level, the unit of randomization. "" p16",2021,Bossuroy et al. (2021) Niger CTP Capital,Niger,,,,,,,,,,,,,,,,,,,,,,,,,,,,,,,,,,,,,,,,,,,,,,,,,,,,,,,,,,,,,,,,,,,,,,,,,,,,,,,,,,,,,,,,,,,,,,,,,,,,,,,,,,,,,,,,,,,,,,,,,,,,,,,,,,,,,,,,,,,,,,,,,,,,,,,,,,,,,,,,,,,,,,,,,,,,,,,
Andrea,,121058356,121058356_26,Bossuroy et al.,Pathways out of Extreme poverty: Tackling Psychosocial and Capital Constraints with a Multi-Faceted Social Protection Program in Niger,18,24,1,0,1,1,1,1,1,1,Assets,Livestock count (TLU),Livestock count (TLU),0,Full intervention (psychosocial + capital interventions),page: 48; table: 7; table label: Table 7: Livestock (Household); row label: Followup 2 (18 months after cash grants) Full; column label: (1) Livestock count (TLU),0.8,0.14,5.714285714,,,p<.01,,,322,,,4303,,0,4303,6,0.174223315,0.174223315,0.174213188,0.000931348,0.999825612,0.000931185,0.030515326,0.114403149,0.234023227,1,"""...conducting a four-arm randomized controlled trial (RCT) of a multi-faceted programme implemented by the Government of Niger on top of a poverty-targeted cash transfer programme for women (Table 1). All study groups receive monthly cash transfers. The three treatment arms include a core set of components: savings groups, coaching and entrepreneurship training. A ‘Capital’ arm adds a lump-sum cash grant6,7 (and is similar to a graduation programme)"". p2",1,"Yes targeting women: All treatment and control group observations were households with women who were already receiving a cash transfer programme (""We use a four-arm (three treatment and one control) randomized controlled trial (RCT) conducted in a sample of women already receiving monthly poverty-targeted cash transfers from a national program"") p2",1,Niger CTP Full,Niger Cash Transfer Programme,0,"UoA is household p16 (equation) 
UoR: village ""The study is a cluster-randomized controlled trial in which villages with existing cash transfer beneficiaries were randomly allocated to one of the four arms "" p1 but SE clustered at village level ""tandard errors are clustered at the village level, the unit of randomization. "" p16",2021,Bossuroy et al. (2021) Niger CTP Full,Niger,,,,,,,,,,,,,,,,,,,,,,,,,,,,,,,,,,,,,,,,,,,,,,,,,,,,,,,,,,,,,,,,,,,,,,,,,,,,,,,,,,,,,,,,,,,,,,,,,,,,,,,,,,,,,,,,,,,,,,,,,,,,,,,,,,,,,,,,,,,,,,,,,,,,,,,,,,,,,,,,,,,,,,,,,,,,,,,
Andrea,,121058356,121058356_27,Bossuroy et al.,Pathways out of Extreme poverty: Tackling Psychosocial and Capital Constraints with a Multi-Faceted Social Protection Program in Niger,18,24,1,0,1,1,1,1,1,1,Assets,Livestock asset value (USD),Livestock asset value (USD),0,Capital intervention,page: 48; table: 7; table label: Table 7: Livestock (Household); row label: Followup 2 (18 months after cash grants) Capital; column label: (2) Livestock asset value (USD),259.62,80.47,3.226295514,,,p<.01,,,322,,,4263,,0,4263,6,0.098827196,0.098827196,0.098821397,0.000938879,0.999823975,0.000938714,0.030638438,0.03877006,0.158872735,1,"""...conducting a four-arm randomized controlled trial (RCT) of a multi-faceted programme implemented by the Government of Niger on top of a poverty-targeted cash transfer programme for women (Table 1). All study groups receive monthly cash transfers. The three treatment arms include a core set of components: savings groups, coaching and entrepreneurship training. A ‘Capital’ arm adds a lump-sum cash grant6,7 (and is similar to a graduation programme)"". p2",1,"Yes targeting women: All treatment and control group observations were households with women who were already receiving a cash transfer programme (""We use a four-arm (three treatment and one control) randomized controlled trial (RCT) conducted in a sample of women already receiving monthly poverty-targeted cash transfers from a national program"") p2",1,Niger CTP Capital,Niger Cash Transfer Programme,0,"UoA is household p16 (equation) 
UoR: village ""The study is a cluster-randomized controlled trial in which villages with existing cash transfer beneficiaries were randomly allocated to one of the four arms "" p1 but SE clustered at village level ""tandard errors are clustered at the village level, the unit of randomization. "" p16",2021,Bossuroy et al. (2021) Niger CTP Capital,Niger,,,,,,,,,,,,,,,,,,,,,,,,,,,,,,,,,,,,,,,,,,,,,,,,,,,,,,,,,,,,,,,,,,,,,,,,,,,,,,,,,,,,,,,,,,,,,,,,,,,,,,,,,,,,,,,,,,,,,,,,,,,,,,,,,,,,,,,,,,,,,,,,,,,,,,,,,,,,,,,,,,,,,,,,,,,,,,,
Andrea,,121058356,121058356_28,Bossuroy et al.,Pathways out of Extreme poverty: Tackling Psychosocial and Capital Constraints with a Multi-Faceted Social Protection Program in Niger,18,24,1,0,1,1,1,1,1,1,Assets,Livestock asset value (USD),Livestock asset value (USD),0,Full intervention (psychosocial + capital interventions),page: 48; table: 7; table label: Table 7: Livestock (Household); row label: Followup 2 (18 months after cash grants) Full; column label: (2) Livestock asset value (USD),329.12,71.06,4.631578947,,,p<.01,,,322,,,4263,,0,4263,6,0.141873538,0.141873538,0.141865214,0.000939487,0.999823975,0.000939321,0.03064835,0.081794447,0.201935981,1,"""...conducting a four-arm randomized controlled trial (RCT) of a multi-faceted programme implemented by the Government of Niger on top of a poverty-targeted cash transfer programme for women (Table 1). All study groups receive monthly cash transfers. The three treatment arms include a core set of components: savings groups, coaching and entrepreneurship training. A ‘Capital’ arm adds a lump-sum cash grant6,7 (and is similar to a graduation programme)"". p2",1,"Yes targeting women: All treatment and control group observations were households with women who were already receiving a cash transfer programme (""We use a four-arm (three treatment and one control) randomized controlled trial (RCT) conducted in a sample of women already receiving monthly poverty-targeted cash transfers from a national program"") p2",1,Niger CTP Full,Niger Cash Transfer Programme,0,"UoA is household p16 (equation) 
UoR: village ""The study is a cluster-randomized controlled trial in which villages with existing cash transfer beneficiaries were randomly allocated to one of the four arms "" p1 but SE clustered at village level ""tandard errors are clustered at the village level, the unit of randomization. "" p16",2021,Bossuroy et al. (2021) Niger CTP Full,Niger,,,,,,,,,,,,,,,,,,,,,,,,,,,,,,,,,,,,,,,,,,,,,,,,,,,,,,,,,,,,,,,,,,,,,,,,,,,,,,,,,,,,,,,,,,,,,,,,,,,,,,,,,,,,,,,,,,,,,,,,,,,,,,,,,,,,,,,,,,,,,,,,,,,,,,,,,,,,,,,,,,,,,,,,,,,,,,,
Andrea,,121058356,121058356_29,Bossuroy et al.,Pathways out of Extreme poverty: Tackling Psychosocial and Capital Constraints with a Multi-Faceted Social Protection Program in Niger,6,24,1,0,1,1,1,1,1,1,Assets,Agricultural asset value (USD),Agricultural asset value (USD),0,Capital intervention,page: 49; table: 8; table label: Table 8: Assets (Household); row label: Followup 1 (6 months after cash grants) Capital; column label: (1) Agricultural asset value (USD),0.88,10.96,0.080291971,,,p>.1,,,322,,,4476,,0,4476,6,0.002400253,0.002400253,0.002400119,0.000893655,0.999832355,0.000893506,0.029891563,-0.056187345,0.060987583,1,"""...conducting a four-arm randomized controlled trial (RCT) of a multi-faceted programme implemented by the Government of Niger on top of a poverty-targeted cash transfer programme for women (Table 1). All study groups receive monthly cash transfers. The three treatment arms include a core set of components: savings groups, coaching and entrepreneurship training. A ‘Capital’ arm adds a lump-sum cash grant6,7 (and is similar to a graduation programme)"". p2",1,"Yes targeting women: All treatment and control group observations were households with women who were already receiving a cash transfer programme (""We use a four-arm (three treatment and one control) randomized controlled trial (RCT) conducted in a sample of women already receiving monthly poverty-targeted cash transfers from a national program"") p2",1,Niger CTP Capital,Niger Cash Transfer Programme,0,"UoA is household p16 (equation) 
UoR: village ""The study is a cluster-randomized controlled trial in which villages with existing cash transfer beneficiaries were randomly allocated to one of the four arms "" p1 but SE clustered at village level ""tandard errors are clustered at the village level, the unit of randomization. "" p16",2021,Bossuroy et al. (2021) Niger CTP Capital,Niger,,,,,,,,,,,,,,,,,,,,,,,,,,,,,,,,,,,,,,,,,,,,,,,,,,,,,,,,,,,,,,,,,,,,,,,,,,,,,,,,,,,,,,,,,,,,,,,,,,,,,,,,,,,,,,,,,,,,,,,,,,,,,,,,,,,,,,,,,,,,,,,,,,,,,,,,,,,,,,,,,,,,,,,,,,,,,,,
Andrea,,121058356,121058356_3,Bossuroy et al.,Pathways out of Extreme poverty: Tackling Psychosocial and Capital Constraints with a Multi-Faceted Social Protection Program in Niger,18,24,1,0,1,1,1,1,1,1,Expenditure,"Gross consumption (daily, USD/adult eq.)","Gross consumption (daily, USD/adult eq.)",0,Capital intervention,"page: 42; table: 1; table label: Table 1: Primary Outcomes; row label: Followup 2 (18 months after cash grants) Capital; column label: (1) Gross consumption (daily, USD/adult eq.)",0.12,0.04,3,,,p<.01,,,322,,,4238,,0,4238,6,0.092166007,0.092166007,0.092160568,0.000944343,0.999822936,0.000944175,0.030727436,0.031934793,0.152386342,1,"""...conducting a four-arm randomized controlled trial (RCT) of a multi-faceted programme implemented by the Government of Niger on top of a poverty-targeted cash transfer programme for women (Table 1). All study groups receive monthly cash transfers. The three treatment arms include a core set of components: savings groups, coaching and entrepreneurship training. A ‘Capital’ arm adds a lump-sum cash grant6,7 (and is similar to a graduation programme)"". p2",1,"Yes targeting women: All treatment and control group observations were households with women who were already receiving a cash transfer programme (""We use a four-arm (three treatment and one control) randomized controlled trial (RCT) conducted in a sample of women already receiving monthly poverty-targeted cash transfers from a national program"") p2",1,Niger CTP Capital,Niger Cash Transfer Programme,0,"UoA is household p16 (equation) 
UoR: village ""The study is a cluster-randomized controlled trial in which villages with existing cash transfer beneficiaries were randomly allocated to one of the four arms "" p1 but SE clustered at village level ""tandard errors are clustered at the village level, the unit of randomization. "" p16",2021,Bossuroy et al. (2021) Niger CTP Capital,Niger,,,,,,,,,Not food expenditure outcome,,,,,,,,,,,,,,,,,,,,,,,,,,,,,,,,,,,,,,,,,,,,,,,,,,,,,,,,,,,,,,,,,,,,,,,,,,,,,,,,,,,,,,,,,,,,,,,,,,,,,,,,,,,,,,,,,,,,,,,,,,,,,,,,,,,,,,,,,,,,,,,,,,,,,,,,,,,,,,,,,,,,,,
Andrea,,121058356,121058356_30,Bossuroy et al.,Pathways out of Extreme poverty: Tackling Psychosocial and Capital Constraints with a Multi-Faceted Social Protection Program in Niger,6,24,1,0,1,1,1,1,1,1,Assets,Agricultural asset value (USD),Agricultural asset value (USD),0,Full intervention (psychosocial + capital interventions),page: 49; table: 8; table label: Table 8: Assets (Household); row label: Followup 1 (6 months after cash grants) Full; column label: (1) Agricultural asset value (USD),0.38,10.27,0.037000974,,,p>.1,,,322,,,4476,,0,4476,6,0.001106109,0.001106109,0.001106048,0.000893655,0.999832355,0.000893505,0.029891559,-0.057481408,0.059693503,1,"""...conducting a four-arm randomized controlled trial (RCT) of a multi-faceted programme implemented by the Government of Niger on top of a poverty-targeted cash transfer programme for women (Table 1). All study groups receive monthly cash transfers. The three treatment arms include a core set of components: savings groups, coaching and entrepreneurship training. A ‘Capital’ arm adds a lump-sum cash grant6,7 (and is similar to a graduation programme)"". p2",1,"Yes targeting women: All treatment and control group observations were households with women who were already receiving a cash transfer programme (""We use a four-arm (three treatment and one control) randomized controlled trial (RCT) conducted in a sample of women already receiving monthly poverty-targeted cash transfers from a national program"") p2",1,Niger CTP Full,Niger Cash Transfer Programme,0,"UoA is household p16 (equation) 
UoR: village ""The study is a cluster-randomized controlled trial in which villages with existing cash transfer beneficiaries were randomly allocated to one of the four arms "" p1 but SE clustered at village level ""tandard errors are clustered at the village level, the unit of randomization. "" p16",2021,Bossuroy et al. (2021) Niger CTP Full,Niger,,,,,,,,,,,,,,,,,,,,,,,,,,,,,,,,,,,,,,,,,,,,,,,,,,,,,,,,,,,,,,,,,,,,,,,,,,,,,,,,,,,,,,,,,,,,,,,,,,,,,,,,,,,,,,,,,,,,,,,,,,,,,,,,,,,,,,,,,,,,,,,,,,,,,,,,,,,,,,,,,,,,,,,,,,,,,,,
Andrea,,121058356,121058356_31,Bossuroy et al.,Pathways out of Extreme poverty: Tackling Psychosocial and Capital Constraints with a Multi-Faceted Social Protection Program in Niger,6,24,1,0,1,1,1,1,1,1,Assets,Business asset value (USD),Business asset value (USD),0,Capital intervention,page: 49; table: 8; table label: Table 8: Assets (Household); row label: Followup 1 (6 months after cash grants) Capital; column label: (2) Business asset value (USD),5.43,4.18,1.299043062,,,p>.1,,,322,,,4476,,0,4476,6,0.038833676,0.038833676,0.038831506,0.000893739,0.999832355,0.000893589,0.029892967,-0.019758708,0.09742172,1,"""...conducting a four-arm randomized controlled trial (RCT) of a multi-faceted programme implemented by the Government of Niger on top of a poverty-targeted cash transfer programme for women (Table 1). All study groups receive monthly cash transfers. The three treatment arms include a core set of components: savings groups, coaching and entrepreneurship training. A ‘Capital’ arm adds a lump-sum cash grant6,7 (and is similar to a graduation programme)"". p2",1,"Yes targeting women: All treatment and control group observations were households with women who were already receiving a cash transfer programme (""We use a four-arm (three treatment and one control) randomized controlled trial (RCT) conducted in a sample of women already receiving monthly poverty-targeted cash transfers from a national program"") p2",1,Niger CTP Capital,Niger Cash Transfer Programme,0,"UoA is household p16 (equation) 
UoR: village ""The study is a cluster-randomized controlled trial in which villages with existing cash transfer beneficiaries were randomly allocated to one of the four arms "" p1 but SE clustered at village level ""tandard errors are clustered at the village level, the unit of randomization. "" p16",2021,Bossuroy et al. (2021) Niger CTP Capital,Niger,,,,,,,,,,,,,,,,,,,,,,,,,,,,,,,,,,,,,,,,,,,,,,,,,,,,,,,,,,,,,,,,,,,,,,,,,,,,,,,,,,,,,,,,,,,,,,,,,,,,,,,,,,,,,,,,,,,,,,,,,,,,,,,,,,,,,,,,,,,,,,,,,,,,,,,,,,,,,,,,,,,,,,,,,,,,,,,
Andrea,,121058356,121058356_32,Bossuroy et al.,Pathways out of Extreme poverty: Tackling Psychosocial and Capital Constraints with a Multi-Faceted Social Protection Program in Niger,6,24,1,0,1,1,1,1,1,1,Assets,Business asset value (USD),Business asset value (USD),0,Full intervention (psychosocial + capital interventions),page: 49; table: 8; table label: Table 8: Assets (Household); row label: Followup 1 (6 months after cash grants) Full; column label: (2) Business asset value (USD),14.44,3.9,3.702564103,,,p<.01,,,322,,,4476,,0,4476,6,0.110684687,0.110684687,0.110678502,0.000894339,0.999832355,0.000894189,0.029903,0.052068623,0.169288381,1,"""...conducting a four-arm randomized controlled trial (RCT) of a multi-faceted programme implemented by the Government of Niger on top of a poverty-targeted cash transfer programme for women (Table 1). All study groups receive monthly cash transfers. The three treatment arms include a core set of components: savings groups, coaching and entrepreneurship training. A ‘Capital’ arm adds a lump-sum cash grant6,7 (and is similar to a graduation programme)"". p2",1,"Yes targeting women: All treatment and control group observations were households with women who were already receiving a cash transfer programme (""We use a four-arm (three treatment and one control) randomized controlled trial (RCT) conducted in a sample of women already receiving monthly poverty-targeted cash transfers from a national program"") p2",1,Niger CTP Full,Niger Cash Transfer Programme,0,"UoA is household p16 (equation) 
UoR: village ""The study is a cluster-randomized controlled trial in which villages with existing cash transfer beneficiaries were randomly allocated to one of the four arms "" p1 but SE clustered at village level ""tandard errors are clustered at the village level, the unit of randomization. "" p16",2021,Bossuroy et al. (2021) Niger CTP Full,Niger,,,,,,,,,,,,,,,,,,,,,,,,,,,,,,,,,,,,,,,,,,,,,,,,,,,,,,,,,,,,,,,,,,,,,,,,,,,,,,,,,,,,,,,,,,,,,,,,,,,,,,,,,,,,,,,,,,,,,,,,,,,,,,,,,,,,,,,,,,,,,,,,,,,,,,,,,,,,,,,,,,,,,,,,,,,,,,,
Andrea,,121058356,121058356_33,Bossuroy et al.,Pathways out of Extreme poverty: Tackling Psychosocial and Capital Constraints with a Multi-Faceted Social Protection Program in Niger,6,24,1,0,1,1,1,1,1,1,Assets,Household asset index,Household asset index,0,Capital intervention,page: 49; table: 8; table label: Table 8: Assets (Household); row label: Followup 1 (6 months after cash grants) Capital; column label: (3) Household asset index,0.06,0.06,1,,,p>.1,,,322,,,4476,,0,4476,6,0.029894064,0.029894064,0.029892393,0.000893705,0.999832355,0.000893555,0.029892393,-0.028696696,0.088481483,1,"""...conducting a four-arm randomized controlled trial (RCT) of a multi-faceted programme implemented by the Government of Niger on top of a poverty-targeted cash transfer programme for women (Table 1). All study groups receive monthly cash transfers. The three treatment arms include a core set of components: savings groups, coaching and entrepreneurship training. A ‘Capital’ arm adds a lump-sum cash grant6,7 (and is similar to a graduation programme)"". p2",1,"Yes targeting women: All treatment and control group observations were households with women who were already receiving a cash transfer programme (""We use a four-arm (three treatment and one control) randomized controlled trial (RCT) conducted in a sample of women already receiving monthly poverty-targeted cash transfers from a national program"") p2",1,Niger CTP Capital,Niger Cash Transfer Programme,0,"UoA is household p16 (equation) 
UoR: village ""The study is a cluster-randomized controlled trial in which villages with existing cash transfer beneficiaries were randomly allocated to one of the four arms "" p1 but SE clustered at village level ""tandard errors are clustered at the village level, the unit of randomization. "" p16",2021,Bossuroy et al. (2021) Niger CTP Capital,Niger,,,,,,,,,,,,,,,,,,,,,,,,,,,,,,,,,,,,,,,,,,,,,,,,,,,,,,,,,,,,,,,,,,,,,,,,,,,,,,,,,,,,,,,,,,,,,,,,,,,,,,,,,,,,,,,,,,,,,,,,,,,,,,,,,,,,,,,,,,,,,,,,,,,,,,,,,,,,,,,,,,,,,,,,,,,,,,,
Andrea,,121058356,121058356_34,Bossuroy et al.,Pathways out of Extreme poverty: Tackling Psychosocial and Capital Constraints with a Multi-Faceted Social Protection Program in Niger,18,24,1,0,1,1,1,1,1,1,Assets,Household asset index,Household asset index,0,Full intervention (psychosocial + capital interventions),page: 49; table: 8; table label: Table 8: Assets (Household); row label: Followup 2 (18 months after cash grants) Full; column label: (3) Household asset index,0.18,0.06,3,,,p<.01,,,322,,,4476,,0,4476,6,0.089682191,0.089682191,0.08967718,0.000894104,0.999832355,0.000893954,0.02989907,0.031075003,0.148279357,1,"""...conducting a four-arm randomized controlled trial (RCT) of a multi-faceted programme implemented by the Government of Niger on top of a poverty-targeted cash transfer programme for women (Table 1). All study groups receive monthly cash transfers. The three treatment arms include a core set of components: savings groups, coaching and entrepreneurship training. A ‘Capital’ arm adds a lump-sum cash grant6,7 (and is similar to a graduation programme)"". p2",1,"Yes targeting women: All treatment and control group observations were households with women who were already receiving a cash transfer programme (""We use a four-arm (three treatment and one control) randomized controlled trial (RCT) conducted in a sample of women already receiving monthly poverty-targeted cash transfers from a national program"") p2",1,Niger CTP Full,Niger Cash Transfer Programme,0,"UoA is household p16 (equation) 
UoR: village ""The study is a cluster-randomized controlled trial in which villages with existing cash transfer beneficiaries were randomly allocated to one of the four arms "" p1 but SE clustered at village level ""tandard errors are clustered at the village level, the unit of randomization. "" p16",2021,Bossuroy et al. (2021) Niger CTP Full,Niger,,,,,,,,,,,,,,,,,,,,,,,,,,,,,,,,,,,,,,,,,,,,,,,,,,,,,,,,,,,,,,,,,,,,,,,,,,,,,,,,,,,,,,,,,,,,,,,,,,,,,,,,,,,,,,,,,,,,,,,,,,,,,,,,,,,,,,,,,,,,,,,,,,,,,,,,,,,,,,,,,,,,,,,,,,,,,,,
Andrea,,121058356,121058356_35,Bossuroy et al.,Pathways out of Extreme poverty: Tackling Psychosocial and Capital Constraints with a Multi-Faceted Social Protection Program in Niger,18,24,1,0,1,1,1,1,1,1,Assets,Agricultural asset value (USD),Agricultural asset value (USD),0,Capital intervention,page: 49; table: 8; table label: Table 8: Assets (Household); row label: Followup 2 (18 months after cash grants) Capital; column label: (1) Agricultural asset value (USD),14.9,11.1,1.342342342,,,p>.1,,,322,,,4303,,0,4303,6,0.040926783,0.040926783,0.040924404,0.000929681,0.999825612,0.000929519,0.030488017,-0.01883211,0.100680918,1,"""...conducting a four-arm randomized controlled trial (RCT) of a multi-faceted programme implemented by the Government of Niger on top of a poverty-targeted cash transfer programme for women (Table 1). All study groups receive monthly cash transfers. The three treatment arms include a core set of components: savings groups, coaching and entrepreneurship training. A ‘Capital’ arm adds a lump-sum cash grant6,7 (and is similar to a graduation programme)"". p2",1,"Yes targeting women: All treatment and control group observations were households with women who were already receiving a cash transfer programme (""We use a four-arm (three treatment and one control) randomized controlled trial (RCT) conducted in a sample of women already receiving monthly poverty-targeted cash transfers from a national program"") p2",1,Niger CTP Capital,Niger Cash Transfer Programme,0,"UoA is household p16 (equation) 
UoR: village ""The study is a cluster-randomized controlled trial in which villages with existing cash transfer beneficiaries were randomly allocated to one of the four arms "" p1 but SE clustered at village level ""tandard errors are clustered at the village level, the unit of randomization. "" p16",2021,Bossuroy et al. (2021) Niger CTP Capital,Niger,,,,,,,,,,,,,,,,,,,,,,,,,,,,,,,,,,,,,,,,,,,,,,,,,,,,,,,,,,,,,,,,,,,,,,,,,,,,,,,,,,,,,,,,,,,,,,,,,,,,,,,,,,,,,,,,,,,,,,,,,,,,,,,,,,,,,,,,,,,,,,,,,,,,,,,,,,,,,,,,,,,,,,,,,,,,,,,
Andrea,,121058356,121058356_36,Bossuroy et al.,Pathways out of Extreme poverty: Tackling Psychosocial and Capital Constraints with a Multi-Faceted Social Protection Program in Niger,18,24,1,0,1,1,1,1,1,1,Assets,Agricultural asset value (USD),Agricultural asset value (USD),0,Full intervention (psychosocial + capital interventions),page: 49; table: 8; table label: Table 8: Assets (Household); row label: Followup 2 (18 months after cash grants) Full; column label: (1) Agricultural asset value (USD),17.33,10.38,1.66955684,,,p<.1,,,322,,,4303,,0,4303,6,0.050903252,0.050903252,0.050900293,0.000929735,0.999825612,0.000929572,0.03048889,-0.008857931,0.110658518,1,"""...conducting a four-arm randomized controlled trial (RCT) of a multi-faceted programme implemented by the Government of Niger on top of a poverty-targeted cash transfer programme for women (Table 1). All study groups receive monthly cash transfers. The three treatment arms include a core set of components: savings groups, coaching and entrepreneurship training. A ‘Capital’ arm adds a lump-sum cash grant6,7 (and is similar to a graduation programme)"". p2",1,"Yes targeting women: All treatment and control group observations were households with women who were already receiving a cash transfer programme (""We use a four-arm (three treatment and one control) randomized controlled trial (RCT) conducted in a sample of women already receiving monthly poverty-targeted cash transfers from a national program"") p2",1,Niger CTP Full,Niger Cash Transfer Programme,0,"UoA is household p16 (equation) 
UoR: village ""The study is a cluster-randomized controlled trial in which villages with existing cash transfer beneficiaries were randomly allocated to one of the four arms "" p1 but SE clustered at village level ""tandard errors are clustered at the village level, the unit of randomization. "" p16",2021,Bossuroy et al. (2021) Niger CTP Full,Niger,,,,,,,,,,,,,,,,,,,,,,,,,,,,,,,,,,,,,,,,,,,,,,,,,,,,,,,,,,,,,,,,,,,,,,,,,,,,,,,,,,,,,,,,,,,,,,,,,,,,,,,,,,,,,,,,,,,,,,,,,,,,,,,,,,,,,,,,,,,,,,,,,,,,,,,,,,,,,,,,,,,,,,,,,,,,,,,
Andrea,,121058356,121058356_37,Bossuroy et al.,Pathways out of Extreme poverty: Tackling Psychosocial and Capital Constraints with a Multi-Faceted Social Protection Program in Niger,18,24,1,0,1,1,1,1,1,1,Assets,Business asset value (USD),Business asset value (USD),0,Capital intervention,page: 49; table: 8; table label: Table 8: Assets (Household); row label: Followup 2 (18 months after cash grants) Capital; column label: (2) Business asset value (USD),7.84,3.38,2.319526627,,,p<.05,,,322,,,4303,,0,4303,6,0.070720233,0.070720233,0.070716122,0.000929875,0.999825612,0.000929712,0.030491186,0.010953398,0.130478847,1,"""...conducting a four-arm randomized controlled trial (RCT) of a multi-faceted programme implemented by the Government of Niger on top of a poverty-targeted cash transfer programme for women (Table 1). All study groups receive monthly cash transfers. The three treatment arms include a core set of components: savings groups, coaching and entrepreneurship training. A ‘Capital’ arm adds a lump-sum cash grant6,7 (and is similar to a graduation programme)"". p2",1,"Yes targeting women: All treatment and control group observations were households with women who were already receiving a cash transfer programme (""We use a four-arm (three treatment and one control) randomized controlled trial (RCT) conducted in a sample of women already receiving monthly poverty-targeted cash transfers from a national program"") p2",1,Niger CTP Capital,Niger Cash Transfer Programme,0,"UoA is household p16 (equation) 
UoR: village ""The study is a cluster-randomized controlled trial in which villages with existing cash transfer beneficiaries were randomly allocated to one of the four arms "" p1 but SE clustered at village level ""tandard errors are clustered at the village level, the unit of randomization. "" p16",2021,Bossuroy et al. (2021) Niger CTP Capital,Niger,,,,,,,,,,,,,,,,,,,,,,,,,,,,,,,,,,,,,,,,,,,,,,,,,,,,,,,,,,,,,,,,,,,,,,,,,,,,,,,,,,,,,,,,,,,,,,,,,,,,,,,,,,,,,,,,,,,,,,,,,,,,,,,,,,,,,,,,,,,,,,,,,,,,,,,,,,,,,,,,,,,,,,,,,,,,,,,
Andrea,,121058356,121058356_38,Bossuroy et al.,Pathways out of Extreme poverty: Tackling Psychosocial and Capital Constraints with a Multi-Faceted Social Protection Program in Niger,18,24,1,0,1,1,1,1,1,1,Assets,Business asset value (USD),Business asset value (USD),0,Full intervention (psychosocial + capital interventions),page: 49; table: 8; table label: Table 8: Assets (Household); row label: Followup 2 (18 months after cash grants) Full; column label: (2) Business asset value (USD),9.48,3.65,2.597260274,,,p<.01,,,322,,,4303,,0,4303,6,0.079188077,0.079188077,0.079183474,0.000929948,0.999825612,0.000929786,0.030492395,0.019418379,0.138948568,1,"""...conducting a four-arm randomized controlled trial (RCT) of a multi-faceted programme implemented by the Government of Niger on top of a poverty-targeted cash transfer programme for women (Table 1). All study groups receive monthly cash transfers. The three treatment arms include a core set of components: savings groups, coaching and entrepreneurship training. A ‘Capital’ arm adds a lump-sum cash grant6,7 (and is similar to a graduation programme)"". p2",1,"Yes targeting women: All treatment and control group observations were households with women who were already receiving a cash transfer programme (""We use a four-arm (three treatment and one control) randomized controlled trial (RCT) conducted in a sample of women already receiving monthly poverty-targeted cash transfers from a national program"") p2",1,Niger CTP Full,Niger Cash Transfer Programme,0,"UoA is household p16 (equation) 
UoR: village ""The study is a cluster-randomized controlled trial in which villages with existing cash transfer beneficiaries were randomly allocated to one of the four arms "" p1 but SE clustered at village level ""tandard errors are clustered at the village level, the unit of randomization. "" p16",2021,Bossuroy et al. (2021) Niger CTP Full,Niger,,,,,,,,,,,,,,,,,,,,,,,,,,,,,,,,,,,,,,,,,,,,,,,,,,,,,,,,,,,,,,,,,,,,,,,,,,,,,,,,,,,,,,,,,,,,,,,,,,,,,,,,,,,,,,,,,,,,,,,,,,,,,,,,,,,,,,,,,,,,,,,,,,,,,,,,,,,,,,,,,,,,,,,,,,,,,,,
Andrea,,121058356,121058356_39,Bossuroy et al.,Pathways out of Extreme poverty: Tackling Psychosocial and Capital Constraints with a Multi-Faceted Social Protection Program in Niger,18,24,1,0,1,1,1,1,1,1,Assets,Household asset index,Household asset index,0,Capital intervention,page: 49; table: 8; table label: Table 8: Assets (Household); row label: Followup 2 (18 months after cash grants) Capital; column label: (3) Household asset index,0.04,0.06,0.666666667,,,p>.1,,,322,,,4303,,0,4303,6,0.020326053,0.020326053,0.020324872,0.000929608,0.999825612,0.000929446,0.030486815,-0.039429286,0.08007903,1,"""...conducting a four-arm randomized controlled trial (RCT) of a multi-faceted programme implemented by the Government of Niger on top of a poverty-targeted cash transfer programme for women (Table 1). All study groups receive monthly cash transfers. The three treatment arms include a core set of components: savings groups, coaching and entrepreneurship training. A ‘Capital’ arm adds a lump-sum cash grant6,7 (and is similar to a graduation programme)"". p2",1,"Yes targeting women: All treatment and control group observations were households with women who were already receiving a cash transfer programme (""We use a four-arm (three treatment and one control) randomized controlled trial (RCT) conducted in a sample of women already receiving monthly poverty-targeted cash transfers from a national program"") p2",1,Niger CTP Capital,Niger Cash Transfer Programme,0,"UoA is household p16 (equation) 
UoR: village ""The study is a cluster-randomized controlled trial in which villages with existing cash transfer beneficiaries were randomly allocated to one of the four arms "" p1 but SE clustered at village level ""tandard errors are clustered at the village level, the unit of randomization. "" p16",2021,Bossuroy et al. (2021) Niger CTP Capital,Niger,,,,,,,,,,,,,,,,,,,,,,,,,,,,,,,,,,,,,,,,,,,,,,,,,,,,,,,,,,,,,,,,,,,,,,,,,,,,,,,,,,,,,,,,,,,,,,,,,,,,,,,,,,,,,,,,,,,,,,,,,,,,,,,,,,,,,,,,,,,,,,,,,,,,,,,,,,,,,,,,,,,,,,,,,,,,,,,
Andrea,,121058356,121058356_4,Bossuroy et al.,Pathways out of Extreme poverty: Tackling Psychosocial and Capital Constraints with a Multi-Faceted Social Protection Program in Niger,18,24,1,0,1,1,1,1,1,1,Expenditure,"Gross consumption (daily, USD/adult eq.)","Gross consumption (daily, USD/adult eq.)",0,Full intervention (psychosocial + capital interventions),"page: 42; table: 1; table label: Table 1: Primary Outcomes; row label: Followup 2 (18 months after cash grants) Full; column label: (1) Gross consumption (daily, USD/adult eq.)",0.21,0.05,4.2,,,p<.01,,,322,,,4238,,0,4238,6,0.12903241,0.12903241,0.129024795,0.000944824,0.999822936,0.000944656,0.030735261,0.068783682,0.189265907,1,"""...conducting a four-arm randomized controlled trial (RCT) of a multi-faceted programme implemented by the Government of Niger on top of a poverty-targeted cash transfer programme for women (Table 1). All study groups receive monthly cash transfers. The three treatment arms include a core set of components: savings groups, coaching and entrepreneurship training. A ‘Capital’ arm adds a lump-sum cash grant6,7 (and is similar to a graduation programme)"". p2",1,"Yes targeting women: All treatment and control group observations were households with women who were already receiving a cash transfer programme (""We use a four-arm (three treatment and one control) randomized controlled trial (RCT) conducted in a sample of women already receiving monthly poverty-targeted cash transfers from a national program"") p2",1,Niger CTP Full,Niger Cash Transfer Programme,0,"UoA is household p16 (equation) 
UoR: village ""The study is a cluster-randomized controlled trial in which villages with existing cash transfer beneficiaries were randomly allocated to one of the four arms "" p1 but SE clustered at village level ""tandard errors are clustered at the village level, the unit of randomization. "" p16",2021,Bossuroy et al. (2021) Niger CTP Full,Niger,,,,,,,,,Not food expenditure outcome,,,,,,,,,,,,,,,,,,,,,,,,,,,,,,,,,,,,,,,,,,,,,,,,,,,,,,,,,,,,,,,,,,,,,,,,,,,,,,,,,,,,,,,,,,,,,,,,,,,,,,,,,,,,,,,,,,,,,,,,,,,,,,,,,,,,,,,,,,,,,,,,,,,,,,,,,,,,,,,,,,,,,,
Andrea,,121058356,121058356_40,Bossuroy et al.,Pathways out of Extreme poverty: Tackling Psychosocial and Capital Constraints with a Multi-Faceted Social Protection Program in Niger,18,24,1,0,1,1,1,1,1,1,Assets,Household asset index,Household asset index,0,Full intervention (psychosocial + capital interventions),page: 49; table: 8; table label: Table 8: Assets (Household); row label: Followup 2 (18 months after cash grants) Full; column label: (3) Household asset index,0.15,0.06,2.5,,,p<.01,,,322,,,4303,,0,4303,6,0.0762227,0.0762227,0.07621827,0.000929922,0.999825612,0.000929759,0.030491956,0.016454036,0.135982504,1,"""...conducting a four-arm randomized controlled trial (RCT) of a multi-faceted programme implemented by the Government of Niger on top of a poverty-targeted cash transfer programme for women (Table 1). All study groups receive monthly cash transfers. The three treatment arms include a core set of components: savings groups, coaching and entrepreneurship training. A ‘Capital’ arm adds a lump-sum cash grant6,7 (and is similar to a graduation programme)"". p2",1,"Yes targeting women: All treatment and control group observations were households with women who were already receiving a cash transfer programme (""We use a four-arm (three treatment and one control) randomized controlled trial (RCT) conducted in a sample of women already receiving monthly poverty-targeted cash transfers from a national program"") p2",1,Niger CTP Full,Niger Cash Transfer Programme,0,"UoA is household p16 (equation) 
UoR: village ""The study is a cluster-randomized controlled trial in which villages with existing cash transfer beneficiaries were randomly allocated to one of the four arms "" p1 but SE clustered at village level ""tandard errors are clustered at the village level, the unit of randomization. "" p16",2021,Bossuroy et al. (2021) Niger CTP Full,Niger,,,,,,,,,,,,,,,,,,,,,,,,,,,,,,,,,,,,,,,,,,,,,,,,,,,,,,,,,,,,,,,,,,,,,,,,,,,,,,,,,,,,,,,,,,,,,,,,,,,,,,,,,,,,,,,,,,,,,,,,,,,,,,,,,,,,,,,,,,,,,,,,,,,,,,,,,,,,,,,,,,,,,,,,,,,,,,,
Andrea,,121058356,121058356_41,Bossuroy et al.,Pathways out of Extreme poverty: Tackling Psychosocial and Capital Constraints with a Multi-Faceted Social Protection Program in Niger,6,24,1,0,1,1,1,1,1,1,Savings,"Tontine/AVEC savings (3 months, USD)","Tontine/AVEC savings (3 months, USD)",0,Capital intervention,"page: 50; table: 9; table label: Table 9: Financial Engagement); row label: Followup 1 (6 months after cash grants) Capital; column label: (2) Tontine/AVEC savings (3 months, USD)",0.72,1.32,0.545454545,,,p>.1,,,322,,,4476,,0,4476,6,0.016305853,0.016305853,0.016304942,0.00089367,0.999832355,0.00089352,0.029891806,-0.042282998,0.074892882,1,"""...conducting a four-arm randomized controlled trial (RCT) of a multi-faceted programme implemented by the Government of Niger on top of a poverty-targeted cash transfer programme for women (Table 1). All study groups receive monthly cash transfers. The three treatment arms include a core set of components: savings groups, coaching and entrepreneurship training. A ‘Capital’ arm adds a lump-sum cash grant6,7 (and is similar to a graduation programme)"". p2",1,"Yes targeting women: All treatment and control group observations were households with women who were already receiving a cash transfer programme (""We use a four-arm (three treatment and one control) randomized controlled trial (RCT) conducted in a sample of women already receiving monthly poverty-targeted cash transfers from a national program"") p2",1,Niger CTP Capital,Niger Cash Transfer Programme,0,"UoA is household p16 (equation) 
UoR: village ""The study is a cluster-randomized controlled trial in which villages with existing cash transfer beneficiaries were randomly allocated to one of the four arms "" p1 but SE clustered at village level ""tandard errors are clustered at the village level, the unit of randomization. "" p16",2021,Bossuroy et al. (2021) Niger CTP Capital,Niger,,,,,,,,,,,,,,1,,,,,,,,,,,,,,,,,,,,,,,,,,,,,,,,,,,,,,,,,,,,,,,,,,,,,,,,,,,,,,,,,,,,,,,,,,,,,,,,,,,,,,,,,,,,,,,,,,,,,,,,,,,,,,,,,,,,,,,,,,,,,,,,,,,,,,,,,,,,,,,,,,,,,,,,,,,,,,,,,
Andrea,,121058356,121058356_42,Bossuroy et al.,Pathways out of Extreme poverty: Tackling Psychosocial and Capital Constraints with a Multi-Faceted Social Protection Program in Niger,6,24,1,0,1,1,1,1,1,1,Savings,"Tontine/AVEC savings (3 months, USD)","Tontine/AVEC savings (3 months, USD)",0,Full intervention (psychosocial + capital interventions),"page: 50; table: 9; table label: Table 9: Financial Engagement); row label: Followup 1 (6 months after cash grants) Full; column label: (2) Tontine/AVEC savings (3 months, USD)",1.32,1.34,0.985074627,,,p>.1,,,322,,,4476,,0,4476,6,0.029447884,0.029447884,0.029446238,0.000893703,0.999832355,0.000893554,0.029892368,-0.029142803,0.088035279,1,"""...conducting a four-arm randomized controlled trial (RCT) of a multi-faceted programme implemented by the Government of Niger on top of a poverty-targeted cash transfer programme for women (Table 1). All study groups receive monthly cash transfers. The three treatment arms include a core set of components: savings groups, coaching and entrepreneurship training. A ‘Capital’ arm adds a lump-sum cash grant6,7 (and is similar to a graduation programme)"". p2",1,"Yes targeting women: All treatment and control group observations were households with women who were already receiving a cash transfer programme (""We use a four-arm (three treatment and one control) randomized controlled trial (RCT) conducted in a sample of women already receiving monthly poverty-targeted cash transfers from a national program"") p2",1,Niger CTP Full,Niger Cash Transfer Programme,0,"UoA is household p16 (equation) 
UoR: village ""The study is a cluster-randomized controlled trial in which villages with existing cash transfer beneficiaries were randomly allocated to one of the four arms "" p1 but SE clustered at village level ""tandard errors are clustered at the village level, the unit of randomization. "" p16",2021,Bossuroy et al. (2021) Niger CTP Full,Niger,,,,,,,,,,,,,,1,,,,,,,,,,,,,,,,,,,,,,,,,,,,,,,,,,,,,,,,,,,,,,,,,,,,,,,,,,,,,,,,,,,,,,,,,,,,,,,,,,,,,,,,,,,,,,,,,,,,,,,,,,,,,,,,,,,,,,,,,,,,,,,,,,,,,,,,,,,,,,,,,,,,,,,,,,,,,,,,,
Andrea,,121058356,121058356_43,Bossuroy et al.,Pathways out of Extreme poverty: Tackling Psychosocial and Capital Constraints with a Multi-Faceted Social Protection Program in Niger,18,24,1,0,1,1,1,1,1,1,Savings,"Tontine/AVEC savings (3 months, USD)","Tontine/AVEC savings (3 months, USD)",0,Capital intervention,"page: 50; table: 9; table label: Table 9: Financial Engagement); row label: Followup 2 (18 months after cash grants) Capital; column label: (2) Tontine/AVEC savings (3 months, USD)",15.63,2.98,5.244966443,,,p<.01,,,322,,,4303,,0,4303,6,0.159914203,0.159914203,0.159904907,0.00093107,0.999825612,0.000930907,0.030510775,0.100103788,0.219706026,1,"""...conducting a four-arm randomized controlled trial (RCT) of a multi-faceted programme implemented by the Government of Niger on top of a poverty-targeted cash transfer programme for women (Table 1). All study groups receive monthly cash transfers. The three treatment arms include a core set of components: savings groups, coaching and entrepreneurship training. A ‘Capital’ arm adds a lump-sum cash grant6,7 (and is similar to a graduation programme)"". p2",1,"Yes targeting women: All treatment and control group observations were households with women who were already receiving a cash transfer programme (""We use a four-arm (three treatment and one control) randomized controlled trial (RCT) conducted in a sample of women already receiving monthly poverty-targeted cash transfers from a national program"") p2",1,Niger CTP Capital,Niger Cash Transfer Programme,0,"UoA is household p16 (equation) 
UoR: village ""The study is a cluster-randomized controlled trial in which villages with existing cash transfer beneficiaries were randomly allocated to one of the four arms "" p1 but SE clustered at village level ""tandard errors are clustered at the village level, the unit of randomization. "" p16",2021,Bossuroy et al. (2021) Niger CTP Capital,Niger,,,,,,,,,,,,,,1,,,,,,,,,,,,,,,,,,,,,,,,,,,,,,,,,,,,,,,,,,,,,,,,,,,,,,,,,,,,,,,,,,,,,,,,,,,,,,,,,,,,,,,,,,,,,,,,,,,,,,,,,,,,,,,,,,,,,,,,,,,,,,,,,,,,,,,,,,,,,,,,,,,,,,,,,,,,,,,,,
Andrea,,121058356,121058356_44,Bossuroy et al.,Pathways out of Extreme poverty: Tackling Psychosocial and Capital Constraints with a Multi-Faceted Social Protection Program in Niger,18,24,1,0,1,1,1,1,1,1,Savings,"Tontine/AVEC savings (3 months, USD)","Tontine/AVEC savings (3 months, USD)",0,Full intervention (psychosocial + capital interventions),"page: 50; table: 9; table label: Table 9: Financial Engagement); row label: Followup 2 (18 months after cash grants) Full; column label: (2) Tontine/AVEC savings (3 months, USD)",19.97,3.47,5.755043228,,,p<.01,,,322,,,4303,,0,4303,6,0.175465974,0.175465974,0.175455775,0.000931373,0.999825612,0.00093121,0.03051574,0.115644925,0.235266624,1,"""...conducting a four-arm randomized controlled trial (RCT) of a multi-faceted programme implemented by the Government of Niger on top of a poverty-targeted cash transfer programme for women (Table 1). All study groups receive monthly cash transfers. The three treatment arms include a core set of components: savings groups, coaching and entrepreneurship training. A ‘Capital’ arm adds a lump-sum cash grant6,7 (and is similar to a graduation programme)"". p2",1,"Yes targeting women: All treatment and control group observations were households with women who were already receiving a cash transfer programme (""We use a four-arm (three treatment and one control) randomized controlled trial (RCT) conducted in a sample of women already receiving monthly poverty-targeted cash transfers from a national program"") p2",1,Niger CTP Full,Niger Cash Transfer Programme,0,"UoA is household p16 (equation) 
UoR: village ""The study is a cluster-randomized controlled trial in which villages with existing cash transfer beneficiaries were randomly allocated to one of the four arms "" p1 but SE clustered at village level ""tandard errors are clustered at the village level, the unit of randomization. "" p16",2021,Bossuroy et al. (2021) Niger CTP Full,Niger,,,,,,,,,,,,,1,1,Selected as longest follow up and most comprehensive intervention,,,,,,,,,,,,,,,,,,,,,,,,,,,,,,,,,,,,,,,,,,,,,,,,,,,,,,,,,,,,,,,,,,,,,,,,,,,,,,,,,,,,,,,,,,,,,,,,,,,,,,,,,,,,,,,,,,,,,,,,,,,,,,,,,,,,,,,,,,,,,,,,,,,,,,,,,,,,,,,,
Andrea,,121058356,121058356_5,Bossuroy et al.,Pathways out of Extreme poverty: Tackling Psychosocial and Capital Constraints with a Multi-Faceted Social Protection Program in Niger,6,24,1,0,1,1,1,1,1,1,Income,"Business revenue (monthly, USD)","Business revenue (monthly, USD)",0,Capital intervention,"page: 43; table: 2; table label: Table 2: Beneficiary Revenues; row label: Followup 1 (6 months after cash grants) Capital; column label: (1) Business revenue (monthly, USD)",28.63,4.64,6.170258621,,,p<.01,,,322,,,4476,,0,4476,6,0.184454105,0.184454105,0.184443797,0.000895555,0.999832355,0.000895405,0.029923323,0.125794085,0.243093509,1,"""...conducting a four-arm randomized controlled trial (RCT) of a multi-faceted programme implemented by the Government of Niger on top of a poverty-targeted cash transfer programme for women (Table 1). All study groups receive monthly cash transfers. The three treatment arms include a core set of components: savings groups, coaching and entrepreneurship training. A ‘Capital’ arm adds a lump-sum cash grant6,7 (and is similar to a graduation programme)"". p2",1,"Yes targeting women: All treatment and control group observations were households with women who were already receiving a cash transfer programme (""We use a four-arm (three treatment and one control) randomized controlled trial (RCT) conducted in a sample of women already receiving monthly poverty-targeted cash transfers from a national program"") p2",1,Niger CTP Capital,Niger Cash Transfer Programme,0,"UoA is household p16 (equation) 
UoR: village ""The study is a cluster-randomized controlled trial in which villages with existing cash transfer beneficiaries were randomly allocated to one of the four arms "" p1 but SE clustered at village level ""tandard errors are clustered at the village level, the unit of randomization. "" p16",2021,Bossuroy et al. (2021) Niger CTP Capital,Niger,,,,,,,,,,,,,,,,,,,,,,,,,,,,,,,,,,,,,,,,,,,,,,,,,,,,,,,,,,,,,,,,,,,,,,,,,,,,,,,,,,,,,,,,,,,,,,,,,,,,,,,,,,,,,,,,,,,,,,,,,,,,,,,,,,,,,,,,,,,,,,,,,,,,,,,,,,,,,,,,,,,,,,,,,,,,,,,
Andrea,,121058356,121058356_6,Bossuroy et al.,Pathways out of Extreme poverty: Tackling Psychosocial and Capital Constraints with a Multi-Faceted Social Protection Program in Niger,6,24,1,0,1,1,1,1,1,1,Income,"Business revenue (monthly, USD)","Business revenue (monthly, USD)",0,Full intervention (psychosocial + capital interventions),"page: 43; table: 2; table label: Table 2: Beneficiary Revenues; row label: Followup 1 (6 months after cash grants) Full; column label: (1) Business revenue (monthly, USD)",35.79,5.04,7.101190476,,,p<.01,,,322,,,4476,,0,4476,6,0.212283441,0.212283441,0.212271578,0.000896172,0.999832355,0.000896022,0.029933623,0.153601677,0.27094148,1,"""...conducting a four-arm randomized controlled trial (RCT) of a multi-faceted programme implemented by the Government of Niger on top of a poverty-targeted cash transfer programme for women (Table 1). All study groups receive monthly cash transfers. The three treatment arms include a core set of components: savings groups, coaching and entrepreneurship training. A ‘Capital’ arm adds a lump-sum cash grant6,7 (and is similar to a graduation programme)"". p2",1,"Yes targeting women: All treatment and control group observations were households with women who were already receiving a cash transfer programme (""We use a four-arm (three treatment and one control) randomized controlled trial (RCT) conducted in a sample of women already receiving monthly poverty-targeted cash transfers from a national program"") p2",1,Niger CTP Full,Niger Cash Transfer Programme,0,"UoA is household p16 (equation) 
UoR: village ""The study is a cluster-randomized controlled trial in which villages with existing cash transfer beneficiaries were randomly allocated to one of the four arms "" p1 but SE clustered at village level ""tandard errors are clustered at the village level, the unit of randomization. "" p16",2021,Bossuroy et al. (2021) Niger CTP Full,Niger,,,,,,,,,,,,,,,,,,,,,,,,,,,,,,,,,,,,,,,,,,,,,,,,,,,,,,,,,,,,,,,,,,,,,,,,,,,,,,,,,,,,,,,,,,,,,,,,,,,,,,,,,,,,,,,,,,,,,,,,,,,,,,,,,,,,,,,,,,,,,,,,,,,,,,,,,,,,,,,,,,,,,,,,,,,,,,,
Andrea,,121058356,121058356_7,Bossuroy et al.,Pathways out of Extreme poverty: Tackling Psychosocial and Capital Constraints with a Multi-Faceted Social Protection Program in Niger,6,24,1,0,1,1,1,1,1,1,Income,"Harvest value (yearly, USD)","Harvest value (yearly, USD)",0,Capital intervention,"page: 43; table: 2; table label: Table 2: Beneficiary Revenues; row label: Followup 1 (6 months after cash grants) Capital; column label: (2) Harvest value (yearly, USD)",-18.01,16.11,-1.117939168,,,p>.1,,,322,,,4476,,0,4476,6,-0.033419745,-0.033419745,-0.033417877,0.000893717,0.999832355,0.000893568,0.029892601,-0.092007376,0.025171621,1,"""...conducting a four-arm randomized controlled trial (RCT) of a multi-faceted programme implemented by the Government of Niger on top of a poverty-targeted cash transfer programme for women (Table 1). All study groups receive monthly cash transfers. The three treatment arms include a core set of components: savings groups, coaching and entrepreneurship training. A ‘Capital’ arm adds a lump-sum cash grant6,7 (and is similar to a graduation programme)"". p2",1,"Yes targeting women: All treatment and control group observations were households with women who were already receiving a cash transfer programme (""We use a four-arm (three treatment and one control) randomized controlled trial (RCT) conducted in a sample of women already receiving monthly poverty-targeted cash transfers from a national program"") p2",1,Niger CTP Capital,Niger Cash Transfer Programme,0,"UoA is household p16 (equation) 
UoR: village ""The study is a cluster-randomized controlled trial in which villages with existing cash transfer beneficiaries were randomly allocated to one of the four arms "" p1 but SE clustered at village level ""tandard errors are clustered at the village level, the unit of randomization. "" p16",2021,Bossuroy et al. (2021) Niger CTP Capital,Niger,,,,,,,,,,,,,,,,,,,,,,,,,,,,,,,,,,,,,,,,,,,,,,,,,,,,,,,,,,,,,,,,,,,,,,,,,,,,,,,,,,,,,,,,,,,,,,,,,,,,,,,,,,,,,,,,,,,,,,,,,,,,,,,,,,,,,,,,,,,,,,,,,,,,,,,,,,,,,,,,,,,,,,,,,,,,,,,
Andrea,,121058356,121058356_8,Bossuroy et al.,Pathways out of Extreme poverty: Tackling Psychosocial and Capital Constraints with a Multi-Faceted Social Protection Program in Niger,6,24,1,0,1,1,1,1,1,1,Income,"Harvest value (yearly, USD)","Harvest value (yearly, USD)",0,Full intervention (psychosocial + capital interventions),"page: 43; table: 2; table label: Table 2: Beneficiary Revenues; row label: Followup 1 (6 months after cash grants) Full; column label: (2) Harvest value (yearly, USD)",-13.52,15.21,-0.888888889,,,p>.1,,,322,,,4476,,0,4476,6,-0.026572501,-0.026572501,-0.026571016,0.000893694,0.999832355,0.000893545,0.029892217,-0.085159762,0.03201773,1,"""...conducting a four-arm randomized controlled trial (RCT) of a multi-faceted programme implemented by the Government of Niger on top of a poverty-targeted cash transfer programme for women (Table 1). All study groups receive monthly cash transfers. The three treatment arms include a core set of components: savings groups, coaching and entrepreneurship training. A ‘Capital’ arm adds a lump-sum cash grant6,7 (and is similar to a graduation programme)"". p2",1,"Yes targeting women: All treatment and control group observations were households with women who were already receiving a cash transfer programme (""We use a four-arm (three treatment and one control) randomized controlled trial (RCT) conducted in a sample of women already receiving monthly poverty-targeted cash transfers from a national program"") p2",1,Niger CTP Full,Niger Cash Transfer Programme,0,"UoA is household p16 (equation) 
UoR: village ""The study is a cluster-randomized controlled trial in which villages with existing cash transfer beneficiaries were randomly allocated to one of the four arms "" p1 but SE clustered at village level ""tandard errors are clustered at the village level, the unit of randomization. "" p16",2021,Bossuroy et al. (2021) Niger CTP Full,Niger,,,,,,,,,,,,,,,,,,,,,,,,,,,,,,,,,,,,,,,,,,,,,,,,,,,,,,,,,,,,,,,,,,,,,,,,,,,,,,,,,,,,,,,,,,,,,,,,,,,,,,,,,,,,,,,,,,,,,,,,,,,,,,,,,,,,,,,,,,,,,,,,,,,,,,,,,,,,,,,,,,,,,,,,,,,,,,,
Andrea,,121058356,121058356_9,Bossuroy et al.,Pathways out of Extreme poverty: Tackling Psychosocial and Capital Constraints with a Multi-Faceted Social Protection Program in Niger,6,24,1,0,1,1,1,1,1,1,Income,"Wage earnings (yearly, USD)","Wage earnings (yearly, USD)",0,Capital intervention,"page: 43; table: 2; table label: Table 2: Beneficiary Revenues; row label: Followup 1 (6 months after cash grants) Capital; column label: (3) Wage earnings (yearly, USD)",5.15,2.31,2.229437229,,,p<.01,,,322,,,4476,,0,4476,6,0.066646939,0.066646939,0.066643214,0.000893903,0.999832355,0.000893753,0.029895707,0.008047629,0.1252388,1,"""...conducting a four-arm randomized controlled trial (RCT) of a multi-faceted programme implemented by the Government of Niger on top of a poverty-targeted cash transfer programme for women (Table 1). All study groups receive monthly cash transfers. The three treatment arms include a core set of components: savings groups, coaching and entrepreneurship training. A ‘Capital’ arm adds a lump-sum cash grant6,7 (and is similar to a graduation programme)"". p2",1,"Yes targeting women: All treatment and control group observations were households with women who were already receiving a cash transfer programme (""We use a four-arm (three treatment and one control) randomized controlled trial (RCT) conducted in a sample of women already receiving monthly poverty-targeted cash transfers from a national program"") p2",1,Niger CTP Capital,Niger Cash Transfer Programme,0,"UoA is household p16 (equation) 
UoR: village ""The study is a cluster-randomized controlled trial in which villages with existing cash transfer beneficiaries were randomly allocated to one of the four arms "" p1 but SE clustered at village level ""tandard errors are clustered at the village level, the unit of randomization. "" p16",2021,Bossuroy et al. (2021) Niger CTP Capital,Niger,,,,,,,,,,,,,,,,,,,,,,,,,,,,,,,,,,,,,,,,,,,,,,,,,,,,,,,,,,,,,,,,,,,,,,,,,,,,,,,,,,,,,,,,,,,,,,,,,,,,,,,,,,,,,,,,,,,,,,,,,,,,,,,,,,,,,,,,,,,,,,,,,,,,,,,,,,,,,,,,,,,,,,,,,,,,,,,
CGP,(1) Only coef and p-value stars are reported; (2) Total N sourced from notes in Table 1 and Table 2,121058359,121058359_1,Misha et al.,CFPR-TUP I,12,24,1,1,1,1,0,1,1,0,Income,Per capita income,Annual per capita households income (BDT),0,percapinc,Page 44; Table 4; Table 4: Effects of the CFPR program across different time periods; row: percapinc; Column: D1(2005-2002),826.59,,2.8,,,p < 0.01,,,,,,5320,4,0,5320,6,0.07677719,0.07677719,0.07677358,0.000752157,0.999858963,0.000752051,0.027423541,0.023023439,0.130523721,0,no mention of the control receiving components from other programs,1,BRAC CFPR I and II target women as lead recipient,2,Bangladesh CFPR-TUP I,Bangladesh CFPR-TUP I (Challenging the Frontiers of Poverty Reduction - Targeting the Ultra Poor),0,Not RCT,2019,Misha et al. (2019) Bangladesh CFPR-TUP I,Bangladesh,,,,,,,,,,,,,,,,,,,,,,,,,,,,,,,,,,,,,,,,,,,,,,,,,,,,,,,,,,,,,,,,,,,,,,,,,,,,,,,,,,,,,,,,,,,,,,,,,,,,,,,,,,,,,,,,,,,,,,,,,,,,,,,,,,,,,,,,,,,,,,,,,,,,,,,,,,,,,,,,,,,,,,,,,,,,,,,
CGP,(1) Only coef and p-value stars are reported; (2) Total N sourced from notes in Table 1 and Table 2,121058359,121058359_2,Misha et al.,CFPR-TUP I,48,24,1,1,1,1,0,1,1,0,Income,Per capita income,Annual per capita households income (BDT),0,percapinc,Page 44; Table 4; Table 4: Effects of the CFPR program across different time periods; row: percapinc; Column: D2(2008-2002),1493.69,,2.8,,,p < 0.01,,,,,,4831,4,0,4831,6,0.080569285,0.080569285,0.080565113,0.000828322,0.99984468,0.000828193,0.028778346,0.024159555,0.136970671,0,no mention of the control receiving components from other programs,1,BRAC CFPR I and II target women as lead recipient,2,Bangladesh CFPR-TUP I,Bangladesh CFPR-TUP I (Challenging the Frontiers of Poverty Reduction - Targeting the Ultra Poor),0,Not RCT,2019,Misha et al. (2019) Bangladesh CFPR-TUP I,Bangladesh,,,,,,,,,,,,,,,,,,,,,,,,,,,,,,,,,,,,,,,,,,,,,,,,,,,,,,,,,,,,,,,,,,,,,,,,,,,,,,,,,,,,,,,,,,,,,,,,,,,,,,,,,,,,,,,,,,,,,,,,,,,,,,,,,,,,,,,,,,,,,,,,,,,,,,,,,,,,,,,,,,,,,,,,,,,,,,,
CGP,(1) Only coef and p-value stars are reported; (2) Total N sourced from notes in Table 1 and Table 2,121058359,121058359_3,Misha et al.,CFPR-TUP I,84,24,1,1,1,1,0,1,1,0,Income,Per capita income,Annual per capita households income (BDT),0,percapinc,Page 44; Table 4; Table 4: Effects of the CFPR program across different time periods; row: percapinc; Column: D3(2011-2002),1295.18,,2.8,,,p < 0.01,,,,,,4121,4,0,4121,6,0.087234187,0.087234187,0.087228892,0.0009711,0.999817906,0.000970923,0.031159638,0.026156003,0.148301782,0,no mention of the control receiving components from other programs,1,BRAC CFPR I and II target women as lead recipient,2,Bangladesh CFPR-TUP I,Bangladesh CFPR-TUP I (Challenging the Frontiers of Poverty Reduction - Targeting the Ultra Poor),0,Not RCT,2019,Misha et al. (2019) Bangladesh CFPR-TUP I,Bangladesh,,,,,,,,,,,,,,,,,,,,,,,,,,,,,,,,,,,,,,,,,,,,,,,,,,,,,,,,,,,,,,,,,,,,,,,,,,,,,,,,,,,,,,,,,,,,,,,,,,,,,,,,,,,,,,,,,,,,,,,,,,,,,,,,,,,,,,,,,,,,,,,,,,,,,,,,,,,,,,,,,,,,,,,,,,,,,,,
CGP,"(1) paper reports that distribution of sample at baseline was very close to 50/50 and that there is no significant differential attrition, so fine to assume 50/50 distribution of total sample at followups. (2) DiD and DiD+PSM results are presented. Only DiD are discussed ""for brevity"", so DiD is taken as prefered models.",121295691,121295691_1,Asadullah and Ara,CFPR-TUP I,12,24,1,1,1,1,0,1,1,0,Assets,Aggregate business asset,farm/agricultural assets,0,Aggregate business asset,"page: 112; table: 1; table label: Table 1. Difference-in-difference (DD) and DD-PSM estimates of the impact of the TUP programme on household assets.; row label: Aggregate business asset; column label: DD-PSM T2005*SUP (short-run impact, 2005–2002)",0.08,,2.8,,,p < 0.01,,,,,,5228,4,0,5228,6,0.077449789,0.077449789,0.077446084,0.000765398,0.99985648,0.000765288,0.027663838,0.023224961,0.131667206,0,no mention of the control receiving components from other programs,1,BRAC CFPR I and II target women as lead recipient,2,Bangladesh CFPR-TUP I,Bangladesh CFPR-TUP I (Challenging the Frontiers of Poverty Reduction - Targeting the Ultra Poor),0,Not RCT,2016,Asadullah and Ara (2016) Bangladesh CFPR-TUP I,Bangladesh,,,,,,,,,,,,,,,,,,,,,,,,,,,,,,,,,,,,,,,,,,,,,,,,,,,,,,,,,,,,,,,,,,,,,,,,,,,,,,,,,,,,,,,,,,,,,,,,,,,,,,,,,,,,,,,,,,,,,,,,,,,,,,,,,,,,,,,,,,,,,,,,,,,,,,,,,,,,,,,,,,,,,,,,,,,,,,,
CGP,"(1) paper reports that distribution of sample at baseline was very close to 50/50 and that there is no significant differential attrition, so fine to assume 50/50 distribution of total sample at followups. (2) DiD and DiD+PSM results are presented. Only DiD are discussed ""for brevity"", so DiD is taken as prefered models.",121295691,121295691_11,Asadullah and Ara,CFPR-TUP I,48,24,1,1,1,1,0,1,1,0,Expenditure,Per capita food expenditure (per day),Per capita food expenditure (per day),0,Per capita food expenditure (per day),"page: 115; table: 4; table label: Table 4. Difference-in-difference (DD) and DD-PSM estimates of the impact of the TUP programme on food security, food expenditure and income.; row label: Per capita food expenditure (per day); column label: DD-PSM T2008*SUP (medium-run impact, 2008–2002)",3.52,,2.8,,,p < 0.01,,,,,,4559,4,0,4559,6,0.082937937,0.082937937,0.082933387,0.000877763,0.999835409,0.000877618,0.02962462,0.024869132,0.140997643,0,no mention of the control receiving components from other programs,1,BRAC CFPR I and II target women as lead recipient,2,Bangladesh CFPR-TUP I,Bangladesh CFPR-TUP I (Challenging the Frontiers of Poverty Reduction - Targeting the Ultra Poor),0,Not RCT,2016,Asadullah and Ara (2016) Bangladesh CFPR-TUP I,Bangladesh,,,,,,,,1,,,,,,,,,,,,,,,,,,,,,,,,,,,,,,,,,,,,,,,,,,,,,,,,,,,,,,,,,,,,,,,,,,,,,,,,,,,,,,,,,,,,,,,,,,,,,,,,,,,,,,,,,,,,,,,,,,,,,,,,,,,,,,,,,,,,,,,,,,,,,,,,,,,,,,,,,,,,,,,,,,,,,,,
CGP,"(1) paper reports that distribution of sample at baseline was very close to 50/50 and that there is no significant differential attrition, so fine to assume 50/50 distribution of total sample at followups. (2) DiD and DiD+PSM results are presented. Only DiD are discussed ""for brevity"", so DiD is taken as prefered models.",121295691,121295691_12,Asadullah and Ara,CFPR-TUP I,84,24,1,1,1,1,0,1,1,0,Expenditure,Per capita food expenditure (per day),Per capita food expenditure (per day),0,Per capita food expenditure (per day),"page: 115; table: 4; table label: Table 4. Difference-in-difference (DD) and DD-PSM estimates of the impact of the TUP programme on food security, food expenditure and income.; row label: Per capita food expenditure (per day); column label: DD-PSM T2011*SUP (long-run impact, 2011–2002)",1.52,,2.8,,,p < 0.01,,,,,,4038,4,0,4038,6,0.088126165,0.088126165,0.088120706,0.00099107,0.999814161,0.000990886,0.031478342,0.026423154,0.149818257,0,no mention of the control receiving components from other programs,1,BRAC CFPR I and II target women as lead recipient,2,Bangladesh CFPR-TUP I,Bangladesh CFPR-TUP I (Challenging the Frontiers of Poverty Reduction - Targeting the Ultra Poor),0,Not RCT,2016,Asadullah and Ara (2016) Bangladesh CFPR-TUP I,Bangladesh,,,,,,,1,1,Selected as longest length of follow up,,,,,,,,,,,,,,,,,,,,,,,,,,,,,,,,,,,,,,,,,,,,,,,,,,,,,,,,,,,,,,,,,,,,,,,,,,,,,,,,,,,,,,,,,,,,,,,,,,,,,,,,,,,,,,,,,,,,,,,,,,,,,,,,,,,,,,,,,,,,,,,,,,,,,,,,,,,,,,,,,,,,,,
CGP,"(1) paper reports that distribution of sample at baseline was very close to 50/50 and that there is no significant differential attrition, so fine to assume 50/50 distribution of total sample at followups. (2) DiD and DiD+PSM results are presented. Only DiD are discussed ""for brevity"", so DiD is taken as prefered models.",121295691,121295691_2,Asadullah and Ara,CFPR-TUP I,48,24,1,1,1,1,0,1,1,0,Assets,Aggregate business asset,farm/agricultural assets,0,Aggregate business asset,"page: 112; table: 1; table label: Table 1. Difference-in-difference (DD) and DD-PSM estimates of the impact of the TUP programme on household assets.; row label: Aggregate business asset; column label: DD-PSM T2008*SUP (medium-run impact, 2008–2002)",0.08,,2.8,,,p < 0.01,,,,,,4559,4,0,4559,6,0.082937937,0.082937937,0.082933387,0.000877763,0.999835409,0.000877618,0.02962462,0.024869132,0.140997643,0,no mention of the control receiving components from other programs,1,BRAC CFPR I and II target women as lead recipient,2,Bangladesh CFPR-TUP I,Bangladesh CFPR-TUP I (Challenging the Frontiers of Poverty Reduction - Targeting the Ultra Poor),0,Not RCT,2016,Asadullah and Ara (2016) Bangladesh CFPR-TUP I,Bangladesh,,,,,,,,,,,,,,,,,,,,,,,,,,,,,,,,,,,,,,,,,,,,,,,,,,,,,,,,,,,,,,,,,,,,,,,,,,,,,,,,,,,,,,,,,,,,,,,,,,,,,,,,,,,,,,,,,,,,,,,,,,,,,,,,,,,,,,,,,,,,,,,,,,,,,,,,,,,,,,,,,,,,,,,,,,,,,,,
CGP,"(1) paper reports that distribution of sample at baseline was very close to 50/50 and that there is no significant differential attrition, so fine to assume 50/50 distribution of total sample at followups. (2) DiD and DiD+PSM results are presented. Only DiD are discussed ""for brevity"", so DiD is taken as prefered models.",121295691,121295691_3,Asadullah and Ara,CFPR-TUP I,84,24,1,1,1,1,0,1,1,0,Assets,Aggregate business asset,farm/agricultural assets,0,Aggregate business asset,"page: 112; table: 1; table label: Table 1. Difference-in-difference (DD) and DD-PSM estimates of the impact of the TUP programme on household assets.; row label: Aggregate business asset; column label: DD-PSM T2011*SUP (long-run impact, 2011–2002)",0.05,,2.8,,,p < 0.01,,,,,,4038,4,0,4038,6,0.088126165,0.088126165,0.088120706,0.00099107,0.999814161,0.000990886,0.031478342,0.026423154,0.149818257,0,no mention of the control receiving components from other programs,1,BRAC CFPR I and II target women as lead recipient,2,Bangladesh CFPR-TUP I,Bangladesh CFPR-TUP I (Challenging the Frontiers of Poverty Reduction - Targeting the Ultra Poor),0,Not RCT,2016,Asadullah and Ara (2016) Bangladesh CFPR-TUP I,Bangladesh,,,,,,,,,,,,,,,,,,,,,,,,,,,,,,,,,,,,,,,,,,,,,,,,,,,,,,,,,,,,,,,,,,,,,,,,,,,,,,,,,,,,,,,,,,,,,,,,,,,,,,,,,,,,,,,,,,,,,,,,,,,,,,,,,,,,,,,,,,,,,,,,,,,,,,,,,,,,,,,,,,,,,,,,,,,,,,,
CGP,"(1) paper reports that distribution of sample at baseline was very close to 50/50 and that there is no significant differential attrition, so fine to assume 50/50 distribution of total sample at followups. (2) DiD and DiD+PSM results are presented. Only DiD are discussed ""for brevity"", so DiD is taken as prefered models.",121295691,121295691_4,Asadullah and Ara,CFPR-TUP I,12,24,1,1,1,1,0,1,1,0,Assets,Aggregate nonbusiness asset,non-farm assets,0,Aggregate nonbusiness asset,"page: 112; table: 1; table label: Table 1. Difference-in-difference (DD) and DD-PSM estimates of the impact of the TUP programme on household assets.; row label: Aggregate nonbusiness asset; column label: DD-PSM T2005*SUP (short-run impact, 2005–2002)",0.01,,2.8,,,p < 0.01,,,,,,5228,4,0,5228,6,0.077449789,0.077449789,0.077446084,0.000765398,0.99985648,0.000765288,0.027663838,0.023224961,0.131667206,0,no mention of the control receiving components from other programs,1,BRAC CFPR I and II target women as lead recipient,2,Bangladesh CFPR-TUP I,Bangladesh CFPR-TUP I (Challenging the Frontiers of Poverty Reduction - Targeting the Ultra Poor),0,Not RCT,2016,Asadullah and Ara (2016) Bangladesh CFPR-TUP I,Bangladesh,,,,,,,,,,,,,,,,,,,,,,,,,,,,,,,,,,,,,,,,,,,,,,,,,,,,,,,,,,,,,,,,,,,,,,,,,,,,,,,,,,,,,,,,,,,,,,,,,,,,,,,,,,,,,,,,,,,,,,,,,,,,,,,,,,,,,,,,,,,,,,,,,,,,,,,,,,,,,,,,,,,,,,,,,,,,,,,
CGP,"(1) paper reports that distribution of sample at baseline was very close to 50/50 and that there is no significant differential attrition, so fine to assume 50/50 distribution of total sample at followups. (2) DiD and DiD+PSM results are presented. Only DiD are discussed ""for brevity"", so DiD is taken as prefered models.",121295691,121295691_5,Asadullah and Ara,CFPR-TUP I,48,24,1,1,1,1,0,1,1,0,Assets,Aggregate nonbusiness asset,non-farm assets,0,Aggregate nonbusiness asset,"page: 112; table: 1; table label: Table 1. Difference-in-difference (DD) and DD-PSM estimates of the impact of the TUP programme on household assets.; row label: Aggregate nonbusiness asset; column label: DD-PSM T2008*SUP (medium-run impact, 2008–2002)",0.02,,2.8,,,p < 0.01,,,,,,4559,4,0,4559,6,0.082937937,0.082937937,0.082933387,0.000877763,0.999835409,0.000877618,0.02962462,0.024869132,0.140997643,0,no mention of the control receiving components from other programs,1,BRAC CFPR I and II target women as lead recipient,2,Bangladesh CFPR-TUP I,Bangladesh CFPR-TUP I (Challenging the Frontiers of Poverty Reduction - Targeting the Ultra Poor),0,Not RCT,2016,Asadullah and Ara (2016) Bangladesh CFPR-TUP I,Bangladesh,,,,,,,,,,,,,,,,,,,,,,,,,,,,,,,,,,,,,,,,,,,,,,,,,,,,,,,,,,,,,,,,,,,,,,,,,,,,,,,,,,,,,,,,,,,,,,,,,,,,,,,,,,,,,,,,,,,,,,,,,,,,,,,,,,,,,,,,,,,,,,,,,,,,,,,,,,,,,,,,,,,,,,,,,,,,,,,
CGP,"(1) paper reports that distribution of sample at baseline was very close to 50/50 and that there is no significant differential attrition, so fine to assume 50/50 distribution of total sample at followups. (2) DiD and DiD+PSM results are presented. Only DiD are discussed ""for brevity"", so DiD is taken as prefered models.",121295691,121295691_6,Asadullah and Ara,CFPR-TUP I,84,24,1,1,1,1,0,1,1,0,Assets,Aggregate nonbusiness asset,non-farm assets,0,Aggregate nonbusiness asset,"page: 112; table: 1; table label: Table 1. Difference-in-difference (DD) and DD-PSM estimates of the impact of the TUP programme on household assets.; row label: Aggregate nonbusiness asset; column label: DD-PSM T2011*SUP (long-run impact, 2011–2002)",-0.02,,-2.8,,,p < 0.01,,,,,,4038,4,0,4038,6,-0.088126165,-0.088126165,-0.088120706,0.00099107,0.999814161,0.000990886,0.031478342,-0.149818257,-0.026423154,0,no mention of the control receiving components from other programs,1,BRAC CFPR I and II target women as lead recipient,2,Bangladesh CFPR-TUP I,Bangladesh CFPR-TUP I (Challenging the Frontiers of Poverty Reduction - Targeting the Ultra Poor),0,Not RCT,2016,Asadullah and Ara (2016) Bangladesh CFPR-TUP I,Bangladesh,,,,,,,,,,,,,,,,,,,,,,,,,,,,,,,,,,,,,,,,,,,,,,,,,,,,,,,,,,,,,,,,,,,,,,,,,,,,,,,,,,,,,,,,,,,,,,,,,,,,,,,,,,,,,,,,,,,,,,,,,,,,,,,,,,,,,,,,,,,,,,,,,,,,,,,,,,,,,,,,,,,,,,,,,,,,,,,
CGP,"(1) paper reports that distribution of sample at baseline was very close to 50/50 and that there is no significant differential attrition, so fine to assume 50/50 distribution of total sample at followups. (2) DiD and DiD+PSM results are presented. Only DiD are discussed ""for brevity"", so DiD is taken as prefered models.",121295691,121295691_7,Asadullah and Ara,CFPR-TUP I,12,24,1,1,1,1,0,1,1,0,Savings,Have cash savings (of respondents)?,cash savings,0,Have cash savings (of respondents)?,"page: 114; table: 3; table label: Table 3. Difference-in-difference (DD) and DD-PSM estimates of the impact of the TUP programme on financial market participation.; row label: Have cash savings (of respondents)?; column label: DD-PSM T2005*SUP (short-run impact, 2005–2002)",72.92,,2.8,,,p < 0.01,,,,,,5228,4,0,5228,6,0.077449789,0.077449789,0.077446084,0.000765398,0.99985648,0.000765288,0.027663838,0.023224961,0.131667206,0,no mention of the control receiving components from other programs,1,BRAC CFPR I and II target women as lead recipient,2,Bangladesh CFPR-TUP I,Bangladesh CFPR-TUP I (Challenging the Frontiers of Poverty Reduction - Targeting the Ultra Poor),0,Not RCT,2016,Asadullah and Ara (2016) Bangladesh CFPR-TUP I,Bangladesh,,,,,,,,,,,,,NONE SELECTED FOR THIS PROGRAM AS NOT SIMILAR OUTCOME MEASURE,,,,,,,,,,,,,,,,,,,,,,,,,,,,,,,,,,,,,,,,,,,,,,,,,,,,,,,,,,,,,,,,,,,,,,,,,,,,,,,,,,,,,,,,,,,,,,,,,,,,,,,,,,,,,,,,,,,,,,,,,,,,,,,,,,,,,,,,,,,,,,,,,,,,,,,,,,,,,,,,,,
CGP,"(1) paper reports that distribution of sample at baseline was very close to 50/50 and that there is no significant differential attrition, so fine to assume 50/50 distribution of total sample at followups. (2) DiD and DiD+PSM results are presented. Only DiD are discussed ""for brevity"", so DiD is taken as prefered models.",121295691,121295691_8,Asadullah and Ara,CFPR-TUP I,48,24,1,1,1,1,0,1,1,0,Savings,Have cash savings (of respondents)?,cash savings,0,Have cash savings (of respondents)?,"page: 114; table: 3; table label: Table 3. Difference-in-difference (DD) and DD-PSM estimates of the impact of the TUP programme on financial market participation.; row label: Have cash savings (of respondents)?; column label: DD-PSM T2008*SUP (medium-run impact, 2008–2002)",70.12,,2.8,,,p < 0.01,,,,,,4559,4,0,4559,6,0.082937937,0.082937937,0.082933387,0.000877763,0.999835409,0.000877618,0.02962462,0.024869132,0.140997643,0,no mention of the control receiving components from other programs,1,BRAC CFPR I and II target women as lead recipient,2,Bangladesh CFPR-TUP I,Bangladesh CFPR-TUP I (Challenging the Frontiers of Poverty Reduction - Targeting the Ultra Poor),0,Not RCT,2016,Asadullah and Ara (2016) Bangladesh CFPR-TUP I,Bangladesh,,,,,,,,,,,,,NONE SELECTED FOR THIS PROGRAM AS NOT SIMILAR OUTCOME MEASURE,,,,,,,,,,,,,,,,,,,,,,,,,,,,,,,,,,,,,,,,,,,,,,,,,,,,,,,,,,,,,,,,,,,,,,,,,,,,,,,,,,,,,,,,,,,,,,,,,,,,,,,,,,,,,,,,,,,,,,,,,,,,,,,,,,,,,,,,,,,,,,,,,,,,,,,,,,,,,,,,,,
CGP,"(1) paper reports that distribution of sample at baseline was very close to 50/50 and that there is no significant differential attrition, so fine to assume 50/50 distribution of total sample at followups. (2) DiD and DiD+PSM results are presented. Only DiD are discussed ""for brevity"", so DiD is taken as prefered models.",121295691,121295691_9,Asadullah and Ara,CFPR-TUP I,84,24,1,1,1,1,0,1,1,0,Savings,Have cash savings (of respondents)?,cash savings,0,Have cash savings (of respondents)?,"page: 114; table: 3; table label: Table 3. Difference-in-difference (DD) and DD-PSM estimates of the impact of the TUP programme on financial market participation.; row label: Have cash savings (of respondents)?; column label: DD-PSM T2011*SUP (long-run impact, 2011–2002)",62.84,,2.8,,,p < 0.01,,,,,,4038,4,0,4038,6,0.088126165,0.088126165,0.088120706,0.00099107,0.999814161,0.000990886,0.031478342,0.026423154,0.149818257,0,no mention of the control receiving components from other programs,1,BRAC CFPR I and II target women as lead recipient,2,Bangladesh CFPR-TUP I,Bangladesh CFPR-TUP I (Challenging the Frontiers of Poverty Reduction - Targeting the Ultra Poor),0,Not RCT,2016,Asadullah and Ara (2016) Bangladesh CFPR-TUP I,Bangladesh,,,,,,,,,,,,,NONE SELECTED FOR THIS PROGRAM AS NOT SIMILAR OUTCOME MEASURE,,,,,,,,,,,,,,,,,,,,,,,,,,,,,,,,,,,,,,,,,,,,,,,,,,,,,,,,,,,,,,,,,,,,,,,,,,,,,,,,,,,,,,,,,,,,,,,,,,,,,,,,,,,,,,,,,,,,,,,,,,,,,,,,,,,,,,,,,,,,,,,,,,,,,,,,,,,,,,,,,,
CGP,,121336027,121336027_1,Tonmoy,CFPR-TUP I,12,24,1,1,1,1,0,1,1,0,Poverty,Poverty gap,Multidimensional poverty index,0,Difference-in-Difference,page 368; table: 2; table label: Table 2 The effect of TUP from difference-in-difference with matching estimator; row label: Difference-in-Difference; column label: Poverty gap ,-0.19,0.01,-32.56,,,,,,,1997,1667,3664,1,0,3664,5,-1.080249357,-1.080249357,-1.080175604,0.001171325,0.99979518,0.001171085,0.03422112,-1.147249,-1.013102209,0,no mention of the control receiving components from other programs,1,BRAC CFPR I and II target women as lead recipient,2,Bangladesh CFPR-TUP I,Bangladesh CFPR-TUP I (Challenging the Frontiers of Poverty Reduction - Targeting the Ultra Poor),0,Not RCT,2014,Tonmoy (2014) Bangladesh CFPR-TUP I,Bangladesh,,,,,,,,,,,,,,,,,,1,,,,,,,,,,,,,,,,,,,,,,,,,,,,,,,,,,,,,,,,,,,,,,,,,,,,,,,,,,,,,,,,,,,,,,,,,,,,,,,,,,,,,,,,,,,,,,,,,,,,,,,,,,,,,,,,,,,,,,,,,,,,,,,,,,,,,,,,,,,,,,,,,,,,,,,,,,,,,
Pierre,N/A,121058364,121058364_1,Maldonado et al.,SOF Sembrando Oportunidades Familia por Familia,6,17,1,0,1,1,1,1,1,0,Poverty,Poverty measured by the poverty line,"""poverty was measured using two methodologies: the first measurement was the national poverty line, which amounted to 185.61 USD ppp (G 473,601) per month and 91.94 USD ppp (G 234,592) per month for extreme poverty."" p15. Binary variable",1,SOF,"Page 16; table 5; Table 5: Effects of SOF on poverty, according to IV and RE; Row: Poverty measured by the poverty line; Column: IV effect",-0.09,0.05,-1.8,,,0.05 < p < 0.1,unclear,unclear,123,719,286,1005,1,0,1005,5,-0.125836918,0.125836918,0.125805545,0.003984039,0.999252057,0.003981059,0.063095631,0.002138108,0.249472983,0,No issue here. Control group did not receive anything. See page 7,0,"? Pierre: targeted households it seems ""The SOF was developed in accordance with Ordinance No. 291 of 2013 in order to “[increase] the income of and access to social services of vulnerable households” (STP, s.f.)."" p3",3,Paraguay SOF,Paraguay SOF (Sembrando Oportunidades Familia por Familia),0,Not RCT,2019,Maldonado et al. (2019) Paraguay SOF,Paraguay,,,,,,,,,,,,,,,,1,,,,,,,,,,,,,,,,,,,,,,,,,,,,,,,,,,,,,,,,,,,,,,,,,,,,,,,,,,,,,,,,,,,,,,,,,,,,,,,,,,,,,,,,,,,,,,,,,,,,,,,,,,,,,,,,,,,,,,,,,,,,,,,,,,,,,,,,,,,,,,,,,,,,,,,,,,,,,,,
Pierre,N/A,121058364,121058364_2,Maldonado et al.,SOF Sembrando Oportunidades Familia por Familia,6,17,1,0,1,1,1,1,1,0,Poverty,Poverty by MPI (multidimensional poverty index),No info but it is most likely MPI  Alkire and Foster 2011 https://www.sciencedirect.com/science/article/abs/pii/S0047272710001660,1,SOF,"Page 16; table 5; Table 5: Effects of SOF on poverty, according to IV and RE; Row: Poverty by MPI (multidimensional poverty index);  Column: IV effect",0.04,0.03,1.333333333,,,p > 0.10,unclear,unclear,123,719,286,1005,1,0,1005,5,0.093212532,-0.093212532,-0.093189293,0.003982261,0.999252057,0.003979282,0.063081553,-0.216829137,0.030450551,0,No issue here. Control group did not receive anything. See page 7,0,"? Pierre: targeted households it seems ""The SOF was developed in accordance with Ordinance No. 291 of 2013 in order to “[increase] the income of and access to social services of vulnerable households” (STP, s.f.)."" p3",3,Paraguay SOF,Paraguay SOF (Sembrando Oportunidades Familia por Familia),0,Not RCT,2019,Maldonado et al. (2019) Paraguay SOF,Paraguay,,,,,,,,,,,,,,,,,,1,,,,,,,,,,,,,,,,,,,,,,,,,,,,,,,,,,,,,,,,,,,,,,,,,,,,,,,,,,,,,,,,,,,,,,,,,,,,,,,,,,,,,,,,,,,,,,,,,,,,,,,,,,,,,,,,,,,,,,,,,,,,,,,,,,,,,,,,,,,,,,,,,,,,,,,,,,,,,
Pierre,N/A,121498842,121498842_1,Mahecha et al.,SOF Sembrando Oportunidades Familia por Familia,6,17,1,0,1,1,1,1,1,0,Assets,"Total value of the households’ assets (USD
ppp) - Valor total de los activos del hogar (USD ppa)","Total value of the households’ assets (USD ppp) - Valor total de los activos del hogar (USD ppa)
""""It corresponds to the monetary value of the assets owned by the household, based on the self-assessment made by the head of household or their spouse."" p21 in translated version added to eppi.",0,SOF,Page 32; Table 12; Cuadro 12. Efecto sobre los activos de los hogares participantes SOF; Row: Valor total de los activos del hogar (USD ppa); Column: EI1 Efecto,633.63,342.1,1.852177726,,,0.05 < p < 0.1,unclear,unclear,123,719,286,1005,1,0,1005,5,0.129484632,0.129484632,0.129452349,0.00398427,0.999252057,0.00398129,0.063097466,0.005781316,0.253123383,0,No issue here. Control group did not receive anything. See page 18,1,? Pierre: 88% of participants were women p6,3,Paraguay SOF,Paraguay SOF (Sembrando Oportunidades Familia por Familia),0,Not RCT,2018,Mahecha et al. (2018) Paraguay SOF,Paraguay,,,,,,,,,,,,,,,,,,,,,,,,,,,,,,,,,,,,,,,,,,,,,,,,,,,,,,,,,,,,,,,,,,,,,,,,,,,,,,,,,,,,,,,,,,,,,,,,,,,,,,,,,,,,,,,,,,,,,,,,,,,,,,,,,,,,,,,,,,,,,,,,,,,,,,,,,,,,,,,,,,,,,,,,,,,,,,,
Pierre,N/A,121498842,121498842_2,Mahecha et al.,SOF Sembrando Oportunidades Familia por Familia,6,17,1,0,1,1,1,1,1,0,Assets,Households’ per capita total monthly income (USD ppa)- Ingreso per cápita total mensual del Hogar (USD ppa).,"Households’ per capita total monthly income (USD ppa)- Ingreso per cápita total mensual del Hogar (USD ppa)  ""Calculation based on the monthly monetary value reported in the household, and divided by the number ofmembers."" p21 in translated version added to eppi.",0,SOF,Page 35; Table 13; Cuadro 13. Efectos en SD en los ingresos de los hogares participantes en SOF; Row: Ingreso per cápita total mensual del Hogar (USD ppa); Column: EI1 Efecto,-4.89,4.96,-0.985887097,,,p > 0.10,unclear,unclear,123,719,286,1005,1,0,1005,5,-0.068922775,-0.068922775,-0.068905591,0.003981281,0.999252057,0.003978303,0.063073793,-0.192530226,0.054719044,0,No issue here. Control group did not receive anything. See page 18,1,? Pierre: 88% of participants were women p6,3,Paraguay SOF,Paraguay SOF (Sembrando Oportunidades Familia por Familia),0,Not RCT,2018,Mahecha et al. (2018) Paraguay SOF,Paraguay,,,,,,,,,,,,,,,,,,,,,,,,,,,,,,,,,,,,,,,,,,,,,,,,,,,,,,,,,,,,,,,,,,,,,,,,,,,,,,,,,,,,,,,,,,,,,,,,,,,,,,,,,,,,,,,,,,,,,,,,,,,,,,,,,,,,,,,,,,,,,,,,,,,,,,,,,,,,,,,,,,,,,,,,,,,,,,,
Pierre,N/A,121498842,121498842_3,Mahecha et al.,SOF Sembrando Oportunidades Familia por Familia,6,17,1,0,1,1,1,1,1,0,Savings,Value of formal savings (USD ppa) - Valor del ahorros formales (USD ppa),"Value of formal savings (USD ppa) - Valor del ahorros formales (USD ppa) ""Monetary value of household savings. This indicator is constructed using the monetary value reported by the participant (money or in kind) for different types and means of savings."" p21 in translated version added to eppi.",0,SOF,Page 38; Table 14; Cuadro 14. Efecto en SD en el ahorro de los hogares participantes en SOF; Row: valor del ahorros formales (USD ppa); Column: EI1 Efecto,1.56,3.84,0.40625,,,p > 0.10,unclear,unclear,123,719,286,1005,1,0,1005,5,0.028400693,0.028400693,0.028393613,0.0039803,0.999252057,0.003977323,0.063066022,-0.09521579,0.152003015,0,No issue here. Control group did not receive anything. See page 18,1,? Pierre: 88% of participants were women p6,3,Paraguay SOF,Paraguay SOF (Sembrando Oportunidades Familia por Familia),0,Not RCT,2018,Mahecha et al. (2018) Paraguay SOF,Paraguay,,,,,,,,,,,,,1,1,Selected as formal savings (chosen over informal or inkind saving),,,,,,,,,,,,,,,,,,,,,,,,,,,,,,,,,,,,,,,,,,,,,,,,,,,,,,,,,,,,,,,,,,,,,,,,,,,,,,,,,,,,,,,,,,,,,,,,,,,,,,,,,,,,,,,,,,,,,,,,,,,,,,,,,,,,,,,,,,,,,,,,,,,,,,,,,,,,,,,,
Pierre,N/A,121498842,121498842_4,Mahecha et al.,SOF Sembrando Oportunidades Familia por Familia,6,17,1,0,1,1,1,1,1,0,Savings,Value of informal savings (USD ppa) - Valor del ahorros informales (USD ppa),"Value of informal savings (USD ppa) - Valor del ahorros informales (USD ppa) ""Monetary value of household savings. This indicator is constructed using the monetary value reported by the participant (money or in kind) for different types and means of savings."" p21 in translated version added to eppi.",0,SOF,Page 38; Table 14; Cuadro 14. Efecto en SD en el ahorro de los hogares participantes en SOF; Row: valor del ahorros informales (USD ppa); Column: EI1 Efecto,7.98,8.85,0.901694915,,,p > 0.10,unclear,unclear,123,719,286,1005,1,0,1005,5,0.06303695,0.06303695,0.063021234,0.003981088,0.999252057,0.00397811,0.063072263,-0.060600402,0.186642869,0,No issue here. Control group did not receive anything. See page 18,1,? Pierre: 88% of participants were women p6,3,Paraguay SOF,Paraguay SOF (Sembrando Oportunidades Familia por Familia),0,Not RCT,2018,Mahecha et al. (2018) Paraguay SOF,Paraguay,,,,,,,,,,,,,,1,,,,,,,,,,,,,,,,,,,,,,,,,,,,,,,,,,,,,,,,,,,,,,,,,,,,,,,,,,,,,,,,,,,,,,,,,,,,,,,,,,,,,,,,,,,,,,,,,,,,,,,,,,,,,,,,,,,,,,,,,,,,,,,,,,,,,,,,,,,,,,,,,,,,,,,,,,,,,,,,,
Pierre,N/A,121498842,121498842_5,Mahecha et al.,SOF Sembrando Oportunidades Familia por Familia,6,17,1,0,1,1,1,1,1,0,Savings,Value of in-kind savings (USD ppa) - Valor del ahorros en especie (USD ppa),"Value of in-kind savings (USD ppa) - Valor del ahorros en especie (USD ppa) ""Monetary value of household savings. This indicator is constructed using the monetary value reported by the participant (money or in kind) for different types and means of savings."" p21 in translated version added to eppi.",0,SOF,Page 38; Table 14; Cuadro 14. Efecto en SD en el ahorro de los hogares participantes en SOF; Row: valor del ahorros en especie (USD ppa); Column: EI1 Efecto,69,90.75,0.760330579,,,p > 0.10,unclear,unclear,123,719,286,1005,1,0,1005,5,0.053154254,0.053154254,0.053141002,0.003980802,0.999252057,0.003977825,0.06307,-0.070476199,0.176758202,0,No issue here. Control group did not receive anything. See page 18,1,? Pierre: 88% of participants were women p6,3,Paraguay SOF,Paraguay SOF (Sembrando Oportunidades Familia por Familia),0,Not RCT,2018,Mahecha et al. (2018) Paraguay SOF,Paraguay,,,,,,,,,,,,,,1,,,,,,,,,,,,,,,,,,,,,,,,,,,,,,,,,,,,,,,,,,,,,,,,,,,,,,,,,,,,,,,,,,,,,,,,,,,,,,,,,,,,,,,,,,,,,,,,,,,,,,,,,,,,,,,,,,,,,,,,,,,,,,,,,,,,,,,,,,,,,,,,,,,,,,,,,,,,,,,,,
Pierre,N/A,121498842,121498842_6,Mahecha et al.,SOF Sembrando Oportunidades Familia por Familia,6,17,1,0,1,1,1,1,1,0,Expenditure,Total household per capita expenditure (USD ppa) - Valor total del gasto pc en el hogar (USD ppa),"Total household per capita expenditure (USD ppa) - Valor total del gasto pc en el hogar (USD ppa) MONTHLY ""Quantity and value information for different types of spending on goods and services based on household self-reporting, and divided by the number of household members.""  p21 in translated version added to eppi.",0,SOF,Page 40; Table 15; Cuadro 15. Efecto en SD en el consumo mensual de los hogares participantes en SOF; Row: Valor total del gasto pc en el hogar (USD ppa); Column: EI1 Efecto,4.79,6.03,0.794361526,,,p > 0.10,unclear,unclear,123,719,286,1005,1,0,1005,5,0.055533337,0.055533337,0.055519492,0.003980867,0.999252057,0.003977889,0.06307051,-0.068098707,0.179137691,0,No issue here. Control group did not receive anything. See page 18,1,? Pierre: 88% of participants were women p6,3,Paraguay SOF,Paraguay SOF (Sembrando Oportunidades Familia por Familia),0,Not RCT,2018,Mahecha et al. (2018) Paraguay SOF,Paraguay,,,,,,,,,,,,,,,,,,,,,,,,,,,,,,,,,,,,,,,,,,,,,,,,,,,,,,,,,,,,,,,,,,,,,,,,,,,,,,,,,,,,,,,,,,,,,,,,,,,,,,,,,,,,,,,,,,,,,,,,,,,,,,,,,,,,,,,,,,,,,,,,,,,,,,,,,,,,,,,,,,,,,,,,,,,,,,,
Pierre,,121058367,121058367_1,Alderman et al.,SPIR Strengthen PSNP4 Institutions and Resilience,0,36,1,0,1,1,0,1,1,1,Income,Revenue from livestock production,"Index. Components: Net income from sales of livestock products, Income from all livestock sales, Costs associated with livestock production, Net income from livestock sales",0,"T1: L* + N*:
""Intervention L: SPIR livelihood activities: establishing Village Economic and Social Associations (VESAs), financial literacy training, agriculture and livestock value chain development, home gardening and forage production 
Intervention L*: SPIR livelihoods activities plus (i) social analysis and action (SAA) to improve women’s access to markets, (ii) aspirations promotion activities in randomly selected kebeles, and (iii) targeted poultry or cash livelihood transfers"" p5
""Intervention N: SPIR nutrition activities: Nutrition behavior change communication (BCC); WASH activities 
Intervention N*: SPIR nutrition activities plus (i) Timed and Targeted Counseling (TTC) (more intensive nutrition BCC), (ii) Community-based Participatory Nutrition Promotion (CPNP), (iii) male engagement in BCC, and (iv) Interpersonal Therapy in Groups (IPT-G) interventions for women screened for depression (provided after the midline survey), all supported by a community health facilitator (CHF)"" p5","page: 74; table: 7.2a; table label: Table 7.2a: Summary table, part 1; row label: T1; column label: (3) Revenue from livestock production",0.06,0.036,1.666666667,,,0.05 < p < 0.10,,,192,,,3804,2,0,3804,6,0.05404537,0.05404537,0.054041816,0.001051717,0.999802722,0.001051509,0.032426982,-0.00951507,0.117598701,1,"Control (T4): PSNP only p10
Treatment 1 (T1): L* + N*
Treatment 2 (T2): L* + N
Treatment 3 (T3): L + N* (did not extract this one, as does not include asset grant. Only L* includes the ""poultry start-up package"" see page 5-7 in doc)
livelihoods (L) and nutrition (N) activities and enhanced livelihood (L*) and nutrition (N*) activities",1,"Seveval aspects of the intervention were targeted on women. ""The poultry package and cash grants were targeted exclusively to women."" SPIR livelihoods activities plus (i) social analysis and action (SAA) to improve women’s access to markets",4,Ethiopia SPIR T1,"Ethiopia SPIR (Strengthen PSNP4 Institutions; Resilience Development Food Security Activity)
T1: combined intensive livelihood and enhanced nutrition, T2: intensive livelihood and basic nutrition. The intensive livelihood component included a ""poultry package and cash grants""",1,"UoA is household p16 (equation) 
UoR: kebele ""These packages were combined into multisectoral graduation model programs and randomized at the kebele level into four treatment arms"" piii but no sign that SE are clustered at kebele level for the results in this table",2021,Alderman et al. (2021) Ethiopia SPIR T1,Ethiopia,,,,,,,,,,,,,,,,,,,,,,,,,,,,,,,,,,,,,,,,,,,,,,,,,,,,,,,,,,,,,,,,,,,,,,,,,,,,,,,,,,,,,,,,,,,,,,,,,,,,,,,,,,,,,,,,,,,,,,,,,,,,,,,,,,,,,,,,,,,,,,,,,,,,,,,,,,,,,,,,,,,,,,,,,,,,,,,
Pierre,,121058367,121058367_10,Alderman et al.,SPIR Strengthen PSNP4 Institutions and Resilience,0,36,1,0,1,1,0,0,1,1,Expenditure,Consumption,"Index. Components: Total value of monthly food consumption per adult equivalent (birr), Monthly expenditure on non-food items per adult equivalent (birr), Total consumption expenditure per month per adult equivalent (birr), Calories of daily food consumption per adult equivalent (kcal)",0,"T2: L* + N:
""Intervention L: SPIR livelihood activities: establishing Village Economic and Social Associations (VESAs), financial literacy training, agriculture and livestock value chain development, home gardening and forage production 
Intervention L*: SPIR livelihoods activities plus (i) social analysis and action (SAA) to improve women’s access to markets, (ii) aspirations promotion activities in randomly selected kebeles, and (iii) targeted poultry or cash livelihood transfers"" p5
""Intervention N: SPIR nutrition activities: Nutrition behavior change communication (BCC); WASH activities 
Intervention N*: SPIR nutrition activities plus (i) Timed and Targeted Counseling (TTC) (more intensive nutrition BCC), (ii) Community-based Participatory Nutrition Promotion (CPNP), (iii) male engagement in BCC, and (iv) Interpersonal Therapy in Groups (IPT-G) interventions for women screened for depression (provided after the midline survey), all supported by a community health facilitator (CHF)"" p5","page: 75-76; table: 7.3a; table label: Table 7.3a: Summary table, part 2; row label: T2; column label: (8) Consumption",-0.015,0.056,-0.267857143,,,p > 0.10,,,192,,,3810,2,0,3810,6,-0.008679021,-0.008679021,-0.008678451,0.001049874,0.999803033,0.001049667,0.032398564,-0.072179636,0.054822733,1,"Control (T4): PSNP only p10
Treatment 1 (T1): L* + N*
Treatment 2 (T2): L* + N
Treatment 3 (T3): L + N* (did not extract this one, as does not include asset grant. Only L* includes the ""poultry start-up package"" see page 5-7 in doc)
livelihoods (L) and nutrition (N) activities and enhanced livelihood (L*) and nutrition (N*) activities",1,"Seveval aspects of the intervention were targeted on women. ""The poultry package and cash grants were targeted exclusively to women."" SPIR livelihoods activities plus (i) social analysis and action (SAA) to improve women’s access to markets",4,Ethiopia SPIR T2,"Ethiopia SPIR (Strengthen PSNP4 Institutions; Resilience Development Food Security Activity)
T1: combined intensive livelihood and enhanced nutrition, T2: intensive livelihood and basic nutrition. The intensive livelihood component included a ""poultry package and cash grants""",1,"UoA is household p16 (equation) 
UoR: kebele ""These packages were combined into multisectoral graduation model programs and randomized at the kebele level into four treatment arms"" piii but no sign that SE are clustered at kebele level for the results in this table",2021,Alderman et al. (2021) Ethiopia SPIR T2,Ethiopia,,,,,,,,,,,,,,,,,,,,,,,,,,,,,,,,,,,,,,,,,,,,,,,,,,,,,,,,,,,,,,,,,,,,,,,,,,,,,,,,,,,,,,,,,,,,,,,,,,,,,,,,,,,,,,,,,,,,,,,,,,,,,,,,,,,,,,,,,,,,,,,,,,,,,,,,,,,,,,,,,,,,,,,,,,,,,,,
Pierre,,121058367,121058367_11,Alderman et al.,SPIR Strengthen PSNP4 Institutions and Resilience,0,36,1,0,1,1,0,1,1,1,Expenditure,Total value of food consumption per month per adult equivalent (birr),Total value of food consumption per month per adult equivalent (birr),0,"T1: L* + N*:
""Intervention L: SPIR livelihood activities: establishing Village Economic and Social Associations (VESAs), financial literacy training, agriculture and livestock value chain development, home gardening and forage production 
Intervention L*: SPIR livelihoods activities plus (i) social analysis and action (SAA) to improve women’s access to markets, (ii) aspirations promotion activities in randomly selected kebeles, and (iii) targeted poultry or cash livelihood transfers"" p5
""Intervention N: SPIR nutrition activities: Nutrition behavior change communication (BCC); WASH activities 
Intervention N*: SPIR nutrition activities plus (i) Timed and Targeted Counseling (TTC) (more intensive nutrition BCC), (ii) Community-based Participatory Nutrition Promotion (CPNP), (iii) male engagement in BCC, and (iv) Interpersonal Therapy in Groups (IPT-G) interventions for women screened for depression (provided after the midline survey), all supported by a community health facilitator (CHF)"" p5",page: 111; table: 7.15a; table label: Table 7.15a: Households' food and nonfood consumption; row label: T1; column label: (1) Total value of food consumption per month per adult equivalent (birr),-0.062,0.068,-0.911764706,,,p > 0.10,,,192,,,3686,2,0,3686,6,-0.030035517,-0.030035517,-0.030033478,0.001085248,0.999796403,0.001085027,0.032939755,-0.094595397,0.034528441,1,"Control (T4): PSNP only p10
Treatment 1 (T1): L* + N*
Treatment 2 (T2): L* + N
Treatment 3 (T3): L + N* (did not extract this one, as does not include asset grant. Only L* includes the ""poultry start-up package"" see page 5-7 in doc)
livelihoods (L) and nutrition (N) activities and enhanced livelihood (L*) and nutrition (N*) activities",1,"Seveval aspects of the intervention were targeted on women. ""The poultry package and cash grants were targeted exclusively to women."" SPIR livelihoods activities plus (i) social analysis and action (SAA) to improve women’s access to markets",4,Ethiopia SPIR T1,"Ethiopia SPIR (Strengthen PSNP4 Institutions; Resilience Development Food Security Activity)
T1: combined intensive livelihood and enhanced nutrition, T2: intensive livelihood and basic nutrition. The intensive livelihood component included a ""poultry package and cash grants""",0,"UoA is household p16 (equation) 
UoR: kebele ""These packages were combined into multisectoral graduation model programs and randomized at the kebele level into four treatment arms"" piii but SE clustered at kebele level ""clustered at the kebele level"" p111",2021,Alderman et al. (2021) Ethiopia SPIR T1,Ethiopia,,,,,,,,1,,,,,,,,,,,,,,,,,,,,,,,,,,,,,,,,,,,,,,,,,,,,,,,,,,,,,,,,,,,,,,,,,,,,,,,,,,,,,,,,,,,,,,,,,,,,,,,,,,,,,,,,,,,,,,,,,,,,,,,,,,,,,,,,,,,,,,,,,,,,,,,,,,,,,,,,,,,,,,,,,,,,,,,
Pierre,,121058367,121058367_12,Alderman et al.,SPIR Strengthen PSNP4 Institutions and Resilience,0,36,1,0,1,1,0,0,1,1,Expenditure,Total value of food consumption per month per adult equivalent (birr),Total value of food consumption per month per adult equivalent (birr),0,"T2: L* + N:
""Intervention L: SPIR livelihood activities: establishing Village Economic and Social Associations (VESAs), financial literacy training, agriculture and livestock value chain development, home gardening and forage production 
Intervention L*: SPIR livelihoods activities plus (i) social analysis and action (SAA) to improve women’s access to markets, (ii) aspirations promotion activities in randomly selected kebeles, and (iii) targeted poultry or cash livelihood transfers"" p5
""Intervention N: SPIR nutrition activities: Nutrition behavior change communication (BCC); WASH activities 
Intervention N*: SPIR nutrition activities plus (i) Timed and Targeted Counseling (TTC) (more intensive nutrition BCC), (ii) Community-based Participatory Nutrition Promotion (CPNP), (iii) male engagement in BCC, and (iv) Interpersonal Therapy in Groups (IPT-G) interventions for women screened for depression (provided after the midline survey), all supported by a community health facilitator (CHF)"" p5",page: 111; table: 7.15a; table label: Table 7.15a: Households' food and nonfood consumption; row label: T2; column label: (1) Total value of food consumption per month per adult equivalent (birr),-0.027,0.063,-0.428571429,,,p > 0.10,,,192,,,3686,2,0,3686,6,-0.014118077,-0.014118077,-0.014117119,0.001085201,0.999796403,0.00108498,0.032939031,-0.07867762,0.050443382,1,"Control (T4): PSNP only p10
Treatment 1 (T1): L* + N*
Treatment 2 (T2): L* + N
Treatment 3 (T3): L + N* (did not extract this one, as does not include asset grant. Only L* includes the ""poultry start-up package"" see page 5-7 in doc)
livelihoods (L) and nutrition (N) activities and enhanced livelihood (L*) and nutrition (N*) activities",1,"Seveval aspects of the intervention were targeted on women. ""The poultry package and cash grants were targeted exclusively to women."" SPIR livelihoods activities plus (i) social analysis and action (SAA) to improve women’s access to markets",4,Ethiopia SPIR T2,"Ethiopia SPIR (Strengthen PSNP4 Institutions; Resilience Development Food Security Activity)
T1: combined intensive livelihood and enhanced nutrition, T2: intensive livelihood and basic nutrition. The intensive livelihood component included a ""poultry package and cash grants""",0,"UoA is household p16 (equation) 
UoR: kebele ""These packages were combined into multisectoral graduation model programs and randomized at the kebele level into four treatment arms"" piii but SE clustered at kebele level ""clustered at the kebele level"" p111",2021,Alderman et al. (2021) Ethiopia SPIR T2,Ethiopia,,,,,,,1,1,Selected WHY T2 over T1,,,,,,,,,,,,,,,,,,,,,,,,,,,,,,,,,,,,,,,,,,,,,,,,,,,,,,,,,,,,,,,,,,,,,,,,,,,,,,,,,,,,,,,,,,,,,,,,,,,,,,,,,,,,,,,,,,,,,,,,,,,,,,,,,,,,,,,,,,,,,,,,,,,,,,,,,,,,,,,,,,,,,,
Pierre,,121058367,121058367_13,Alderman et al.,SPIR Strengthen PSNP4 Institutions and Resilience,0,36,1,0,1,1,0,1,1,1,Expenditure,Monthly expenditure on nonfood items per adult equivalent (birr),Monthly expenditure on nonfood items per adult equivalent (birr),0,"T1: L* + N*:
""Intervention L: SPIR livelihood activities: establishing Village Economic and Social Associations (VESAs), financial literacy training, agriculture and livestock value chain development, home gardening and forage production 
Intervention L*: SPIR livelihoods activities plus (i) social analysis and action (SAA) to improve women’s access to markets, (ii) aspirations promotion activities in randomly selected kebeles, and (iii) targeted poultry or cash livelihood transfers"" p5
""Intervention N: SPIR nutrition activities: Nutrition behavior change communication (BCC); WASH activities 
Intervention N*: SPIR nutrition activities plus (i) Timed and Targeted Counseling (TTC) (more intensive nutrition BCC), (ii) Community-based Participatory Nutrition Promotion (CPNP), (iii) male engagement in BCC, and (iv) Interpersonal Therapy in Groups (IPT-G) interventions for women screened for depression (provided after the midline survey), all supported by a community health facilitator (CHF)"" p5",page: 111; table: 7.15a; table label: Table 7.15a: Households' food and nonfood consumption; row label: T1; column label: (2) Monthly expenditure on nonfood items per adult equivalent (birr),0.024,0.061,0.393442623,,,p > 0.10,,,192,,,3803,2,0,3803,6,0.012759928,0.012759928,0.012759089,0.001051812,0.999802671,0.001051604,0.03242845,-0.050800673,0.076318851,1,"Control (T4): PSNP only p10
Treatment 1 (T1): L* + N*
Treatment 2 (T2): L* + N
Treatment 3 (T3): L + N* (did not extract this one, as does not include asset grant. Only L* includes the ""poultry start-up package"" see page 5-7 in doc)
livelihoods (L) and nutrition (N) activities and enhanced livelihood (L*) and nutrition (N*) activities",1,"Seveval aspects of the intervention were targeted on women. ""The poultry package and cash grants were targeted exclusively to women."" SPIR livelihoods activities plus (i) social analysis and action (SAA) to improve women’s access to markets",4,Ethiopia SPIR T1,"Ethiopia SPIR (Strengthen PSNP4 Institutions; Resilience Development Food Security Activity)
T1: combined intensive livelihood and enhanced nutrition, T2: intensive livelihood and basic nutrition. The intensive livelihood component included a ""poultry package and cash grants""",0,"UoA is household p16 (equation) 
UoR: kebele ""These packages were combined into multisectoral graduation model programs and randomized at the kebele level into four treatment arms"" piii but SE clustered at kebele level ""clustered at the kebele level"" p111",2021,Alderman et al. (2021) Ethiopia SPIR T1,Ethiopia,,,,,,,,,,,,,,,,,,,,,,,,,,,,,,,,,,,,,,,,,,,,,,,,,,,,,,,,,,,,,,,,,,,,,,,,,,,,,,,,,,,,,,,,,,,,,,,,,,,,,,,,,,,,,,,,,,,,,,,,,,,,,,,,,,,,,,,,,,,,,,,,,,,,,,,,,,,,,,,,,,,,,,,,,,,,,,,
Pierre,,121058367,121058367_14,Alderman et al.,SPIR Strengthen PSNP4 Institutions and Resilience,0,36,1,0,1,1,0,0,1,1,Expenditure,Monthly expenditure on nonfood items per adult equivalent (birr),Monthly expenditure on nonfood items per adult equivalent (birr),0,"T2: L* + N:
""Intervention L: SPIR livelihood activities: establishing Village Economic and Social Associations (VESAs), financial literacy training, agriculture and livestock value chain development, home gardening and forage production 
Intervention L*: SPIR livelihoods activities plus (i) social analysis and action (SAA) to improve women’s access to markets, (ii) aspirations promotion activities in randomly selected kebeles, and (iii) targeted poultry or cash livelihood transfers"" p5
""Intervention N: SPIR nutrition activities: Nutrition behavior change communication (BCC); WASH activities 
Intervention N*: SPIR nutrition activities plus (i) Timed and Targeted Counseling (TTC) (more intensive nutrition BCC), (ii) Community-based Participatory Nutrition Promotion (CPNP), (iii) male engagement in BCC, and (iv) Interpersonal Therapy in Groups (IPT-G) interventions for women screened for depression (provided after the midline survey), all supported by a community health facilitator (CHF)"" p5",page: 111; table: 7.15a; table label: Table 7.15a: Households' food and nonfood consumption; row label: T2; column label: (2) Monthly expenditure on nonfood items per adult equivalent (birr),0.03,0.067,0.447761194,,,p > 0.10,,,192,,,3803,2,0,3803,6,0.01452156,0.01452156,0.014520605,0.001051815,0.999802671,0.001051608,0.032428499,-0.049039252,0.078080462,1,"Control (T4): PSNP only p10
Treatment 1 (T1): L* + N*
Treatment 2 (T2): L* + N
Treatment 3 (T3): L + N* (did not extract this one, as does not include asset grant. Only L* includes the ""poultry start-up package"" see page 5-7 in doc)
livelihoods (L) and nutrition (N) activities and enhanced livelihood (L*) and nutrition (N*) activities",1,"Seveval aspects of the intervention were targeted on women. ""The poultry package and cash grants were targeted exclusively to women."" SPIR livelihoods activities plus (i) social analysis and action (SAA) to improve women’s access to markets",4,Ethiopia SPIR T2,"Ethiopia SPIR (Strengthen PSNP4 Institutions; Resilience Development Food Security Activity)
T1: combined intensive livelihood and enhanced nutrition, T2: intensive livelihood and basic nutrition. The intensive livelihood component included a ""poultry package and cash grants""",0,"UoA is household p16 (equation) 
UoR: kebele ""These packages were combined into multisectoral graduation model programs and randomized at the kebele level into four treatment arms"" piii but SE clustered at kebele level ""clustered at the kebele level"" p111",2021,Alderman et al. (2021) Ethiopia SPIR T2,Ethiopia,,,,,,,,,,,,,,,,,,,,,,,,,,,,,,,,,,,,,,,,,,,,,,,,,,,,,,,,,,,,,,,,,,,,,,,,,,,,,,,,,,,,,,,,,,,,,,,,,,,,,,,,,,,,,,,,,,,,,,,,,,,,,,,,,,,,,,,,,,,,,,,,,,,,,,,,,,,,,,,,,,,,,,,,,,,,,,,
Pierre,,121058367,121058367_15,Alderman et al.,SPIR Strengthen PSNP4 Institutions and Resilience,0,36,1,0,1,1,0,1,1,1,Expenditure,Total consumption expenditure per month per adult equivalent (birr),Total consumption expenditure per month per adult equivalent (birr),0,"T1: L* + N*:
""Intervention L: SPIR livelihood activities: establishing Village Economic and Social Associations (VESAs), financial literacy training, agriculture and livestock value chain development, home gardening and forage production 
Intervention L*: SPIR livelihoods activities plus (i) social analysis and action (SAA) to improve women’s access to markets, (ii) aspirations promotion activities in randomly selected kebeles, and (iii) targeted poultry or cash livelihood transfers"" p5
""Intervention N: SPIR nutrition activities: Nutrition behavior change communication (BCC); WASH activities 
Intervention N*: SPIR nutrition activities plus (i) Timed and Targeted Counseling (TTC) (more intensive nutrition BCC), (ii) Community-based Participatory Nutrition Promotion (CPNP), (iii) male engagement in BCC, and (iv) Interpersonal Therapy in Groups (IPT-G) interventions for women screened for depression (provided after the midline survey), all supported by a community health facilitator (CHF)"" p5",page: 111; table: 7.15a; table label: Table 7.15a: Households' food and nonfood consumption; row label: T1; column label: (3) Total consumption expenditure per month per adult equivalent (birr),-0.049,0.059,-0.830508475,,,p > 0.10,,,192,,,3680,2,0,3680,6,-0.027381054,-0.027381054,-0.027379192,0.001087007,0.999796071,0.001086786,0.032966434,-0.091993403,0.037235019,1,"Control (T4): PSNP only p10
Treatment 1 (T1): L* + N*
Treatment 2 (T2): L* + N
Treatment 3 (T3): L + N* (did not extract this one, as does not include asset grant. Only L* includes the ""poultry start-up package"" see page 5-7 in doc)
livelihoods (L) and nutrition (N) activities and enhanced livelihood (L*) and nutrition (N*) activities",1,"Seveval aspects of the intervention were targeted on women. ""The poultry package and cash grants were targeted exclusively to women."" SPIR livelihoods activities plus (i) social analysis and action (SAA) to improve women’s access to markets",4,Ethiopia SPIR T1,"Ethiopia SPIR (Strengthen PSNP4 Institutions; Resilience Development Food Security Activity)
T1: combined intensive livelihood and enhanced nutrition, T2: intensive livelihood and basic nutrition. The intensive livelihood component included a ""poultry package and cash grants""",0,"UoA is household p16 (equation) 
UoR: kebele ""These packages were combined into multisectoral graduation model programs and randomized at the kebele level into four treatment arms"" piii but SE clustered at kebele level ""clustered at the kebele level"" p111",2021,Alderman et al. (2021) Ethiopia SPIR T1,Ethiopia,,,,,,,,,,,,,,,,,,,,,,,,,,,,,,,,,,,,,,,,,,,,,,,,,,,,,,,,,,,,,,,,,,,,,,,,,,,,,,,,,,,,,,,,,,,,,,,,,,,,,,,,,,,,,,,,,,,,,,,,,,,,,,,,,,,,,,,,,,,,,,,,,,,,,,,,,,,,,,,,,,,,,,,,,,,,,,,
Pierre,,121058367,121058367_16,Alderman et al.,SPIR Strengthen PSNP4 Institutions and Resilience,0,36,1,0,1,1,0,0,1,1,Expenditure,Total consumption expenditure per month per adult equivalent (birr),Total consumption expenditure per month per adult equivalent (birr),0,"T2: L* + N:
""Intervention L: SPIR livelihood activities: establishing Village Economic and Social Associations (VESAs), financial literacy training, agriculture and livestock value chain development, home gardening and forage production 
Intervention L*: SPIR livelihoods activities plus (i) social analysis and action (SAA) to improve women’s access to markets, (ii) aspirations promotion activities in randomly selected kebeles, and (iii) targeted poultry or cash livelihood transfers"" p5
""Intervention N: SPIR nutrition activities: Nutrition behavior change communication (BCC); WASH activities 
Intervention N*: SPIR nutrition activities plus (i) Timed and Targeted Counseling (TTC) (more intensive nutrition BCC), (ii) Community-based Participatory Nutrition Promotion (CPNP), (iii) male engagement in BCC, and (iv) Interpersonal Therapy in Groups (IPT-G) interventions for women screened for depression (provided after the midline survey), all supported by a community health facilitator (CHF)"" p5",page: 111; table: 7.15a; table label: Table 7.15a: Households' food and nonfood consumption; row label: T2; column label: (3) Total consumption expenditure per month per adult equivalent (birr),-0.035,0.048,-0.729166667,,,p > 0.10,,,192,,,3680,2,0,3680,6,-0.024039913,-0.024039913,-0.024038279,0.001086996,0.999796071,0.001086774,0.032966257,-0.088652143,0.040575585,1,"Control (T4): PSNP only p10
Treatment 1 (T1): L* + N*
Treatment 2 (T2): L* + N
Treatment 3 (T3): L + N* (did not extract this one, as does not include asset grant. Only L* includes the ""poultry start-up package"" see page 5-7 in doc)
livelihoods (L) and nutrition (N) activities and enhanced livelihood (L*) and nutrition (N*) activities",1,"Seveval aspects of the intervention were targeted on women. ""The poultry package and cash grants were targeted exclusively to women."" SPIR livelihoods activities plus (i) social analysis and action (SAA) to improve women’s access to markets",4,Ethiopia SPIR T2,"Ethiopia SPIR (Strengthen PSNP4 Institutions; Resilience Development Food Security Activity)
T1: combined intensive livelihood and enhanced nutrition, T2: intensive livelihood and basic nutrition. The intensive livelihood component included a ""poultry package and cash grants""",0,"UoA is household p16 (equation) 
UoR: kebele ""These packages were combined into multisectoral graduation model programs and randomized at the kebele level into four treatment arms"" piii but SE clustered at kebele level ""clustered at the kebele level"" p111",2021,Alderman et al. (2021) Ethiopia SPIR T2,Ethiopia,,,,,,,,,,,,,,,,,,,,,,,,,,,,,,,,,,,,,,,,,,,,,,,,,,,,,,,,,,,,,,,,,,,,,,,,,,,,,,,,,,,,,,,,,,,,,,,,,,,,,,,,,,,,,,,,,,,,,,,,,,,,,,,,,,,,,,,,,,,,,,,,,,,,,,,,,,,,,,,,,,,,,,,,,,,,,,,
Pierre,,121058367,121058367_2,Alderman et al.,SPIR Strengthen PSNP4 Institutions and Resilience,0,36,1,0,1,1,0,0,1,1,Income,Revenue from livestock production,"Index. Components: Net income from sales of livestock products, Income from all livestock sales, Costs associated with livestock production, Net income from livestock sales",0,"T2: L* + N:
""Intervention L: SPIR livelihood activities: establishing Village Economic and Social Associations (VESAs), financial literacy training, agriculture and livestock value chain development, home gardening and forage production 
Intervention L*: SPIR livelihoods activities plus (i) social analysis and action (SAA) to improve women’s access to markets, (ii) aspirations promotion activities in randomly selected kebeles, and (iii) targeted poultry or cash livelihood transfers"" p5
""Intervention N: SPIR nutrition activities: Nutrition behavior change communication (BCC); WASH activities 
Intervention N*: SPIR nutrition activities plus (i) Timed and Targeted Counseling (TTC) (more intensive nutrition BCC), (ii) Community-based Participatory Nutrition Promotion (CPNP), (iii) male engagement in BCC, and (iv) Interpersonal Therapy in Groups (IPT-G) interventions for women screened for depression (provided after the midline survey), all supported by a community health facilitator (CHF)"" p5","page: 74; table: 7.2a; table label: Table 7.2a: Summary table, part 1; row label: T2; column label: (3) Revenue from livestock production",0.079,0.034,2.323529412,,,0.05 < p < 0.10,,,192,,,3804,2,0,3804,6,0.075345603,0.075345603,0.075340649,0.001051898,0.999802722,0.00105169,0.032429775,0.01177829,0.138903007,1,"Control (T4): PSNP only p10
Treatment 1 (T1): L* + N*
Treatment 2 (T2): L* + N
Treatment 3 (T3): L + N* (did not extract this one, as does not include asset grant. Only L* includes the ""poultry start-up package"" see page 5-7 in doc)
livelihoods (L) and nutrition (N) activities and enhanced livelihood (L*) and nutrition (N*) activities",1,"Seveval aspects of the intervention were targeted on women. ""The poultry package and cash grants were targeted exclusively to women."" SPIR livelihoods activities plus (i) social analysis and action (SAA) to improve women’s access to markets",4,Ethiopia SPIR T2,"Ethiopia SPIR (Strengthen PSNP4 Institutions; Resilience Development Food Security Activity)
T1: combined intensive livelihood and enhanced nutrition, T2: intensive livelihood and basic nutrition. The intensive livelihood component included a ""poultry package and cash grants""",1,"UoA is household p16 (equation) 
UoR: kebele ""These packages were combined into multisectoral graduation model programs and randomized at the kebele level into four treatment arms"" piii but no sign that SE are clustered at kebele level for the results in this table",2021,Alderman et al. (2021) Ethiopia SPIR T2,Ethiopia,,,,,,,,,,,,,,,,,,,,,,,,,,,,,,,,,,,,,,,,,,,,,,,,,,,,,,,,,,,,,,,,,,,,,,,,,,,,,,,,,,,,,,,,,,,,,,,,,,,,,,,,,,,,,,,,,,,,,,,,,,,,,,,,,,,,,,,,,,,,,,,,,,,,,,,,,,,,,,,,,,,,,,,,,,,,,,,
Pierre,,121058367,121058367_3,Alderman et al.,SPIR Strengthen PSNP4 Institutions and Resilience,0,36,1,0,1,1,0,1,1,1,Income,Revenue from crop production,"Index. Components: Household earned any income from crops cultivated (Mehr season), Income earned from crops cultivated (Mehr season)",0,"T1: L* + N*:
""Intervention L: SPIR livelihood activities: establishing Village Economic and Social Associations (VESAs), financial literacy training, agriculture and livestock value chain development, home gardening and forage production 
Intervention L*: SPIR livelihoods activities plus (i) social analysis and action (SAA) to improve women’s access to markets, (ii) aspirations promotion activities in randomly selected kebeles, and (iii) targeted poultry or cash livelihood transfers"" p5
""Intervention N: SPIR nutrition activities: Nutrition behavior change communication (BCC); WASH activities 
Intervention N*: SPIR nutrition activities plus (i) Timed and Targeted Counseling (TTC) (more intensive nutrition BCC), (ii) Community-based Participatory Nutrition Promotion (CPNP), (iii) male engagement in BCC, and (iv) Interpersonal Therapy in Groups (IPT-G) interventions for women screened for depression (provided after the midline survey), all supported by a community health facilitator (CHF)"" p5","page: 74; table: 7.2a; table label: Table 7.2a: Summary table, part 1; row label: T1; column label: (4) Revenue from crop production",-0.044,0.05,-0.88,,,p > 0.10,,,192,,,3804,2,0,3804,6,-0.028535955,-0.028535955,-0.028534079,0.001051578,0.999802722,0.001051371,0.032424848,-0.092086781,0.035018624,1,"Control (T4): PSNP only p10
Treatment 1 (T1): L* + N*
Treatment 2 (T2): L* + N
Treatment 3 (T3): L + N* (did not extract this one, as does not include asset grant. Only L* includes the ""poultry start-up package"" see page 5-7 in doc)
livelihoods (L) and nutrition (N) activities and enhanced livelihood (L*) and nutrition (N*) activities",1,"Seveval aspects of the intervention were targeted on women. ""The poultry package and cash grants were targeted exclusively to women."" SPIR livelihoods activities plus (i) social analysis and action (SAA) to improve women’s access to markets",4,Ethiopia SPIR T1,"Ethiopia SPIR (Strengthen PSNP4 Institutions; Resilience Development Food Security Activity)
T1: combined intensive livelihood and enhanced nutrition, T2: intensive livelihood and basic nutrition. The intensive livelihood component included a ""poultry package and cash grants""",1,"UoA is household p16 (equation) 
UoR: kebele ""These packages were combined into multisectoral graduation model programs and randomized at the kebele level into four treatment arms"" piii but no sign that SE are clustered at kebele level for the results in this table",2021,Alderman et al. (2021) Ethiopia SPIR T1,Ethiopia,,,,,,,,,,,,,,,,,,,,,,,,,,,,,,,,,,,,,,,,,,,,,,,,,,,,,,,,,,,,,,,,,,,,,,,,,,,,,,,,,,,,,,,,,,,,,,,,,,,,,,,,,,,,,,,,,,,,,,,,,,,,,,,,,,,,,,,,,,,,,,,,,,,,,,,,,,,,,,,,,,,,,,,,,,,,,,,
Pierre,,121058367,121058367_4,Alderman et al.,SPIR Strengthen PSNP4 Institutions and Resilience,0,36,1,0,1,1,0,0,1,1,Income,Revenue from crop production,"Index. Components: Household earned any income from crops cultivated (Mehr season), Income earned from crops cultivated (Mehr season)",0,"T2: L* + N:
""Intervention L: SPIR livelihood activities: establishing Village Economic and Social Associations (VESAs), financial literacy training, agriculture and livestock value chain development, home gardening and forage production 
Intervention L*: SPIR livelihoods activities plus (i) social analysis and action (SAA) to improve women’s access to markets, (ii) aspirations promotion activities in randomly selected kebeles, and (iii) targeted poultry or cash livelihood transfers"" p5
""Intervention N: SPIR nutrition activities: Nutrition behavior change communication (BCC); WASH activities 
Intervention N*: SPIR nutrition activities plus (i) Timed and Targeted Counseling (TTC) (more intensive nutrition BCC), (ii) Community-based Participatory Nutrition Promotion (CPNP), (iii) male engagement in BCC, and (iv) Interpersonal Therapy in Groups (IPT-G) interventions for women screened for depression (provided after the midline survey), all supported by a community health facilitator (CHF)"" p5","page: 74; table: 7.2a; table label: Table 7.2a: Summary table, part 1; row label: T2; column label: (4) Revenue from crop production",0.006,0.062,0.096774194,,,p > 0.10,,,192,,,3804,2,0,3804,6,0.003138118,0.003138118,0.003137912,0.001051525,0.999802722,0.001051318,0.032424033,-0.060413193,0.066689017,1,"Control (T4): PSNP only p10
Treatment 1 (T1): L* + N*
Treatment 2 (T2): L* + N
Treatment 3 (T3): L + N* (did not extract this one, as does not include asset grant. Only L* includes the ""poultry start-up package"" see page 5-7 in doc)
livelihoods (L) and nutrition (N) activities and enhanced livelihood (L*) and nutrition (N*) activities",1,"Seveval aspects of the intervention were targeted on women. ""The poultry package and cash grants were targeted exclusively to women."" SPIR livelihoods activities plus (i) social analysis and action (SAA) to improve women’s access to markets",4,Ethiopia SPIR T2,"Ethiopia SPIR (Strengthen PSNP4 Institutions; Resilience Development Food Security Activity)
T1: combined intensive livelihood and enhanced nutrition, T2: intensive livelihood and basic nutrition. The intensive livelihood component included a ""poultry package and cash grants""",1,"UoA is household p16 (equation) 
UoR: kebele ""These packages were combined into multisectoral graduation model programs and randomized at the kebele level into four treatment arms"" piii but no sign that SE are clustered at kebele level for the results in this table",2021,Alderman et al. (2021) Ethiopia SPIR T2,Ethiopia,,,,,,,,,,,,,,,,,,,,,,,,,,,,,,,,,,,,,,,,,,,,,,,,,,,,,,,,,,,,,,,,,,,,,,,,,,,,,,,,,,,,,,,,,,,,,,,,,,,,,,,,,,,,,,,,,,,,,,,,,,,,,,,,,,,,,,,,,,,,,,,,,,,,,,,,,,,,,,,,,,,,,,,,,,,,,,,
Pierre,,121058367,121058367_5,Alderman et al.,SPIR Strengthen PSNP4 Institutions and Resilience,0,36,1,0,1,1,0,1,1,1,Savings,Household savings,"Index. Components: Household has any savings, Amount of savings, Household has any savings at home or with a relative, Household has any savings in the bank, Household has any savings with an MFI, Household has any savings with a VESA/VSLA, Household has any savings with a RUSACCO, Primary male reports household membership of VESA/VSLA, Primary male reports household membership of RUSACCO, Primary male reports household has a bank account",0,"T1: L* + N*:
""Intervention L: SPIR livelihood activities: establishing Village Economic and Social Associations (VESAs), financial literacy training, agriculture and livestock value chain development, home gardening and forage production 
Intervention L*: SPIR livelihoods activities plus (i) social analysis and action (SAA) to improve women’s access to markets, (ii) aspirations promotion activities in randomly selected kebeles, and (iii) targeted poultry or cash livelihood transfers"" p5
""Intervention N: SPIR nutrition activities: Nutrition behavior change communication (BCC); WASH activities 
Intervention N*: SPIR nutrition activities plus (i) Timed and Targeted Counseling (TTC) (more intensive nutrition BCC), (ii) Community-based Participatory Nutrition Promotion (CPNP), (iii) male engagement in BCC, and (iv) Interpersonal Therapy in Groups (IPT-G) interventions for women screened for depression (provided after the midline survey), all supported by a community health facilitator (CHF)"" p5","page: 75-76; table: 7.3a; table label: Table 7.3a: Summary table, part 2; row label: T1; column label: (1) Household savings",0.35,0.035,10,,,p < 0.01,,,192,,,3804,2,0,3804,6,0.324272218,0.324272218,0.324250894,0.001058435,0.999802722,0.001058227,0.032530394,0.260491321,0.388010467,1,"Control (T4): PSNP only p10
Treatment 1 (T1): L* + N*
Treatment 2 (T2): L* + N
Treatment 3 (T3): L + N* (did not extract this one, as does not include asset grant. Only L* includes the ""poultry start-up package"" see page 5-7 in doc)
livelihoods (L) and nutrition (N) activities and enhanced livelihood (L*) and nutrition (N*) activities",1,"Seveval aspects of the intervention were targeted on women. ""The poultry package and cash grants were targeted exclusively to women."" SPIR livelihoods activities plus (i) social analysis and action (SAA) to improve women’s access to markets",4,Ethiopia SPIR T1,"Ethiopia SPIR (Strengthen PSNP4 Institutions; Resilience Development Food Security Activity)
T1: combined intensive livelihood and enhanced nutrition, T2: intensive livelihood and basic nutrition. The intensive livelihood component included a ""poultry package and cash grants""",1,"UoA is household p16 (equation) 
UoR: kebele ""These packages were combined into multisectoral graduation model programs and randomized at the kebele level into four treatment arms"" piii but no sign that SE are clustered at kebele level for the results in this table",2021,Alderman et al. (2021) Ethiopia SPIR T1,Ethiopia,,,,,,,,,,,,,,1,,,,,,,,,,,,,,,,,,,,,,,,,,,,,,,,,,,,,,,,,,,,,,,,,,,,,,,,,,,,,,,,,,,,,,,,,,,,,,,,,,,,,,,,,,,,,,,,,,,,,,,,,,,,,,,,,,,,,,,,,,,,,,,,,,,,,,,,,,,,,,,,,,,,,,,,,,,,,,,,,
Pierre,,121058367,121058367_6,Alderman et al.,SPIR Strengthen PSNP4 Institutions and Resilience,0,36,1,0,1,1,0,0,1,1,Savings,Household savings,"Index. Components: Household has any savings, Amount of savings, Household has any savings at home or with a relative, Household has any savings in the bank, Household has any savings with an MFI, Household has any savings with a VESA/VSLA, Household has any savings with a RUSACCO, Primary male reports household membership of VESA/VSLA, Primary male reports household membership of RUSACCO, Primary male reports household has a bank account",0,"T2: L* + N:
""Intervention L: SPIR livelihood activities: establishing Village Economic and Social Associations (VESAs), financial literacy training, agriculture and livestock value chain development, home gardening and forage production 
Intervention L*: SPIR livelihoods activities plus (i) social analysis and action (SAA) to improve women’s access to markets, (ii) aspirations promotion activities in randomly selected kebeles, and (iii) targeted poultry or cash livelihood transfers"" p5
""Intervention N: SPIR nutrition activities: Nutrition behavior change communication (BCC); WASH activities 
Intervention N*: SPIR nutrition activities plus (i) Timed and Targeted Counseling (TTC) (more intensive nutrition BCC), (ii) Community-based Participatory Nutrition Promotion (CPNP), (iii) male engagement in BCC, and (iv) Interpersonal Therapy in Groups (IPT-G) interventions for women screened for depression (provided after the midline survey), all supported by a community health facilitator (CHF)"" p5","page: 75-76; table: 7.3a; table label: Table 7.3a: Summary table, part 2; row label: T2; column label: (1) Household savings",0.34,0.034,10,,,p < 0.01,,,192,,,3804,2,0,3804,6,0.324272218,0.324272218,0.324250894,0.001058435,0.999802722,0.001058227,0.032530394,0.260491321,0.388010467,1,"Control (T4): PSNP only p10
Treatment 1 (T1): L* + N*
Treatment 2 (T2): L* + N
Treatment 3 (T3): L + N* (did not extract this one, as does not include asset grant. Only L* includes the ""poultry start-up package"" see page 5-7 in doc)
livelihoods (L) and nutrition (N) activities and enhanced livelihood (L*) and nutrition (N*) activities",1,"Seveval aspects of the intervention were targeted on women. ""The poultry package and cash grants were targeted exclusively to women."" SPIR livelihoods activities plus (i) social analysis and action (SAA) to improve women’s access to markets",4,Ethiopia SPIR T2,"Ethiopia SPIR (Strengthen PSNP4 Institutions; Resilience Development Food Security Activity)
T1: combined intensive livelihood and enhanced nutrition, T2: intensive livelihood and basic nutrition. The intensive livelihood component included a ""poultry package and cash grants""",1,"UoA is household p16 (equation) 
UoR: kebele ""These packages were combined into multisectoral graduation model programs and randomized at the kebele level into four treatment arms"" piii but no sign that SE are clustered at kebele level for the results in this table",2021,Alderman et al. (2021) Ethiopia SPIR T2,Ethiopia,,,,,,,,,,,,,1,1,Selected. Why T1 or 2?,,,,,,,,,,,,,,,,,,,,,,,,,,,,,,,,,,,,,,,,,,,,,,,,,,,,,,,,,,,,,,,,,,,,,,,,,,,,,,,,,,,,,,,,,,,,,,,,,,,,,,,,,,,,,,,,,,,,,,,,,,,,,,,,,,,,,,,,,,,,,,,,,,,,,,,,,,,,,,,,
Pierre,,121058367,121058367_7,Alderman et al.,SPIR Strengthen PSNP4 Institutions and Resilience,0,36,1,0,1,1,0,1,1,1,Assets,Aggregate assets,"Index. Components: Estimated value of livestock owned, Estimated value of livestock owned by the female, Household livestock asset index, Household productive asset index, Consumer durable asset index, Household total asset index",0,"T1: L* + N*:
""Intervention L: SPIR livelihood activities: establishing Village Economic and Social Associations (VESAs), financial literacy training, agriculture and livestock value chain development, home gardening and forage production 
Intervention L*: SPIR livelihoods activities plus (i) social analysis and action (SAA) to improve women’s access to markets, (ii) aspirations promotion activities in randomly selected kebeles, and (iii) targeted poultry or cash livelihood transfers"" p5
""Intervention N: SPIR nutrition activities: Nutrition behavior change communication (BCC); WASH activities 
Intervention N*: SPIR nutrition activities plus (i) Timed and Targeted Counseling (TTC) (more intensive nutrition BCC), (ii) Community-based Participatory Nutrition Promotion (CPNP), (iii) male engagement in BCC, and (iv) Interpersonal Therapy in Groups (IPT-G) interventions for women screened for depression (provided after the midline survey), all supported by a community health facilitator (CHF)"" p5","page: 75-76; table: 7.3a; table label: Table 7.3a: Summary table, part 2; row label: T1; column label: (5) Aggregate assets",0.016,0.067,0.23880597,,,p > 0.10,,,192,,,3812,2,0,3812,6,0.007735684,0.007735684,0.007735177,0.001049322,0.999803137,0.001049115,0.032390049,-0.05574932,0.071219673,1,"Control (T4): PSNP only p10
Treatment 1 (T1): L* + N*
Treatment 2 (T2): L* + N
Treatment 3 (T3): L + N* (did not extract this one, as does not include asset grant. Only L* includes the ""poultry start-up package"" see page 5-7 in doc)
livelihoods (L) and nutrition (N) activities and enhanced livelihood (L*) and nutrition (N*) activities",1,"Seveval aspects of the intervention were targeted on women. ""The poultry package and cash grants were targeted exclusively to women."" SPIR livelihoods activities plus (i) social analysis and action (SAA) to improve women’s access to markets",4,Ethiopia SPIR T1,"Ethiopia SPIR (Strengthen PSNP4 Institutions; Resilience Development Food Security Activity)
T1: combined intensive livelihood and enhanced nutrition, T2: intensive livelihood and basic nutrition. The intensive livelihood component included a ""poultry package and cash grants""",1,"UoA is household p16 (equation) 
UoR: kebele ""These packages were combined into multisectoral graduation model programs and randomized at the kebele level into four treatment arms"" piii but no sign that SE are clustered at kebele level for the results in this table",2021,Alderman et al. (2021) Ethiopia SPIR T1,Ethiopia,,,,,,,,,,,,,,,,,,,,,,,,,,,,,,,,,,,,,,,,,,,,,,,,,,,,,,,,,,,,,,,,,,,,,,,,,,,,,,,,,,,,,,,,,,,,,,,,,,,,,,,,,,,,,,,,,,,,,,,,,,,,,,,,,,,,,,,,,,,,,,,,,,,,,,,,,,,,,,,,,,,,,,,,,,,,,,,
Pierre,,121058367,121058367_8,Alderman et al.,SPIR Strengthen PSNP4 Institutions and Resilience,0,36,1,0,1,1,0,0,1,1,Assets,Aggregate assets,"Index. Components: Estimated value of livestock owned, Estimated value of livestock owned by the female, Household livestock asset index, Household productive asset index, Consumer durable asset index, Household total asset index",0,"T2: L* + N:
""Intervention L: SPIR livelihood activities: establishing Village Economic and Social Associations (VESAs), financial literacy training, agriculture and livestock value chain development, home gardening and forage production 
Intervention L*: SPIR livelihoods activities plus (i) social analysis and action (SAA) to improve women’s access to markets, (ii) aspirations promotion activities in randomly selected kebeles, and (iii) targeted poultry or cash livelihood transfers"" p5
""Intervention N: SPIR nutrition activities: Nutrition behavior change communication (BCC); WASH activities 
Intervention N*: SPIR nutrition activities plus (i) Timed and Targeted Counseling (TTC) (more intensive nutrition BCC), (ii) Community-based Participatory Nutrition Promotion (CPNP), (iii) male engagement in BCC, and (iv) Interpersonal Therapy in Groups (IPT-G) interventions for women screened for depression (provided after the midline survey), all supported by a community health facilitator (CHF)"" p5","page: 75-76; table: 7.3a; table label: Table 7.3a: Summary table, part 2; row label: T2; column label: (5) Aggregate assets",0.027,0.061,0.442622951,,,p > 0.10,,,192,,,3812,2,0,3812,6,0.014337964,0.014337964,0.014337023,0.001049331,0.999803137,0.001049125,0.032390197,-0.049147763,0.077821809,1,"Control (T4): PSNP only p10
Treatment 1 (T1): L* + N*
Treatment 2 (T2): L* + N
Treatment 3 (T3): L + N* (did not extract this one, as does not include asset grant. Only L* includes the ""poultry start-up package"" see page 5-7 in doc)
livelihoods (L) and nutrition (N) activities and enhanced livelihood (L*) and nutrition (N*) activities",1,"Seveval aspects of the intervention were targeted on women. ""The poultry package and cash grants were targeted exclusively to women."" SPIR livelihoods activities plus (i) social analysis and action (SAA) to improve women’s access to markets",4,Ethiopia SPIR T2,"Ethiopia SPIR (Strengthen PSNP4 Institutions; Resilience Development Food Security Activity)
T1: combined intensive livelihood and enhanced nutrition, T2: intensive livelihood and basic nutrition. The intensive livelihood component included a ""poultry package and cash grants""",1,"UoA is household p16 (equation) 
UoR: kebele ""These packages were combined into multisectoral graduation model programs and randomized at the kebele level into four treatment arms"" piii but no sign that SE are clustered at kebele level for the results in this table",2021,Alderman et al. (2021) Ethiopia SPIR T2,Ethiopia,,,,,,,,,,,,,,,,,,,,,,,,,,,,,,,,,,,,,,,,,,,,,,,,,,,,,,,,,,,,,,,,,,,,,,,,,,,,,,,,,,,,,,,,,,,,,,,,,,,,,,,,,,,,,,,,,,,,,,,,,,,,,,,,,,,,,,,,,,,,,,,,,,,,,,,,,,,,,,,,,,,,,,,,,,,,,,,
Pierre,,121058367,121058367_9,Alderman et al.,SPIR Strengthen PSNP4 Institutions and Resilience,0,36,1,0,1,1,0,1,1,1,Expenditure,Consumption,"Index. Components: Total value of monthly food consumption per adult equivalent (birr), Monthly expenditure on non-food items per adult equivalent (birr), Total consumption expenditure per month per adult equivalent (birr), Calories of daily food consumption per adult equivalent (kcal)",0,"T1: L* + N*:
""Intervention L: SPIR livelihood activities: establishing Village Economic and Social Associations (VESAs), financial literacy training, agriculture and livestock value chain development, home gardening and forage production 
Intervention L*: SPIR livelihoods activities plus (i) social analysis and action (SAA) to improve women’s access to markets, (ii) aspirations promotion activities in randomly selected kebeles, and (iii) targeted poultry or cash livelihood transfers"" p5
""Intervention N: SPIR nutrition activities: Nutrition behavior change communication (BCC); WASH activities 
Intervention N*: SPIR nutrition activities plus (i) Timed and Targeted Counseling (TTC) (more intensive nutrition BCC), (ii) Community-based Participatory Nutrition Promotion (CPNP), (iii) male engagement in BCC, and (iv) Interpersonal Therapy in Groups (IPT-G) interventions for women screened for depression (provided after the midline survey), all supported by a community health facilitator (CHF)"" p5","page: 75-76; table: 7.3a; table label: Table 7.3a: Summary table, part 2; row label: T1; column label: (8) Consumption",-0.043,0.057,-0.754385965,,,p > 0.10,,,192,,,3810,2,0,3810,6,-0.024443371,-0.024443371,-0.024441767,0.001049908,0.999803033,0.001049701,0.032399092,-0.087943987,0.039060454,1,"Control (T4): PSNP only p10
Treatment 1 (T1): L* + N*
Treatment 2 (T2): L* + N
Treatment 3 (T3): L + N* (did not extract this one, as does not include asset grant. Only L* includes the ""poultry start-up package"" see page 5-7 in doc)
livelihoods (L) and nutrition (N) activities and enhanced livelihood (L*) and nutrition (N*) activities",1,"Seveval aspects of the intervention were targeted on women. ""The poultry package and cash grants were targeted exclusively to women."" SPIR livelihoods activities plus (i) social analysis and action (SAA) to improve women’s access to markets",4,Ethiopia SPIR T1,"Ethiopia SPIR (Strengthen PSNP4 Institutions; Resilience Development Food Security Activity)
T1: combined intensive livelihood and enhanced nutrition, T2: intensive livelihood and basic nutrition. The intensive livelihood component included a ""poultry package and cash grants""",1,"UoA is household p16 (equation) 
UoR: kebele ""These packages were combined into multisectoral graduation model programs and randomized at the kebele level into four treatment arms"" piii but no sign that SE are clustered at kebele level for the results in this table",2021,Alderman et al. (2021) Ethiopia SPIR T1,Ethiopia,,,,,,,,,,,,,,,,,,,,,,,,,,,,,,,,,,,,,,,,,,,,,,,,,,,,,,,,,,,,,,,,,,,,,,,,,,,,,,,,,,,,,,,,,,,,,,,,,,,,,,,,,,,,,,,,,,,,,,,,,,,,,,,,,,,,,,,,,,,,,,,,,,,,,,,,,,,,,,,,,,,,,,,,,,,,,,,
Farzana,,121295428,121295428_1,Alderman et.al,Poultry package transfer,5,1,1,0,1,1,0,0,1,1,Assets,Assets,Total number of poultry owned by household,0,Pvd and Cvd,page: 8; table: 4; table label: Table 4 Treatment effects on poultry ownership by household Full sample.; row label: Randomized to poultry sub-arm ; column label: (2) Total number of poultry owned by household,7.56,0.496,15.24,,,*** p < 0.01,,,,,,"3,114",2,0,3114,6,0.546274352,0.546274352,0.546230464,0.001308479,0.999758978,0.001308164,0.036168546,0.475340114,0.617120814,1,"SPIR I project: T1: combined intensive livelihood and enhanced nutrition, T2: intensive livelihood and basic nutrition, T3: basic livelihood and enhanced nutrition, and T4: a control group. ""The inclusion criteria for the sample were that households had to (1) be a PSNP client household"". Should only map/extract T1 and T2. The intensive livelihood component included The poultry package and cash grants. see 121058367",1,"One aspect of the intervention was targeted on women. ""The poultry package and cash grants were targeted exclusively to women.""",4,Ethiopia SPIR Poultry arm,"Ethiopia SPIR (Strengthen PSNP4 Institutions; Resilience Development Food Security Activity)
T1: combined intensive livelihood and enhanced nutrition, T2: intensive livelihood and basic nutrition. The intensive livelihood component included a ""poultry package and cash grants""",0,"UoA is household p4 (equation) 
UoR: kebele p3, SE clustered at kebele level p5-end",2022,Alderman et.al (2022) Ethiopia SPIR Poultry arm,Ethiopia,,,,,,,,,,,,,,,,,,,,,,,,,,,,,,,,,,,,,,,,,,,,,,,,,,,,,,,,,,,,,,,,,,,,,,,,,,,,,,,,,,,,,,,,,,,,,,,,,,,,,,,,,,,,,,,,,,,,,,,,,,,,,,,,,,,,,,,,,,,,,,,,,,,,,,,,,,,,,,,,,,,,,,,,,,,,,,,
Farzana,,121295428,121295428_2,Alderman et.al,Poultry package transfer,5,1,1,0,1,1,0,0,1,1,Assets,Assets,Total number of poultry owned by household,0,Pvd and Cvd,page: 8; table: 4; table label: Table 4 Treatment effects on poultry ownership by household Full sample.; row label: Randomized to cash sub-arm ; column label: (2) Total number of poultry owned by household,0.358,0.269,1.33,,,Not significant,,,,,,"3,114",2,0,3114,6,0.047698139,0.047698139,0.047694307,0.001284704,0.999758978,0.001284395,0.03583845,-0.022549055,0.11793767,1,"SPIR I project: T1: combined intensive livelihood and enhanced nutrition, T2: intensive livelihood and basic nutrition, T3: basic livelihood and enhanced nutrition, and T4: a control group. ""The inclusion criteria for the sample were that households had to (1) be a PSNP client household"". Should only map/extract T1 and T2. The intensive livelihood component included The poultry package and cash grants. see 121058367",1,"One aspect of the intervention was targeted on women. ""The poultry package and cash grants were targeted exclusively to women.""",4,Ethiopia SPIR Cash arm,"Ethiopia SPIR (Strengthen PSNP4 Institutions; Resilience Development Food Security Activity)
T1: combined intensive livelihood and enhanced nutrition, T2: intensive livelihood and basic nutrition. The intensive livelihood component included a ""poultry package and cash grants""",0,"UoA is household p4 (equation) 
UoR: kebele p3, SE clustered at kebele level p5-end",2022,Alderman et.al (2022) Ethiopia SPIR Cash arm,Ethiopia,,,,,,,,,,,,,,,,,,,,,,,,,,,,,,,,,,,,,,,,,,,,,,,,,,,,,,,,,,,,,,,,,,,,,,,,,,,,,,,,,,,,,,,,,,,,,,,,,,,,,,,,,,,,,,,,,,,,,,,,,,,,,,,,,,,,,,,,,,,,,,,,,,,,,,,,,,,,,,,,,,,,,,,,,,,,,,,
Farzana,,121295428,121295428_3,Alderman et.al,Poultry package transfer,5,1,1,0,1,1,0,0,1,1,Assets,Assets,Amount of income earned from egg sales in last 30 days (Birr) ,0,Pvd and Cvd,page: 10; table: 6; table label: Table 6 Treatment effects on poultry and egg sales by household. ; row label: Randomized to poultry sub-arm ; column label: (4) Amount of income earned from egg sales in last 30 days (Birr) ,14.397,5.105,2.82,,,*** p < 0.01,,,,,,"3,079",1,0,3079,6,0.101648602,0.101648602,0.101640342,0.001299962,0.999756236,0.001299645,0.036050592,0.030981183,0.172299502,1,"SPIR I project: T1: combined intensive livelihood and enhanced nutrition, T2: intensive livelihood and basic nutrition, T3: basic livelihood and enhanced nutrition, and T4: a control group. ""The inclusion criteria for the sample were that households had to (1) be a PSNP client household"". Should only map/extract T1 and T2. The intensive livelihood component included The poultry package and cash grants. see 121058367",1,"One aspect of the intervention was targeted on women. ""The poultry package and cash grants were targeted exclusively to women.""",4,Ethiopia SPIR Poultry arm,"Ethiopia SPIR (Strengthen PSNP4 Institutions; Resilience Development Food Security Activity)
T1: combined intensive livelihood and enhanced nutrition, T2: intensive livelihood and basic nutrition. The intensive livelihood component included a ""poultry package and cash grants""",0,"UoA is household p4 (equation) 
UoR: kebele p3, SE clustered at kebele level p5-end",2022,Alderman et.al (2022) Ethiopia SPIR Poultry arm,Ethiopia,,,,,,,,,,,,,,,,,,,,,,,,,,,,,,,,,,,,,,,,,,,,,,,,,,,,,,,,,,,,,,,,,,,,,,,,,,,,,,,,,,,,,,,,,,,,,,,,,,,,,,,,,,,,,,,,,,,,,,,,,,,,,,,,,,,,,,,,,,,,,,,,,,,,,,,,,,,,,,,,,,,,,,,,,,,,,,,
Farzana,,121295428,121295428_4,Alderman et.al,Poultry package transfer,5,1,1,0,1,1,0,0,1,1,Assets,Assets,Amount of income earned from egg sales in last 30 days (Birr) ,0,Pvd and Cvd,page: 10; table: 6; table label: Table 6 Treatment effects on poultry and egg sales by household. ; row label: Randomized to cash sub-arm ; column label: (4) Amount of income earned from egg sales in last 30 days (Birr) ,8.069,3.446,2.34,,,** p < 0.05,,,,,,"3,079",1,0,3079,6,0.084397502,0.084397502,0.084390645,0.001299701,0.999756236,0.001299385,0.036046978,0.013738568,0.155042721,1,"SPIR I project: T1: combined intensive livelihood and enhanced nutrition, T2: intensive livelihood and basic nutrition, T3: basic livelihood and enhanced nutrition, and T4: a control group. ""The inclusion criteria for the sample were that households had to (1) be a PSNP client household"". Should only map/extract T1 and T2. The intensive livelihood component included The poultry package and cash grants. see 121058367",1,"One aspect of the intervention was targeted on women. ""The poultry package and cash grants were targeted exclusively to women.""",4,Ethiopia SPIR Cash arm,"Ethiopia SPIR (Strengthen PSNP4 Institutions; Resilience Development Food Security Activity)
T1: combined intensive livelihood and enhanced nutrition, T2: intensive livelihood and basic nutrition. The intensive livelihood component included a ""poultry package and cash grants""",0,"UoA is household p4 (equation) 
UoR: kebele p3, SE clustered at kebele level p5-end",2022,Alderman et.al (2022) Ethiopia SPIR Cash arm,Ethiopia,,,,,,,,,,,,,,,,,,,,,,,,,,,,,,,,,,,,,,,,,,,,,,,,,,,,,,,,,,,,,,,,,,,,,,,,,,,,,,,,,,,,,,,,,,,,,,,,,,,,,,,,,,,,,,,,,,,,,,,,,,,,,,,,,,,,,,,,,,,,,,,,,,,,,,,,,,,,,,,,,,,,,,,,,,,,,,,
Jiumei,NA,121058368,121058368_1,Banerjee et al.,Graduation from Ultra Poverty (GUP),42,42,1,1,1,1,1,1,0,1,Expenditure,"Total consumption per capita, month","""…total consumption per capita per month"" (P.35).",0,Any GUP,"page: 35; table: 8; table label: Table 8: Effects on per capita consumption; row label: Any GUP; column label: Followup (5) Total consumption per capita, month",3.22,1.19,2.705882353,,,p<0.01,,,,,,2434,2,0,2434,6,0.109692925,0.109692925,0.109681648,0.001644621,0.99969158,0.001644114,0.040547676,0.030208204,0.189155093,0,"The Graduation from Ultra Poor (GUP) project in Ghana involves three treatment arms: the full Graduation from Ultra Poor (GUP) arm (asset transfer, consumption stipend, health care component, coaching, education on finances health and nutrition), the Savings Out of Ultra Poverty arm (SOUP) (opening of savings accounts), and the Asset Only arm (AO) (asset transfer). GUP and SOUP also have sub-treatment arms within their interventions. "" p12
""In addition to pure control communities, there were control households within treatment communities (to identify spillovers).""  They however do not report spillover effects. They include all control households in the analysis so maybe authors are underestimating the effects (ROB issue).  ",0,Target ultra-poor households (no women in particular) p22,5,Ghana GUP,Ghana GUP (Graduation from Ultra Poverty),0,UoA=UoR both at the household level p3 and p6,2017,Banerjee et al. (2017) Ghana GUP,Ghana,,,,,,,,,,,,,,,,,,,,,,,,,,,,,,,,,,,,,,,,,,,,,,,,,,,,,,,,,,,,,,,,,,,,,,,,,,,,,,,,,,,,,,,,,,,,,,,,,,,,,,,,,,,,,,,,,,,,,,,,,,,,,,,,,,,,,,,,,,,,,,,,,,,,,,,,,,,,,,,,,,,,,,,,,,,,,,,
Jiumei,NA,121058368,121058368_15,Banerjee et al.,Graduation from Ultra Poverty (GUP),42,42,1,1,1,1,1,1,0,1,Assets,Asset Index,Asset Index,0,Any GUP,page: 37; table: 10; table label: Table 10: Effects on asset ownership; row label: Any GUP; column label: Followup (4) Asset Index,0.34,0.06,5.666666667,,,p<0.01,,,,,,2442,2,0,2442,6,0.229342653,0.229342653,0.229319153,0.001643386,0.999692591,0.001642881,0.040532471,0.14987551,0.308762795,0,"The Graduation from Ultra Poor (GUP) project in Ghana involves three treatment arms: the full Graduation from Ultra Poor (GUP) arm (asset transfer, consumption stipend, health care component, coaching, education on finances health and nutrition), the Savings Out of Ultra Poverty arm (SOUP) (opening of savings accounts), and the Asset Only arm (AO) (asset transfer). GUP and SOUP also have sub-treatment arms within their interventions. "" p12
""In addition to pure control communities, there were control households within treatment communities (to identify spillovers).""  They however do not report spillover effects. They include all control households in the analysis so maybe authors are underestimating the effects (ROB issue).  ",0,Target ultra-poor households (no women in particular) p22,5,Ghana GUP,Ghana GUP (Graduation from Ultra Poverty),0,UoA=UoR both at the household level p3 and p6,2017,Banerjee et al. (2017) Ghana GUP,Ghana,,,,,,,,,,,,,,,,,,,,,,,,,,,,,,,,,,,,,,,,,,,,,,,,,,,,,,,,,,,,,,,,,,,,,,,,,,,,,,,,,,,,,,,,,,,,,,,,,,,,,,,,,,,,,,,,,,,,,,,,,,,,,,,,,,,,,,,,,,,,,,,,,,,,,,,,,,,,,,,,,,,,,,,,,,,,,,,
Jiumei,NA,121058368,121058368_17,Banerjee et al.,Graduation from Ultra Poverty (GUP),42,42,1,1,1,1,1,1,0,1,Savings,Total savings,"""…total savings"" (P.42).",0,Any GUP,page: 38; table: 11; table label: Table 11: Effects on financial inclusion; row label: Any GUP; column label: Followup (4) Total savings,10.5,2.39,4.393305439,,,p<0.01,,,,,,2435,2,0,2435,6,0.178062272,0.178062272,0.178043974,0.001645966,0.999691707,0.001645458,0.040564249,0.098538046,0.257549902,0,"The Graduation from Ultra Poor (GUP) project in Ghana involves three treatment arms: the full Graduation from Ultra Poor (GUP) arm (asset transfer, consumption stipend, health care component, coaching, education on finances health and nutrition), the Savings Out of Ultra Poverty arm (SOUP) (opening of savings accounts), and the Asset Only arm (AO) (asset transfer). GUP and SOUP also have sub-treatment arms within their interventions. "" p12
""In addition to pure control communities, there were control households within treatment communities (to identify spillovers).""  They however do not report spillover effects. They include all control households in the analysis so maybe authors are underestimating the effects (ROB issue).  ",0,Target ultra-poor households (no women in particular) p22,5,Ghana GUP,Ghana GUP (Graduation from Ultra Poverty),0,UoA=UoR both at the household level p3 and p6,2017,Banerjee et al. (2017) Ghana GUP,Ghana,,,,,,,,,,,,,1,1,,,,,,,,,,,,,,,,,,,,,,,,,,,,,,,,,,,,,,,,,,,,,,,,,,,,,,,,,,,,,,,,,,,,,,,,,,,,,,,,,,,,,,,,,,,,,,,,,,,,,,,,,,,,,,,,,,,,,,,,,,,,,,,,,,,,,,,,,,,,,,,,,,,,,,,,,,,,,,,,,
Jiumei,NA,121058368,121058368_19,Banerjee et al.,Graduation from Ultra Poverty (GUP),47,47,1,1,1,1,1,1,0,1,Income,"Household livestock revenue, month","""...monthly revenue from livestock..."" (P.42).",0,Any GUP,"page: 39; table: 12; table label: Table 12: Effects on income and revenues; row label: Any GUP; column label: Followup (5) Household livestock revenue, month",13.6,2.43,5.596707819,,,p<0.01,,,,,,2436,2,0,2436,6,0.226790046,0.226790046,0.226766749,0.001647315,0.999691834,0.001646807,0.04058087,0.147228245,0.306305254,0,"The Graduation from Ultra Poor (GUP) project in Ghana involves three treatment arms: the full Graduation from Ultra Poor (GUP) arm (asset transfer, consumption stipend, health care component, coaching, education on finances health and nutrition), the Savings Out of Ultra Poverty arm (SOUP) (opening of savings accounts), and the Asset Only arm (AO) (asset transfer). GUP and SOUP also have sub-treatment arms within their interventions. "" p12
""In addition to pure control communities, there were control households within treatment communities (to identify spillovers).""  They however do not report spillover effects. They include all control households in the analysis so maybe authors are underestimating the effects (ROB issue).  ",0,Target ultra-poor households (no women in particular) p22,5,Ghana GUP,Ghana GUP (Graduation from Ultra Poverty),0,UoA=UoR both at the household level p3 and p6,2017,Banerjee et al. (2017) Ghana GUP,Ghana,,,,,,,,,,,,,,,,,,,,,,,,,,,,,,,,,,,,,,,,,,,,,,,,,,,,,,,,,,,,,,,,,,,,,,,,,,,,,,,,,,,,,,,,,,,,,,,,,,,,,,,,,,,,,,,,,,,,,,,,,,,,,,,,,,,,,,,,,,,,,,,,,,,,,,,,,,,,,,,,,,,,,,,,,,,,,,,
Jiumei,NA,121058368,121058368_2,Banerjee et al.,Graduation from Ultra Poverty (GUP),42,42,1,1,1,1,1,1,0,1,Expenditure,"Food consumption per capita, month","Food consumption per capita, month",0,Any GUP,"page: 35; table: 8; table label: Table 8: Effects on per capita consumption; row label: Any GUP; column label: Followup (6) Food consumption per capita, month",2.41,0.81,2.975308642,,,p<0.01,,,,,,2434,2,0,2434,6,0.120615114,0.120615114,0.120602714,0.00164488,0.99969158,0.001644372,0.040550861,0.041123027,0.200082401,0,"The Graduation from Ultra Poor (GUP) project in Ghana involves three treatment arms: the full Graduation from Ultra Poor (GUP) arm (asset transfer, consumption stipend, health care component, coaching, education on finances health and nutrition), the Savings Out of Ultra Poverty arm (SOUP) (opening of savings accounts), and the Asset Only arm (AO) (asset transfer). GUP and SOUP also have sub-treatment arms within their interventions. "" p12
""In addition to pure control communities, there were control households within treatment communities (to identify spillovers).""  They however do not report spillover effects. They include all control households in the analysis so maybe authors are underestimating the effects (ROB issue).  ",0,Target ultra-poor households (no women in particular) p22,5,Ghana GUP,Ghana GUP (Graduation from Ultra Poverty),0,UoA=UoR both at the household level p3 and p6,2017,Banerjee et al. (2017) Ghana GUP,Ghana,,,,,,,,1,,,,,,,,,,,,,,,,,,,,,,,,,,,,,,,,,,,,,,,,,,,,,,,,,,,,,,,,,,,,,,,,,,,,,,,,,,,,,,,,,,,,,,,,,,,,,,,,,,,,,,,,,,,,,,,,,,,,,,,,,,,,,,,,,,,,,,,,,,,,,,,,,,,,,,,,,,,,,,,,,,,,,,,
Jiumei,NA,121058368,121058368_3,Banerjee et al.,Graduation from Ultra Poverty (GUP),42,42,1,1,1,1,1,1,0,1,Expenditure,"Nonfood consumption per capita, month","Nonfood consumption per capita, month",0,Any GUP,"page: 35; table: 8; table label: Table 8: Effects on per capita consumption; row label: Any GUP; column label: Followup (7) Nonfood consumption per capita, month",0.55,0.66,0.833333333,,,p>0.1,,,,,,2438,2,0,2438,6,0.033754517,0.033754517,0.033751053,0.001640806,0.999692087,0.001640301,0.040500626,-0.045630174,0.113132279,0,"The Graduation from Ultra Poor (GUP) project in Ghana involves three treatment arms: the full Graduation from Ultra Poor (GUP) arm (asset transfer, consumption stipend, health care component, coaching, education on finances health and nutrition), the Savings Out of Ultra Poverty arm (SOUP) (opening of savings accounts), and the Asset Only arm (AO) (asset transfer). GUP and SOUP also have sub-treatment arms within their interventions. "" p12
""In addition to pure control communities, there were control households within treatment communities (to identify spillovers).""  They however do not report spillover effects. They include all control households in the analysis so maybe authors are underestimating the effects (ROB issue).  ",0,Target ultra-poor households (no women in particular) p22,5,Ghana GUP,Ghana GUP (Graduation from Ultra Poverty),0,UoA=UoR both at the household level p3 and p6,2017,Banerjee et al. (2017) Ghana GUP,Ghana,,,,,,,1,1,Selected as longest length of follow up,,,,,,,,,,,,,,,,,,,,,,,,,,,,,,,,,,,,,,,,,,,,,,,,,,,,,,,,,,,,,,,,,,,,,,,,,,,,,,,,,,,,,,,,,,,,,,,,,,,,,,,,,,,,,,,,,,,,,,,,,,,,,,,,,,,,,,,,,,,,,,,,,,,,,,,,,,,,,,,,,,,,,,
Pierre,,121058373,121058373_10,Banerjee et al.,Graduation from Ultra Poverty (GUP),12,36,1,1,1,1,1,1,0,1,Assets,Asset index,"Weighted asset index: In each of the six countries, households are asked about whether or not they own each of several types of durable goods and livestock, and how many of each type they own. In each of the six sites, there is also either information on the current value of those livestock, or on the median value of purchased livestock.
The asset index was constructed using the value of goats as the numeraire. Goats were chosen because they are an asset held in common across all six sites. The process for creating the index was as follows: 1. The median unit value for each asset (durable goods and livestock) was calculated in each country (for durable goods, only in Pakistan, Honduras, Peru and Ethiopia; for livestock, in all six countries). In Ethiopia, the median value is found from all households who own the good and offered a valuation of it. In Pakistan, Peru and Honduras the median is calculated from households that purchased the good in the past 12 months. 2. In each site, the value of each asset in terms of goats (the numeraire) was calculated by dividing the unit value of each asset by the median unit value of goats. For example, a bicycle in Ethiopia is expressed as 1.34 goats. 3. For every durable good and type of livestock, the medians from each of the countries where price information about the good is available are combined to construct a single, cross-site median value of each good in terms of goats. 4. Total asset value, productive asset value, and household asset value in terms of goats is calculated for all six sites by multiplying the cross-site unit value of each asset (expressed in terms of goats) by the number of each asset owned. 5. These values are then standardized to the control group within each country and survey round and reported as weighted indices.",0,Full intervention,"page: 39; table: S4b; table label: Table S4b: Indexed Family Outcome Variables and Aggregates, Ghana; row label: Asset index; column label: Endline 2 (3) Standardized Mean Treatment Effect",0.342,0.057,6,,,p < 0.01,,,Standard errors are clustered at the level at which randomization took place.,666,1940,2606,2,0,2606,5,0.269463829,0.269463829,0.269437956,0.001541885,0.999711954,0.001541441,0.03926119,0.192486025,0.346389888,0,"""Consumption support was provided everywhere, but in two sites (Ethiopia and Peru), a form of consumption support already existed before the program started, so it was available for all (Ethiopia) or part (Peru) of the control group, as well. In Ethiopia, both treatment and control households received benefits from the Productive Safety Net Programme (PSNP), a food-forwork program for food-insecure households. For this reason, the program did not offer any additional consumption support to treatment households. In Peru, a conditional cash transfer program, Juntos, was active in 51 of the 86 project villages. Juntos provides PEN 200 (PPP US$143.33) every 2 months"" p774
The Ethiopian project is not SPIR I or II but is the programme evaluated in 121327221 Barker. THere may be an overlap in some estimates but Barker includes long-term effects. ",0,"No ""The program targets the poorest members in a village"" p772",5,Ghana GUP,Ethiopia REST (program implemented by Tigrigna NGO Relief Society of Tigray); Ghana GUP (Graduation from Ultra Poverty); India TUP (Targeting the Ultra Poor); Pakistan Not NAME (Project within Sindh Region); Peru HW (Haku Wiñay); ,0,Standard errors are clustered at the level at which randomization took place.,2015,Banerjee et al. (2015) Ghana GUP,Ghana,,,,,,,,,,,,,,,,,,,,,,,,,,,,,,,,,,,,,,,,,,,,,,,,,,,,,,,,,,,,,,,,,,,,,,,,,,,,,,,,,,,,,,,,,,,,,,,,,,,,,,,,,,,,,,,,,,,,,,,,,,,,,,,,,,,,,,,,,,,,,,,,,,,,,,,,,,,,,,,,,,,,,,,,,,,,,,,
Pierre,,121058373,121058373_11,Banerjee et al.,Graduation from Ultra Poverty (GUP),1,24,1,1,1,1,1,1,0,1,Income,Incomes and revenues index (five components),"Agricultural income (revenues minus expenses: Crop production, land rents and expenses) + Livestock revenue (Revenues from sales, slaughters, output production) + Non-farm micro-enterprise: equal to total sales minus total expenses.",0,Full intervention,"page: 39; table: S4b; table label: Table S4b: Indexed Family Outcome Variables and Aggregates, Ghana; row label: Incomes and revenues index (five components); column label: Endline 1 (1) Standardized Mean Treatment Effect",0.156,0.049,3.183673469,,,p < 0.01,,,Standard errors are clustered at the level at which randomization took place.,666,1940,2606,2,0,2606,5,0.142980807,0.142980807,0.142967079,0.001536881,0.999711954,0.001536438,0.039197422,0.066140131,0.219794027,0,"""Consumption support was provided everywhere, but in two sites (Ethiopia and Peru), a form of consumption support already existed before the program started, so it was available for all (Ethiopia) or part (Peru) of the control group, as well. In Ethiopia, both treatment and control households received benefits from the Productive Safety Net Programme (PSNP), a food-forwork program for food-insecure households. For this reason, the program did not offer any additional consumption support to treatment households. In Peru, a conditional cash transfer program, Juntos, was active in 51 of the 86 project villages. Juntos provides PEN 200 (PPP US$143.33) every 2 months"" p774
The Ethiopian project is not SPIR I or II but is the programme evaluated in 121327221 Barker. THere may be an overlap in some estimates but Barker includes long-term effects. ",0,"No ""The program targets the poorest members in a village"" p772",5,Ghana GUP,Ethiopia REST (program implemented by Tigrigna NGO Relief Society of Tigray); Ghana GUP (Graduation from Ultra Poverty); India TUP (Targeting the Ultra Poor); Pakistan Not NAME (Project within Sindh Region); Peru HW (Haku Wiñay); ,0,Standard errors are clustered at the level at which randomization took place.,2015,Banerjee et al. (2015) Ghana GUP,Ghana,,,,,,,,,,,,,,,,,,,,,,,,,,,,,,,,,,,,,,,,,,,,,,,,,,,,,,,,,,,,,,,,,,,,,,,,,,,,,,,,,,,,,,,,,,,,,,,,,,,,,,,,,,,,,,,,,,,,,,,,,,,,,,,,,,,,,,,,,,,,,,,,,,,,,,,,,,,,,,,,,,,,,,,,,,,,,,,
Pierre,,121058373,121058373_12,Banerjee et al.,Graduation from Ultra Poverty (GUP),12,36,1,1,1,1,1,1,0,1,Income,Incomes and revenues index (five components),"Agricultural income (revenues minus expenses: Crop production, land rents and expenses) + Livestock revenue (Revenues from sales, slaughters, output production) + Non-farm micro-enterprise: equal to total sales minus total expenses.",0,Full intervention,"page: 39; table: S4b; table label: Table S4b: Indexed Family Outcome Variables and Aggregates, Ghana; row label: Incomes and revenues index (five components); column label: Endline 2 (3) Standardized Mean Treatment Effect",0.33,0.063,5.238095238,,,p < 0.01,,,Standard errors are clustered at the level at which randomization took place.,666,1940,2606,2,0,2606,5,0.2352462,0.2352462,0.235223613,0.001540228,0.999711954,0.001539785,0.039240091,0.158313034,0.312134191,0,"""Consumption support was provided everywhere, but in two sites (Ethiopia and Peru), a form of consumption support already existed before the program started, so it was available for all (Ethiopia) or part (Peru) of the control group, as well. In Ethiopia, both treatment and control households received benefits from the Productive Safety Net Programme (PSNP), a food-forwork program for food-insecure households. For this reason, the program did not offer any additional consumption support to treatment households. In Peru, a conditional cash transfer program, Juntos, was active in 51 of the 86 project villages. Juntos provides PEN 200 (PPP US$143.33) every 2 months"" p774
The Ethiopian project is not SPIR I or II but is the programme evaluated in 121327221 Barker. THere may be an overlap in some estimates but Barker includes long-term effects. ",0,"No ""The program targets the poorest members in a village"" p772",5,Ghana GUP,Ethiopia REST (program implemented by Tigrigna NGO Relief Society of Tigray); Ghana GUP (Graduation from Ultra Poverty); India TUP (Targeting the Ultra Poor); Pakistan Not NAME (Project within Sindh Region); Peru HW (Haku Wiñay); ,0,Standard errors are clustered at the level at which randomization took place.,2015,Banerjee et al. (2015) Ghana GUP,Ghana,,,,,,,,,,,,,,,,,,,,,,,,,,,,,,,,,,,,,,,,,,,,,,,,,,,,,,,,,,,,,,,,,,,,,,,,,,,,,,,,,,,,,,,,,,,,,,,,,,,,,,,,,,,,,,,,,,,,,,,,,,,,,,,,,,,,,,,,,,,,,,,,,,,,,,,,,,,,,,,,,,,,,,,,,,,,,,,
Pierre,,121058373,121058373_7,Banerjee et al.,Graduation from Ultra Poverty (GUP),1,24,1,1,1,1,1,1,0,1,Expenditure,"Total per capita consumption, standardized","Total of all food consumption (detailed below), temptation goods and fuel expenditures, school, clothing, festival expenditures, transportation, rent, medical expenditures, and home improvement spending. Scaled to per capita monthly values",0,Full intervention,"page: 39; table: S4b; table label: Table S4b: Indexed Family Outcome Variables and Aggregates, Ghana; row label: Total per capita consumption, standardized; column label: Endline 1 (1) Standardized Mean Treatment Effect",0.097,0.049,1.979591837,,,0.01 < p < 0.05,,,Standard errors are clustered at the level at which randomization took place.,666,1940,2606,2,0,2606,5,0.088904733,0.088904733,0.088896196,0.001535678,0.999711954,0.001535235,0.039182079,0.012099321,0.165693072,0,"""Consumption support was provided everywhere, but in two sites (Ethiopia and Peru), a form of consumption support already existed before the program started, so it was available for all (Ethiopia) or part (Peru) of the control group, as well. In Ethiopia, both treatment and control households received benefits from the Productive Safety Net Programme (PSNP), a food-forwork program for food-insecure households. For this reason, the program did not offer any additional consumption support to treatment households. In Peru, a conditional cash transfer program, Juntos, was active in 51 of the 86 project villages. Juntos provides PEN 200 (PPP US$143.33) every 2 months"" p774
The Ethiopian project is not SPIR I or II but is the programme evaluated in 121327221 Barker. THere may be an overlap in some estimates but Barker includes long-term effects. ",0,"No ""The program targets the poorest members in a village"" p772",5,Ghana GUP,Ethiopia REST (program implemented by Tigrigna NGO Relief Society of Tigray); Ghana GUP (Graduation from Ultra Poverty); India TUP (Targeting the Ultra Poor); Pakistan Not NAME (Project within Sindh Region); Peru HW (Haku Wiñay); ,0,Standard errors are clustered at the level at which randomization took place.,2015,Banerjee et al. (2015) Ghana GUP,Ghana,,,,,,,,1,Not selected for RE but selected for RVE as not longest follow up,,,,,,,,,,,,,,,,,,,,,,,,,,,,,,,,,,,,,,,,,,,,,,,,,,,,,,,,,,,,,,,,,,,,,,,,,,,,,,,,,,,,,,,,,,,,,,,,,,,,,,,,,,,,,,,,,,,,,,,,,,,,,,,,,,,,,,,,,,,,,,,,,,,,,,,,,,,,,,,,,,,,,,
Pierre,,121058373,121058373_8,Banerjee et al.,Graduation from Ultra Poverty (GUP),12,36,1,1,1,1,1,1,0,1,Expenditure,"Total per capita consumption, standardized","Total of all food consumption (detailed below), temptation goods and fuel expenditures, school, clothing, festival expenditures, transportation, rent, medical expenditures, and home improvement spending. Scaled to per capita monthly values",0,Full intervention,"page: 39; table: S4b; table label: Table S4b: Indexed Family Outcome Variables and Aggregates, Ghana; row label: Total per capita consumption, standardized; column label: Endline 2 (3) Standardized Mean Treatment Effect",0.136,0.05,2.72,,,0.01 < p < 0.05,,,Standard errors are clustered at the level at which randomization took place.,666,1940,2606,2,0,2606,5,0.122156936,0.122156936,0.122145207,0.001536351,0.999711954,0.001535908,0.039190667,0.045331499,0.198958915,0,"""Consumption support was provided everywhere, but in two sites (Ethiopia and Peru), a form of consumption support already existed before the program started, so it was available for all (Ethiopia) or part (Peru) of the control group, as well. In Ethiopia, both treatment and control households received benefits from the Productive Safety Net Programme (PSNP), a food-forwork program for food-insecure households. For this reason, the program did not offer any additional consumption support to treatment households. In Peru, a conditional cash transfer program, Juntos, was active in 51 of the 86 project villages. Juntos provides PEN 200 (PPP US$143.33) every 2 months"" p774
The Ethiopian project is not SPIR I or II but is the programme evaluated in 121327221 Barker. THere may be an overlap in some estimates but Barker includes long-term effects. ",0,"No ""The program targets the poorest members in a village"" p772",5,Ghana GUP,Ethiopia REST (program implemented by Tigrigna NGO Relief Society of Tigray); Ghana GUP (Graduation from Ultra Poverty); India TUP (Targeting the Ultra Poor); Pakistan Not NAME (Project within Sindh Region); Peru HW (Haku Wiñay); ,0,Standard errors are clustered at the level at which randomization took place.,2015,Banerjee et al. (2015) Ghana GUP,Ghana,,,,,,,1,1,Selected as longest follow up period,,,,,,,,,,,,,,,,,,,,,,,,,,,,,,,,,,,,,,,,,,,,,,,,,,,,,,,,,,,,,,,,,,,,,,,,,,,,,,,,,,,,,,,,,,,,,,,,,,,,,,,,,,,,,,,,,,,,,,,,,,,,,,,,,,,,,,,,,,,,,,,,,,,,,,,,,,,,,,,,,,,,,,
Pierre,,121058373,121058373_9,Banerjee et al.,Graduation from Ultra Poverty (GUP),1,24,1,1,1,1,1,1,0,1,Assets,Asset index,"Weighted asset index: In each of the six countries, households are asked about whether or not they own each of several types of durable goods and livestock, and how many of each type they own. In each of the six sites, there is also either information on the current value of those livestock, or on the median value of purchased livestock.
The asset index was constructed using the value of goats as the numeraire. Goats were chosen because they are an asset held in common across all six sites. The process for creating the index was as follows: 1. The median unit value for each asset (durable goods and livestock) was calculated in each country (for durable goods, only in Pakistan, Honduras, Peru and Ethiopia; for livestock, in all six countries). In Ethiopia, the median value is found from all households who own the good and offered a valuation of it. In Pakistan, Peru and Honduras the median is calculated from households that purchased the good in the past 12 months. 2. In each site, the value of each asset in terms of goats (the numeraire) was calculated by dividing the unit value of each asset by the median unit value of goats. For example, a bicycle in Ethiopia is expressed as 1.34 goats. 3. For every durable good and type of livestock, the medians from each of the countries where price information about the good is available are combined to construct a single, cross-site median value of each good in terms of goats. 4. Total asset value, productive asset value, and household asset value in terms of goats is calculated for all six sites by multiplying the cross-site unit value of each asset (expressed in terms of goats) by the number of each asset owned. 5. These values are then standardized to the control group within each country and survey round and reported as weighted indices.",0,Full intervention,"page: 39; table: S4b; table label: Table S4b: Indexed Family Outcome Variables and Aggregates, Ghana; row label: Asset index; column label: Endline 1 (1) Standardized Mean Treatment Effect",0.247,0.049,5.040816327,,,p < 0.01,,,Standard errors are clustered at the level at which randomization took place.,666,1940,2606,2,0,2606,5,0.226386278,0.226386278,0.226364541,0.001539836,0.999711954,0.001539392,0.039235092,0.14946376,0.303265323,0,"""Consumption support was provided everywhere, but in two sites (Ethiopia and Peru), a form of consumption support already existed before the program started, so it was available for all (Ethiopia) or part (Peru) of the control group, as well. In Ethiopia, both treatment and control households received benefits from the Productive Safety Net Programme (PSNP), a food-forwork program for food-insecure households. For this reason, the program did not offer any additional consumption support to treatment households. In Peru, a conditional cash transfer program, Juntos, was active in 51 of the 86 project villages. Juntos provides PEN 200 (PPP US$143.33) every 2 months"" p774
The Ethiopian project is not SPIR I or II but is the programme evaluated in 121327221 Barker. THere may be an overlap in some estimates but Barker includes long-term effects. ",0,"No ""The program targets the poorest members in a village"" p772",5,Ghana GUP,Ethiopia REST (program implemented by Tigrigna NGO Relief Society of Tigray); Ghana GUP (Graduation from Ultra Poverty); India TUP (Targeting the Ultra Poor); Pakistan Not NAME (Project within Sindh Region); Peru HW (Haku Wiñay); ,0,Standard errors are clustered at the level at which randomization took place.,2015,Banerjee et al. (2015) Ghana GUP,Ghana,,,,,,,,,,,,,,,,,,,,,,,,,,,,,,,,,,,,,,,,,,,,,,,,,,,,,,,,,,,,,,,,,,,,,,,,,,,,,,,,,,,,,,,,,,,,,,,,,,,,,,,,,,,,,,,,,,,,,,,,,,,,,,,,,,,,,,,,,,,,,,,,,,,,,,,,,,,,,,,,,,,,,,,,,,,,,,,
Jiumei,NA,121328483,121328483_10,Banerjee et al.,Graduation from Ultra Poverty (GUP),24,24,1,1,1,1,1,0,0,1,Expenditure,Consumption Index,"""…consumption..."" (P.8).",0,Ti; GUP with saving,"page: 17; table: 1; table label: Table 1: Two-Year Effects of GUP, SOUP, and Asset Only on Household-Level Economic Indices; row label: PANEL A: GUP vs. SOUP GUP sav itt, se, p-val; column label: (2) consumption index",0.084,0.05,1.68,,,0.091,,,,,,4006,1,0,4006,6,0.053086465,0.053086465,0.05308315,0.000998678,0.999812676,0.000998491,0.031598909,-0.008850711,0.115017011,0,"The Graduation from Ultra Poor (GUP) project in Ghana involves three treatment arms: the full Graduation from Ultra Poor (GUP) arm (asset transfer, consumption stipend, health care component, coaching, education on finances health and nutrition), the Savings Out of Ultra Poverty arm (SOUP) (opening of savings accounts), and the Asset Only arm (AO) (asset transfer). GUP and SOUP also have sub-treatment arms within their interventions. "" p12
""In addition to pure control communities, there were control households within treatment communities (to identify spillovers).""  They however do not report spillover effects. They include all control households in the analysis so maybe authors are underestimating the effects (ROB issue).  ",0,Target ultra-poor households (no women in particular) p22,5,Ghana GUP with savings,Ghana GUP (Graduation from Ultra Poverty),0,"""Standard errors clustered at unit of randomization (village for pure control, individual otherwise).""",2022,Banerjee et al. (2022) Ghana GUP with savings,Ghana,,,,,,,,,Not food expenditure outcome,,,,,,,,,,,,,,,,,,,,,,,,,,,,,,,,,,,,,,,,,,,,,,,,,,,,,,,,,,,,,,,,,,,,,,,,,,,,,,,,,,,,,,,,,,,,,,,,,,,,,,,,,,,,,,,,,,,,,,,,,,,,,,,,,,,,,,,,,,,,,,,,,,,,,,,,,,,,,,,,,,,,,,
Jiumei,NA,121328483,121328483_12,Banerjee et al.,Graduation from Ultra Poverty (GUP),24,24,1,1,1,1,1,0,0,1,Income,Income Index,"""…income..."" (P.8).",0,Ti; GUP with saving,"page: 17; table: 1; table label: Table 1: Two-Year Effects of GUP, SOUP, and Asset Only on Household-Level Economic Indices; row label: PANEL A: GUP vs. SOUP GUP sav itt, se, p-val; column label: (5) income index",0.206,0.056,3.678571429,,,0,,,,,,4120,1,0,4120,6,0.114620047,0.114620047,0.114613088,0.000971671,0.999817862,0.000971494,0.031168799,0.053522243,0.175703933,0,"The Graduation from Ultra Poor (GUP) project in Ghana involves three treatment arms: the full Graduation from Ultra Poor (GUP) arm (asset transfer, consumption stipend, health care component, coaching, education on finances health and nutrition), the Savings Out of Ultra Poverty arm (SOUP) (opening of savings accounts), and the Asset Only arm (AO) (asset transfer). GUP and SOUP also have sub-treatment arms within their interventions. "" p12
""In addition to pure control communities, there were control households within treatment communities (to identify spillovers).""  They however do not report spillover effects. They include all control households in the analysis so maybe authors are underestimating the effects (ROB issue).  ",0,Target ultra-poor households (no women in particular) p22,5,Ghana GUP with savings,Ghana GUP (Graduation from Ultra Poverty),0,"""Standard errors clustered at unit of randomization (village for pure control, individual otherwise).""",2022,Banerjee et al. (2022) Ghana GUP with savings,Ghana,,,,,,,,,,,,,,,,,,,,,,,,,,,,,,,,,,,,,,,,,,,,,,,,,,,,,,,,,,,,,,,,,,,,,,,,,,,,,,,,,,,,,,,,,,,,,,,,,,,,,,,,,,,,,,,,,,,,,,,,,,,,,,,,,,,,,,,,,,,,,,,,,,,,,,,,,,,,,,,,,,,,,,,,,,,,,,,
Jiumei,NA,121328483,121328483_25,Banerjee et al.,Graduation from Ultra Poverty (GUP),36,36,1,1,1,1,0,0,0,1,Assets,Asset Value Index,"""…asset value"" (P.8).",0,Ti; GUP without saving,"page: 18; table: 2; table label: Table 2: Three-Year Effects of GUP, SOUP, and Asset Only on Household-Level Economic Indices; row label: PANEL A: GUP vs. SOUP GUP no sav itt, se, p-val; column label: (1) asset value index",0.28,0.078,3.58974359,,,0,,,,,,4102,1,0,4102,6,0.112097415,0.112097415,0.112090579,0.0009759,0.999817062,0.000975721,0.031236539,0.050866962,0.173314196,0,"The Graduation from Ultra Poor (GUP) project in Ghana involves three treatment arms: the full Graduation from Ultra Poor (GUP) arm (asset transfer, consumption stipend, health care component, coaching, education on finances health and nutrition), the Savings Out of Ultra Poverty arm (SOUP) (opening of savings accounts), and the Asset Only arm (AO) (asset transfer). GUP and SOUP also have sub-treatment arms within their interventions. "" p12
""In addition to pure control communities, there were control households within treatment communities (to identify spillovers).""  They however do not report spillover effects. They include all control households in the analysis so maybe authors are underestimating the effects (ROB issue).  ",0,Target ultra-poor households (no women in particular) p22,5,Ghana GUP without savings,Ghana GUP (Graduation from Ultra Poverty),0,"""Standard errors clustered at unit of randomization (village for pure control, individual otherwise).""",2022,Banerjee et al. (2022) Ghana GUP without savings,Ghana,,,,,,,,,,,,,,,,,,,,,,,,,,,,,,,,,,,,,,,,,,,,,,,,,,,,,,,,,,,,,,,,,,,,,,,,,,,,,,,,,,,,,,,,,,,,,,,,,,,,,,,,,,,,,,,,,,,,,,,,,,,,,,,,,,,,,,,,,,,,,,,,,,,,,,,,,,,,,,,,,,,,,,,,,,,,,,,
Jiumei,NA,121328483,121328483_26,Banerjee et al.,Graduation from Ultra Poverty (GUP),36,36,1,1,1,1,0,0,0,1,Expenditure,Consumption Index,"""…consumption..."" (P.8).",0,Ti; GUP without saving,"page: 18; table: 2; table label: Table 2: Three-Year Effects of GUP, SOUP, and Asset Only on Household-Level Economic Indices; row label: PANEL A: GUP vs. SOUP GUP no sav itt, se, p-val; column label: (2) consumption index",0.124,0.046,2.695652174,,,0.007,,,,,,3883,1,0,3883,6,0.086518734,0.086518734,0.08651316,0.001030613,0.999806738,0.001030414,0.032100064,0.023597035,0.149429285,0,"The Graduation from Ultra Poor (GUP) project in Ghana involves three treatment arms: the full Graduation from Ultra Poor (GUP) arm (asset transfer, consumption stipend, health care component, coaching, education on finances health and nutrition), the Savings Out of Ultra Poverty arm (SOUP) (opening of savings accounts), and the Asset Only arm (AO) (asset transfer). GUP and SOUP also have sub-treatment arms within their interventions. "" p12
""In addition to pure control communities, there were control households within treatment communities (to identify spillovers).""  They however do not report spillover effects. They include all control households in the analysis so maybe authors are underestimating the effects (ROB issue).  ",0,Target ultra-poor households (no women in particular) p22,5,Ghana GUP without savings,Ghana GUP (Graduation from Ultra Poverty),0,"""Standard errors clustered at unit of randomization (village for pure control, individual otherwise).""",2022,Banerjee et al. (2022) Ghana GUP without savings,Ghana,,,,,,,,,Not food expenditure outcome,,,,,,,,,,,,,,,,,,,,,,,,,,,,,,,,,,,,,,,,,,,,,,,,,,,,,,,,,,,,,,,,,,,,,,,,,,,,,,,,,,,,,,,,,,,,,,,,,,,,,,,,,,,,,,,,,,,,,,,,,,,,,,,,,,,,,,,,,,,,,,,,,,,,,,,,,,,,,,,,,,,,,,
Jiumei,NA,121328483,121328483_28,Banerjee et al.,Graduation from Ultra Poverty (GUP),36,36,1,1,1,1,0,0,0,1,Income,Income Index,"""…income..."" (P.8).",0,Ti; GUP without saving,"page: 18; table: 2; table label: Table 2: Three-Year Effects of GUP, SOUP, and Asset Only on Household-Level Economic Indices; row label: PANEL A: GUP vs. SOUP GUP no sav itt, se, p-val; column label: (5) income index",0.202,0.073,2.767123288,,,0.006,,,,,,4102,1,0,4102,6,0.086409338,0.086409338,0.086404069,0.000975589,0.999817062,0.000975411,0.031231565,0.025190201,0.147617936,0,"The Graduation from Ultra Poor (GUP) project in Ghana involves three treatment arms: the full Graduation from Ultra Poor (GUP) arm (asset transfer, consumption stipend, health care component, coaching, education on finances health and nutrition), the Savings Out of Ultra Poverty arm (SOUP) (opening of savings accounts), and the Asset Only arm (AO) (asset transfer). GUP and SOUP also have sub-treatment arms within their interventions. "" p12
""In addition to pure control communities, there were control households within treatment communities (to identify spillovers).""  They however do not report spillover effects. They include all control households in the analysis so maybe authors are underestimating the effects (ROB issue).  ",0,Target ultra-poor households (no women in particular) p22,5,Ghana GUP without savings,Ghana GUP (Graduation from Ultra Poverty),0,"""Standard errors clustered at unit of randomization (village for pure control, individual otherwise).""",2022,Banerjee et al. (2022) Ghana GUP without savings,Ghana,,,,,,,,,,,,,,,,,,,,,,,,,,,,,,,,,,,,,,,,,,,,,,,,,,,,,,,,,,,,,,,,,,,,,,,,,,,,,,,,,,,,,,,,,,,,,,,,,,,,,,,,,,,,,,,,,,,,,,,,,,,,,,,,,,,,,,,,,,,,,,,,,,,,,,,,,,,,,,,,,,,,,,,,,,,,,,,
Jiumei,NA,121328483,121328483_29,Banerjee et al.,Graduation from Ultra Poverty (GUP),36,36,1,1,1,1,1,0,0,1,Assets,Asset Value Index,"""…asset value"" (P.8).",0,Ti; GUP with saving,"page: 18; table: 2; table label: Table 2: Three-Year Effects of GUP, SOUP, and Asset Only on Household-Level Economic Indices; row label: PANEL A: GUP vs. SOUP GUP sav itt, se, p-val; column label: (1) asset value index",0.318,0.082,3.87804878,,,0,,,,,,4102,1,0,4102,6,0.12110036,0.12110036,0.121092976,0.000976028,0.999817062,0.000975849,0.031238587,0.059865345,0.182320606,0,"The Graduation from Ultra Poor (GUP) project in Ghana involves three treatment arms: the full Graduation from Ultra Poor (GUP) arm (asset transfer, consumption stipend, health care component, coaching, education on finances health and nutrition), the Savings Out of Ultra Poverty arm (SOUP) (opening of savings accounts), and the Asset Only arm (AO) (asset transfer). GUP and SOUP also have sub-treatment arms within their interventions. "" p12
""In addition to pure control communities, there were control households within treatment communities (to identify spillovers).""  They however do not report spillover effects. They include all control households in the analysis so maybe authors are underestimating the effects (ROB issue).  ",0,Target ultra-poor households (no women in particular) p22,5,Ghana GUP with savings,Ghana GUP (Graduation from Ultra Poverty),0,"""Standard errors clustered at unit of randomization (village for pure control, individual otherwise).""",2022,Banerjee et al. (2022) Ghana GUP with savings,Ghana,,,,,,,,,,,,,,,,,,,,,,,,,,,,,,,,,,,,,,,,,,,,,,,,,,,,,,,,,,,,,,,,,,,,,,,,,,,,,,,,,,,,,,,,,,,,,,,,,,,,,,,,,,,,,,,,,,,,,,,,,,,,,,,,,,,,,,,,,,,,,,,,,,,,,,,,,,,,,,,,,,,,,,,,,,,,,,,
Jiumei,NA,121328483,121328483_30,Banerjee et al.,Graduation from Ultra Poverty (GUP),36,36,1,1,1,1,1,0,0,1,Expenditure,Consumption Index,"""…consumption..."" (P.8).",0,Ti; GUP with saving,"page: 18; table: 2; table label: Table 2: Three-Year Effects of GUP, SOUP, and Asset Only on Household-Level Economic Indices; row label: PANEL A: GUP vs. SOUP GUP sav itt, se, p-val; column label: (2) consumption index",0.05,0.036,1.388888889,,,0.169,,,,,,3883,1,0,3883,6,0.044577304,0.044577304,0.044574433,0.001030259,0.999806738,0.00103006,0.03209455,-0.018330886,0.107479752,0,"The Graduation from Ultra Poor (GUP) project in Ghana involves three treatment arms: the full Graduation from Ultra Poor (GUP) arm (asset transfer, consumption stipend, health care component, coaching, education on finances health and nutrition), the Savings Out of Ultra Poverty arm (SOUP) (opening of savings accounts), and the Asset Only arm (AO) (asset transfer). GUP and SOUP also have sub-treatment arms within their interventions. "" p12
""In addition to pure control communities, there were control households within treatment communities (to identify spillovers).""  They however do not report spillover effects. They include all control households in the analysis so maybe authors are underestimating the effects (ROB issue).  ",0,Target ultra-poor households (no women in particular) p22,5,Ghana GUP with savings,Ghana GUP (Graduation from Ultra Poverty),0,"""Standard errors clustered at unit of randomization (village for pure control, individual otherwise).""",2022,Banerjee et al. (2022) Ghana GUP with savings,Ghana,,,,,,,,,Not food expenditure outcome,,,,,,,,,,,,,,,,,,,,,,,,,,,,,,,,,,,,,,,,,,,,,,,,,,,,,,,,,,,,,,,,,,,,,,,,,,,,,,,,,,,,,,,,,,,,,,,,,,,,,,,,,,,,,,,,,,,,,,,,,,,,,,,,,,,,,,,,,,,,,,,,,,,,,,,,,,,,,,,,,,,,,,
Jiumei,NA,121328483,121328483_32,Banerjee et al.,Graduation from Ultra Poverty (GUP),36,36,1,1,1,1,1,0,0,1,Income,Income Index,"""…income..."" (P.8).",0,Ti; GUP with saving,"page: 18; table: 2; table label: Table 2: Three-Year Effects of GUP, SOUP, and Asset Only on Household-Level Economic Indices; row label: PANEL A: GUP vs. SOUP GUP sav itt, se, p-val; column label: (5) income index",0.243,0.076,3.197368421,,,0.001,,,,,,4102,1,0,4102,6,0.099844662,0.099844662,0.099838573,0.000975742,0.999817062,0.000975563,0.031234006,0.038619921,0.161057225,0,"The Graduation from Ultra Poor (GUP) project in Ghana involves three treatment arms: the full Graduation from Ultra Poor (GUP) arm (asset transfer, consumption stipend, health care component, coaching, education on finances health and nutrition), the Savings Out of Ultra Poverty arm (SOUP) (opening of savings accounts), and the Asset Only arm (AO) (asset transfer). GUP and SOUP also have sub-treatment arms within their interventions. "" p12
""In addition to pure control communities, there were control households within treatment communities (to identify spillovers).""  They however do not report spillover effects. They include all control households in the analysis so maybe authors are underestimating the effects (ROB issue).  ",0,Target ultra-poor households (no women in particular) p22,5,Ghana GUP with savings,Ghana GUP (Graduation from Ultra Poverty),0,"""Standard errors clustered at unit of randomization (village for pure control, individual otherwise).""",2022,Banerjee et al. (2022) Ghana GUP with savings,Ghana,,,,,,,,,,,,,,,,,,,,,,,,,,,,,,,,,,,,,,,,,,,,,,,,,,,,,,,,,,,,,,,,,,,,,,,,,,,,,,,,,,,,,,,,,,,,,,,,,,,,,,,,,,,,,,,,,,,,,,,,,,,,,,,,,,,,,,,,,,,,,,,,,,,,,,,,,,,,,,,,,,,,,,,,,,,,,,,
Jiumei,NA,121328483,121328483_41,Banerjee et al.,Graduation from Ultra Poverty (GUP),36,36,1,1,1,1,0,0,0,1,Assets,Total Livestock Value (USD),"""...not at all GUP households had received goats—they were given a choice between several asset bundles that included goats, fowl, pigs, inputs for maize farming, inputs for rice farming, inputs for sorghum farming, and inputs to begin a shea-butter business"" (P.11).",0,Ti; GUP without saving,"page: 20; table: 4; table label: Table 4: Pooled Two-Year and Three-Year Eects of GUP and Asset Only on Household-Level Livestock Values; row label: GUP no sav itt, se, p-val; column label: (6) total livestock value (USD)",134.776,27.636,4.876827327,,,0,,,,,,8222,1,0,8222,6,0.107566896,0.107566896,0.107563625,0.000486851,0.999908756,0.000486807,0.022063704,0.064318765,0.150808485,0,"The Graduation from Ultra Poor (GUP) project in Ghana involves three treatment arms: the full Graduation from Ultra Poor (GUP) arm (asset transfer, consumption stipend, health care component, coaching, education on finances health and nutrition), the Savings Out of Ultra Poverty arm (SOUP) (opening of savings accounts), and the Asset Only arm (AO) (asset transfer). GUP and SOUP also have sub-treatment arms within their interventions. "" p12
""In addition to pure control communities, there were control households within treatment communities (to identify spillovers).""  They however do not report spillover effects. They include all control households in the analysis so maybe authors are underestimating the effects (ROB issue).  ",0,Target ultra-poor households (no women in particular) p22,5,Ghana GUP without savings,Ghana GUP (Graduation from Ultra Poverty),0,"""Standard errors clustered at unit of randomization (village for pure control, individual otherwise).""",2022,Banerjee et al. (2022) Ghana GUP without savings,Ghana,,,,,,,,,,,,,,,,,,,,,,,,,,,,,,,,,,,,,,,,,,,,,,,,,,,,,,,,,,,,,,,,,,,,,,,,,,,,,,,,,,,,,,,,,,,,,,,,,,,,,,,,,,,,,,,,,,,,,,,,,,,,,,,,,,,,,,,,,,,,,,,,,,,,,,,,,,,,,,,,,,,,,,,,,,,,,,,
Jiumei,NA,121328483,121328483_5,Banerjee et al.,Graduation from Ultra Poverty (GUP),24,24,1,1,1,1,0,0,0,1,Assets,Asset Value Index,"""…asset value"" (P.8).",0,Ti; GUP without saving,"page: 17; table: 1; table label: Table 1: Two-Year Effects of GUP, SOUP, and Asset Only on Household-Level Economic Indices; row label: PANEL A: GUP vs. SOUP GUP no sav itt, se, p-val; column label: (1) asset value index",0.228,0.072,3.166666667,,,0.002,,,,,,4121,1,0,4121,6,0.098657712,0.098657712,0.098651724,0.000971229,0.999817906,0.000971052,0.031161704,0.037574783,0.159728664,0,"The Graduation from Ultra Poor (GUP) project in Ghana involves three treatment arms: the full Graduation from Ultra Poor (GUP) arm (asset transfer, consumption stipend, health care component, coaching, education on finances health and nutrition), the Savings Out of Ultra Poverty arm (SOUP) (opening of savings accounts), and the Asset Only arm (AO) (asset transfer). GUP and SOUP also have sub-treatment arms within their interventions. "" p12
""In addition to pure control communities, there were control households within treatment communities (to identify spillovers).""  They however do not report spillover effects. They include all control households in the analysis so maybe authors are underestimating the effects (ROB issue).  ",0,Target ultra-poor households (no women in particular) p22,5,Ghana GUP without savings,Ghana GUP (Graduation from Ultra Poverty),0,"""Standard errors clustered at unit of randomization (village for pure control, individual otherwise).""",2022,Banerjee et al. (2022) Ghana GUP without savings,Ghana,,,,,,,,,,,,,,,,,,,,,,,,,,,,,,,,,,,,,,,,,,,,,,,,,,,,,,,,,,,,,,,,,,,,,,,,,,,,,,,,,,,,,,,,,,,,,,,,,,,,,,,,,,,,,,,,,,,,,,,,,,,,,,,,,,,,,,,,,,,,,,,,,,,,,,,,,,,,,,,,,,,,,,,,,,,,,,,
Jiumei,NA,121328483,121328483_6,Banerjee et al.,Graduation from Ultra Poverty (GUP),24,24,1,1,1,1,0,0,0,1,Expenditure,Consumption Index,"""…consumption..."" (P.8).",0,Ti; GUP without saving,"page: 17; table: 1; table label: Table 1: Two-Year Effects of GUP, SOUP, and Asset Only on Household-Level Economic Indices; row label: PANEL A: GUP vs. SOUP GUP no sav itt, se, p-val; column label: (2) consumption index",0.141,0.051,2.764705882,,,0.006,,,,,,4006,1,0,4006,6,0.087362179,0.087362179,0.087356724,0.000998979,0.999812676,0.000998791,0.031603661,0.025413548,0.149299901,0,"The Graduation from Ultra Poor (GUP) project in Ghana involves three treatment arms: the full Graduation from Ultra Poor (GUP) arm (asset transfer, consumption stipend, health care component, coaching, education on finances health and nutrition), the Savings Out of Ultra Poverty arm (SOUP) (opening of savings accounts), and the Asset Only arm (AO) (asset transfer). GUP and SOUP also have sub-treatment arms within their interventions. "" p12
""In addition to pure control communities, there were control households within treatment communities (to identify spillovers).""  They however do not report spillover effects. They include all control households in the analysis so maybe authors are underestimating the effects (ROB issue).  ",0,Target ultra-poor households (no women in particular) p22,5,Ghana GUP without savings,Ghana GUP (Graduation from Ultra Poverty),0,"""Standard errors clustered at unit of randomization (village for pure control, individual otherwise).""",2022,Banerjee et al. (2022) Ghana GUP without savings,Ghana,,,,,,,,,Not food expenditure outcome,,,,,,,,,,,,,,,,,,,,,,,,,,,,,,,,,,,,,,,,,,,,,,,,,,,,,,,,,,,,,,,,,,,,,,,,,,,,,,,,,,,,,,,,,,,,,,,,,,,,,,,,,,,,,,,,,,,,,,,,,,,,,,,,,,,,,,,,,,,,,,,,,,,,,,,,,,,,,,,,,,,,,,
Jiumei,NA,121328483,121328483_8,Banerjee et al.,Graduation from Ultra Poverty (GUP),24,24,1,1,1,1,0,0,0,1,Income,Income Index,"""…income..."" (P.8).",0,Ti; GUP without saving,"page: 17; table: 1; table label: Table 1: Two-Year Effects of GUP, SOUP, and Asset Only on Household-Level Economic Indices; row label: PANEL A: GUP vs. SOUP GUP no sav itt, se, p-val; column label: (5) income index",0.138,0.054,2.555555556,,,0.011,,,,,,4120,1,0,4120,6,0.079628166,0.079628166,0.079623332,0.000971259,0.999817862,0.000971082,0.031162183,0.018545454,0.14070121,0,"The Graduation from Ultra Poor (GUP) project in Ghana involves three treatment arms: the full Graduation from Ultra Poor (GUP) arm (asset transfer, consumption stipend, health care component, coaching, education on finances health and nutrition), the Savings Out of Ultra Poverty arm (SOUP) (opening of savings accounts), and the Asset Only arm (AO) (asset transfer). GUP and SOUP also have sub-treatment arms within their interventions. "" p12
""In addition to pure control communities, there were control households within treatment communities (to identify spillovers).""  They however do not report spillover effects. They include all control households in the analysis so maybe authors are underestimating the effects (ROB issue).  ",0,Target ultra-poor households (no women in particular) p22,5,Ghana GUP without savings,Ghana GUP (Graduation from Ultra Poverty),0,"""Standard errors clustered at unit of randomization (village for pure control, individual otherwise).""",2022,Banerjee et al. (2022) Ghana GUP without savings,Ghana,,,,,,,,,,,,,,,,,,,,,,,,,,,,,,,,,,,,,,,,,,,,,,,,,,,,,,,,,,,,,,,,,,,,,,,,,,,,,,,,,,,,,,,,,,,,,,,,,,,,,,,,,,,,,,,,,,,,,,,,,,,,,,,,,,,,,,,,,,,,,,,,,,,,,,,,,,,,,,,,,,,,,,,,,,,,,,,
Jiumei,NA,121328483,121328483_9,Banerjee et al.,Graduation from Ultra Poverty (GUP),24,24,1,1,1,1,1,0,0,1,Assets,Asset Value Index,"""…asset value"" (P.8).",0,Ti; GUP with saving,"page: 17; table: 1; table label: Table 1: Two-Year Effects of GUP, SOUP, and Asset Only on Household-Level Economic Indices; row label: PANEL A: GUP vs. SOUP GUP sav itt, se, p-val; column label: (1) asset value index",0.11,0.066,1.666666667,,,0.095,,,,,,4121,1,0,4121,6,0.051925112,0.051925112,0.05192196,0.000970802,0.999817906,0.000970625,0.031154855,-0.009141556,0.112985475,0,"The Graduation from Ultra Poor (GUP) project in Ghana involves three treatment arms: the full Graduation from Ultra Poor (GUP) arm (asset transfer, consumption stipend, health care component, coaching, education on finances health and nutrition), the Savings Out of Ultra Poverty arm (SOUP) (opening of savings accounts), and the Asset Only arm (AO) (asset transfer). GUP and SOUP also have sub-treatment arms within their interventions. "" p12
""In addition to pure control communities, there were control households within treatment communities (to identify spillovers).""  They however do not report spillover effects. They include all control households in the analysis so maybe authors are underestimating the effects (ROB issue).  ",0,Target ultra-poor households (no women in particular) p22,5,Ghana GUP with savings,Ghana GUP (Graduation from Ultra Poverty),0,"""Standard errors clustered at unit of randomization (village for pure control, individual otherwise).""",2022,Banerjee et al. (2022) Ghana GUP with savings,Ghana,,,,,,,,,,,,,,,,,,,,,,,,,,,,,,,,,,,,,,,,,,,,,,,,,,,,,,,,,,,,,,,,,,,,,,,,,,,,,,,,,,,,,,,,,,,,,,,,,,,,,,,,,,,,,,,,,,,,,,,,,,,,,,,,,,,,,,,,,,,,,,,,,,,,,,,,,,,,,,,,,,,,,,,,,,,,,,,
Yvan,,121058369,121058369_1,Brune,Yemen Graduation Program,12,12,1,1,1,1,1,1,0,1,Assets,Total asset value (PPP$),Total asset value (PPP$),0,"""being assigned to participate in the program"" p 6",page: 7; table: 2; table label: Treatment effects on key welfare outcomes; row label: Total asset value (PPP$); column label: (1) Coef. (2) (S.E.) (6) p value,290.15,66.97,4.332536957,,,p < .01,,,,,,874,2,0,874,6,0.293100497,0.293100497,0.293016442,0.004601232,0.999139662,0.004597274,0.067803198,0.160122175,0.42591071,1,"""SFD identified eligible individuals for the program from the list of households in SWF’s unconditional cash transfer program in project areas. As a result, both the treatment and the control households received consumption support, as all sample households were recipients of SWF cash transfers."" (p.3)",0,"No, not specifically targeting women",6,Yemen GP,Yemen GP (Graduation Program),0,UoA=UoR both at the household level p3 and p6,2020,Brune (2020) Yemen GP,Yemen,,,,,,,,,,,,,,,,,,,,,,,,,,,,,,,,,,,,,,,,,,,,,,,,,,,,,,,,,,,,,,,,,,,,,,,,,,,,,,,,,,,,,,,,,,,,,,,,,,,,,,,,,,,,,,,,,,,,,,,,,,,,,,,,,,,,,,,,,,,,,,,,,,,,,,,,,,,,,,,,,,,,,,,,,,,,,,,
Yvan,,121058369,121058369_10,Brune,Yemen Graduation Program,12,12,1,1,1,1,1,1,0,1,Assets,Household durables (PPP$),Household durables (PPP$),0,"""being assigned to participate in the program"" p 14",page: 4; table: 4; table label: Appendix Table 4. Treatment Effects on Asset Values; row label: [2] Household durables (PPP$); column label: (1) Coef. (2) (S.E.),64.16,33.13,1.936613341,,,p < .1,,,,,,874,2,0,874,6,0.131013847,0.131013847,0.130976275,0.004581569,0.999139662,0.004577627,0.067658164,-0.001633726,0.263586276,1,"""SFD identified eligible individuals for the program from the list of households in SWF’s unconditional cash transfer program in project areas. As a result, both the treatment and the control households received consumption support, as all sample households were recipients of SWF cash transfers."" (p.3)",0,"No, not specifically targeting women",6,Yemen GP,Yemen GP (Graduation Program),0,UoA=UoR both at the household level p3 and p6,2020,Brune (2020) Yemen GP,Yemen,,,,,,,,,,,,,,,,,,,,,,,,,,,,,,,,,,,,,,,,,,,,,,,,,,,,,,,,,,,,,,,,,,,,,,,,,,,,,,,,,,,,,,,,,,,,,,,,,,,,,,,,,,,,,,,,,,,,,,,,,,,,,,,,,,,,,,,,,,,,,,,,,,,,,,,,,,,,,,,,,,,,,,,,,,,,,,,
Yvan,,121058369,121058369_11,Brune,Yemen Graduation Program,12,12,1,1,1,1,1,1,0,1,Assets,Productive capital (PPP$),Productive capital (PPP$),0,"""being assigned to participate in the program"" p 15",page: 4; table: 4; table label: Appendix Table 4. Treatment Effects on Asset Values; row label: [4] Productive capital (PPP$); column label: (1) Coef. (2) (S.E.),227.52,227.52,1,,,p < .01,,,,,,874,2,0,874,6,0.067651009,0.067651009,0.067631608,0.004577968,0.999139662,0.00457403,0.067631572,-0.064926273,0.20018949,1,"""SFD identified eligible individuals for the program from the list of households in SWF’s unconditional cash transfer program in project areas. As a result, both the treatment and the control households received consumption support, as all sample households were recipients of SWF cash transfers."" (p.3)",0,"No, not specifically targeting women",6,Yemen GP,Yemen GP (Graduation Program),0,UoA=UoR both at the household level p3 and p6,2020,Brune (2020) Yemen GP,Yemen,,,,,,,,,,,,,,,,,,,,,,,,,,,,,,,,,,,,,,,,,,,,,,,,,,,,,,,,,,,,,,,,,,,,,,,,,,,,,,,,,,,,,,,,,,,,,,,,,,,,,,,,,,,,,,,,,,,,,,,,,,,,,,,,,,,,,,,,,,,,,,,,,,,,,,,,,,,,,,,,,,,,,,,,,,,,,,,
Yvan,,121058369,121058369_12,Brune,Yemen Graduation Program,12,12,1,1,1,1,1,1,0,1,Assets,Ag. tools & structures (PPP$),Ag. tools & structures (PPP$),0,"""being assigned to participate in the program"" p 16",page: 4; table: 4; table label: Appendix Table 4. Treatment Effects on Asset Values; row label: [5] Ag. tools & structures (PPP$); column label: (1) Coef. (2) (S.E.),30.81,14.61,2.108829569,,,p < .05,,,,,,874,2,0,874,6,0.142664448,0.142664448,0.142623535,0.004582481,0.999139662,0.004578538,0.067664898,0.010000336,0.275246735,1,"""SFD identified eligible individuals for the program from the list of households in SWF’s unconditional cash transfer program in project areas. As a result, both the treatment and the control households received consumption support, as all sample households were recipients of SWF cash transfers."" (p.3)",0,"No, not specifically targeting women",6,Yemen GP,Yemen GP (Graduation Program),0,UoA=UoR both at the household level p3 and p6,2020,Brune (2020) Yemen GP,Yemen,,,,,,,,,,,,,,,,,,,,,,,,,,,,,,,,,,,,,,,,,,,,,,,,,,,,,,,,,,,,,,,,,,,,,,,,,,,,,,,,,,,,,,,,,,,,,,,,,,,,,,,,,,,,,,,,,,,,,,,,,,,,,,,,,,,,,,,,,,,,,,,,,,,,,,,,,,,,,,,,,,,,,,,,,,,,,,,
Yvan,,121058369,121058369_13,Brune,Yemen Graduation Program,12,12,1,1,1,1,1,1,0,1,Assets,Livestock (PPP$),Livestock (PPP$),0,"""being assigned to participate in the program"" p 17",page: 4; table: 4; table label: Appendix Table 4. Treatment Effects on Asset Values; row label: [6] Livestock (PPP$); column label: (1) Coef. (2) (S.E.),195.37,35.17,5.555018482,,,p < .01,,,,,,874,2,0,874,6,0.375802606,0.375802606,0.375694834,0.004617056,0.999139662,0.004613084,0.067919686,0.242572249,0.508817418,1,"""SFD identified eligible individuals for the program from the list of households in SWF’s unconditional cash transfer program in project areas. As a result, both the treatment and the control households received consumption support, as all sample households were recipients of SWF cash transfers."" (p.3)",0,"No, not specifically targeting women",6,Yemen GP,Yemen GP (Graduation Program),0,UoA=UoR both at the household level p3 and p6,2020,Brune (2020) Yemen GP,Yemen,,,,,,,,,,,,,,,,,,,,,,,,,,,,,,,,,,,,,,,,,,,,,,,,,,,,,,,,,,,,,,,,,,,,,,,,,,,,,,,,,,,,,,,,,,,,,,,,,,,,,,,,,,,,,,,,,,,,,,,,,,,,,,,,,,,,,,,,,,,,,,,,,,,,,,,,,,,,,,,,,,,,,,,,,,,,,,,
Yvan,,121058369,121058369_14,Brune,Yemen Graduation Program,12,12,1,1,1,1,1,1,0,1,Assets,Goats and sheep (PPP$),Goats and sheep (PPP$),0,"""being assigned to participate in the program"" p 18",page: 4; table: 4; table label: Appendix Table 4. Treatment Effects on Asset Values; row label: [7] Goats and sheep (PPP$); column label: (1) Coef. (2) (S.E.),195.89,30.78,6.364197531,,,p < .01,,,,,,874,2,0,874,6,0.430544385,0.430544385,0.430420914,0.004629682,0.999139662,0.004625699,0.068012491,0.297116431,0.563725397,1,"""SFD identified eligible individuals for the program from the list of households in SWF’s unconditional cash transfer program in project areas. As a result, both the treatment and the control households received consumption support, as all sample households were recipients of SWF cash transfers."" (p.3)",0,"No, not specifically targeting women",6,Yemen GP,Yemen GP (Graduation Program),0,UoA=UoR both at the household level p3 and p6,2020,Brune (2020) Yemen GP,Yemen,,,,,,,,,,,,,,,,,,,,,,,,,,,,,,,,,,,,,,,,,,,,,,,,,,,,,,,,,,,,,,,,,,,,,,,,,,,,,,,,,,,,,,,,,,,,,,,,,,,,,,,,,,,,,,,,,,,,,,,,,,,,,,,,,,,,,,,,,,,,,,,,,,,,,,,,,,,,,,,,,,,,,,,,,,,,,,,
Yvan,,121058369,121058369_15,Brune,Yemen Graduation Program,12,12,1,1,1,1,1,1,0,1,Expenditure,"Monthly consumption, per capita (PPP$) [2] Food","Monthly consumption, per capita (PPP$) [2] Food",0,"""being assigned to participate in the program"" p 19","page: 5; table: 5; table label: Appendix Table 5. Treatment Effects on Consumption; row label: Panel A: Monthly consumption, per capita (PPP$) [2] Food; column label: (1) Coef. (2) (S.E.)",-3.06,1.38,-2.217391304,,,p < .05,,,,,,874,2,0,874,6,-0.150008759,-0.150008759,-0.14996574,0.004583096,0.999139662,0.004579153,0.067669437,-0.282597837,-0.017333643,1,"""SFD identified eligible individuals for the program from the list of households in SWF’s unconditional cash transfer program in project areas. As a result, both the treatment and the control households received consumption support, as all sample households were recipients of SWF cash transfers."" (p.3)",0,"No, not specifically targeting women",6,Yemen GP,Yemen GP (Graduation Program),0,UoA=UoR both at the household level p3 and p6,2020,Brune (2020) Yemen GP,Yemen,,,,,,,,1,"Not Selected as not best unit (Monthly consumption, per capita (PPP$) [2] Food) but selected as part of RVE",,,,,,,,,,,,,,,,,,,,,,,,,,,,,,,,,,,,,,,,,,,,,,,,,,,,,,,,,,,,,,,,,,,,,,,,,,,,,,,,,,,,,,,,,,,,,,,,,,,,,,,,,,,,,,,,,,,,,,,,,,,,,,,,,,,,,,,,,,,,,,,,,,,,,,,,,,,,,,,,,,,,,,
Yvan,,121058369,121058369_16,Brune,Yemen Graduation Program,12,12,1,1,1,1,1,1,0,1,Expenditure,"Monthly consumption, per capita (PPP$) [3] Non-food","Monthly consumption, per capita (PPP$) [3] Non-food",0,"""being assigned to participate in the program"" p 20","page: 5; table: 5; table label: Appendix Table 5. Treatment Effects on Consumption; row label: Panel A: Monthly consumption, per capita (PPP$) [3] Non-food; column label: (1) Coef. (2) (S.E.)",-1.29,2.33,-0.553648069,,,p > .1,,,,,,874,2,0,874,6,-0.037454851,-0.037454851,-0.037444109,0.00457706,0.999139662,0.004573122,0.067624866,-0.169988847,0.095100628,1,"""SFD identified eligible individuals for the program from the list of households in SWF’s unconditional cash transfer program in project areas. As a result, both the treatment and the control households received consumption support, as all sample households were recipients of SWF cash transfers."" (p.3)",0,"No, not specifically targeting women",6,Yemen GP,Yemen GP (Graduation Program),0,UoA=UoR both at the household level p3 and p6,2020,Brune (2020) Yemen GP,Yemen,,,,,,,,,Not food expenditure outcome,,,,,,,,,,,,,,,,,,,,,,,,,,,,,,,,,,,,,,,,,,,,,,,,,,,,,,,,,,,,,,,,,,,,,,,,,,,,,,,,,,,,,,,,,,,,,,,,,,,,,,,,,,,,,,,,,,,,,,,,,,,,,,,,,,,,,,,,,,,,,,,,,,,,,,,,,,,,,,,,,,,,,,
Yvan,,121058369,121058369_17,Brune,Yemen Graduation Program,12,12,1,1,1,1,1,1,0,1,Expenditure,"Monthly consumption, per capita (PPP$) [7] Total","Monthly consumption, per capita (PPP$) [7] Total",0,"""being assigned to participate in the program"" p 21","page: 5; table: 5; table label: Appendix Table 5. Treatment Effects on Consumption; row label: Panel A: Monthly consumption, per capita (PPP$) [7] Total, per non-travelling member; column label: (1) Coef. (2) (S.E.)",0.7,6.61,0.105900151,,,p > .1,,,,,,870,2,0,870,6,0.007180703,0.007180703,0.007178634,0.004597716,0.999135696,0.004593742,0.067777151,-0.125664581,0.140021849,1,"""SFD identified eligible individuals for the program from the list of households in SWF’s unconditional cash transfer program in project areas. As a result, both the treatment and the control households received consumption support, as all sample households were recipients of SWF cash transfers."" (p.3)",0,"No, not specifically targeting women",6,Yemen GP,Yemen GP (Graduation Program),0,UoA=UoR both at the household level p3 and p6,2020,Brune (2020) Yemen GP,Yemen,,,,,,,,,Not food expenditure outcome,,,,,,,,,,,,,,,,,,,,,,,,,,,,,,,,,,,,,,,,,,,,,,,,,,,,,,,,,,,,,,,,,,,,,,,,,,,,,,,,,,,,,,,,,,,,,,,,,,,,,,,,,,,,,,,,,,,,,,,,,,,,,,,,,,,,,,,,,,,,,,,,,,,,,,,,,,,,,,,,,,,,,,
Yvan,,121058369,121058369_18,Brune,Yemen Graduation Program,12,12,1,1,1,1,1,1,0,1,Expenditure,"Monthly consumption, total per household (PPP$) [9] Food","Monthly consumption, total per household (PPP$) [9] Food",0,"""being assigned to participate in the program"" p 22","page: 5; table: 5; table label: Appendix Table 5. Treatment Effects on Consumption; row label: Panel B: Monthly consumption, total per household (PPP$) [9] Food; column label: (1) Coef. (2) (S.E.)",-9.59,8.79,-1.091012514,,,p > .1,,,,,,874,2,0,874,6,-0.073808098,-0.073808098,-0.073786931,0.004578217,0.999139662,0.004574278,0.067633412,-0.206348419,0.058774557,1,"""SFD identified eligible individuals for the program from the list of households in SWF’s unconditional cash transfer program in project areas. As a result, both the treatment and the control households received consumption support, as all sample households were recipients of SWF cash transfers."" (p.3)",0,"No, not specifically targeting women",6,Yemen GP,Yemen GP (Graduation Program),0,UoA=UoR both at the household level p3 and p6,2020,Brune (2020) Yemen GP,Yemen,,,,,,,1,1,Selected as better unit total per household,,,,,,,,,,,,,,,,,,,,,,,,,,,,,,,,,,,,,,,,,,,,,,,,,,,,,,,,,,,,,,,,,,,,,,,,,,,,,,,,,,,,,,,,,,,,,,,,,,,,,,,,,,,,,,,,,,,,,,,,,,,,,,,,,,,,,,,,,,,,,,,,,,,,,,,,,,,,,,,,,,,,,,
Yvan,,121058369,121058369_19,Brune,Yemen Graduation Program,12,12,1,1,1,1,1,1,0,1,Expenditure,"Monthly consumption, total per household (PPP$) [10] Non-food","Monthly consumption, total per household (PPP$) [10] Non-food",0,"""being assigned to participate in the program"" p 23","page: 5; table: 5; table label: Appendix Table 5. Treatment Effects on Consumption; row label: Panel B: Monthly consumption, total per household (PPP$) [10] Non-food; column label: (1) Coef. (2) (S.E.)",8.74,16.59,0.526823388,,,p > .1,,,,,,874,2,0,874,6,0.035640134,0.035640134,0.035629913,0.004577022,0.999139662,0.004573085,0.067624586,-0.096914275,0.168174101,1,"""SFD identified eligible individuals for the program from the list of households in SWF’s unconditional cash transfer program in project areas. As a result, both the treatment and the control households received consumption support, as all sample households were recipients of SWF cash transfers."" (p.3)",0,"No, not specifically targeting women",6,Yemen GP,Yemen GP (Graduation Program),0,UoA=UoR both at the household level p3 and p6,2020,Brune (2020) Yemen GP,Yemen,,,,,,,,,Not food expenditure outcome,,,,,,,,,,,,,,,,,,,,,,,,,,,,,,,,,,,,,,,,,,,,,,,,,,,,,,,,,,,,,,,,,,,,,,,,,,,,,,,,,,,,,,,,,,,,,,,,,,,,,,,,,,,,,,,,,,,,,,,,,,,,,,,,,,,,,,,,,,,,,,,,,,,,,,,,,,,,,,,,,,,,,,
Yvan,,121058369,121058369_2,Brune,Yemen Graduation Program,12,12,1,1,1,1,1,1,0,1,Expenditure,Monthly consumption per capita (PPP$),Monthly consumption per capita (PPP$),0,"""being assigned to participate in the program"" p 7",page: 7; table: 2; table label: Treatment effects on key welfare outcomes; row label: Monthly consumption per capita (PPP$); column label: (1) Coef. (2) (S.E.) (6) p value,-2.22,4.8,-0.4625,,,0.64,,,,,,874,2,0,874,6,-0.031288592,-0.031288592,-0.031279619,0.004576939,0.999139662,0.004573001,0.06762397,-0.1638226,0.101263363,1,"""SFD identified eligible individuals for the program from the list of households in SWF’s unconditional cash transfer program in project areas. As a result, both the treatment and the control households received consumption support, as all sample households were recipients of SWF cash transfers."" (p.3)",0,"No, not specifically targeting women",6,Yemen GP,Yemen GP (Graduation Program),0,UoA=UoR both at the household level p3 and p6,2020,Brune (2020) Yemen GP,Yemen,,,,,,,,,Not food expenditure outcome,,,,,,,,,,,,,,,,,,,,,,,,,,,,,,,,,,,,,,,,,,,,,,,,,,,,,,,,,,,,,,,,,,,,,,,,,,,,,,,,,,,,,,,,,,,,,,,,,,,,,,,,,,,,,,,,,,,,,,,,,,,,,,,,,,,,,,,,,,,,,,,,,,,,,,,,,,,,,,,,,,,,,,
Yvan,,121058369,121058369_20,Brune,Yemen Graduation Program,12,12,1,1,1,1,1,1,0,1,Income,[1] Net livestock income ([2]-[3]),[1] Net livestock income ([2]-[3]),0,"""being assigned to participate in the program"" p 24",page: 6; table: 6; table label: Appendix Table 6. Treatment Effects on Livestock Income in Past 12 Months [PPP$]; row label: [1] Net livestock income ([2]-[3]); column label: (1) Coef. (2) (S.E.),-20.09,34.53,-0.581812916,,,p > .1,,,,,,874,2,0,874,6,-0.039360231,-0.039360231,-0.039348943,0.004577102,0.999139662,0.004573164,0.067625175,-0.171894287,0.0931964,1,"""SFD identified eligible individuals for the program from the list of households in SWF’s unconditional cash transfer program in project areas. As a result, both the treatment and the control households received consumption support, as all sample households were recipients of SWF cash transfers."" (p.3)",0,"No, not specifically targeting women",6,Yemen GP,Yemen GP (Graduation Program),0,UoA=UoR both at the household level p3 and p6,2020,Brune (2020) Yemen GP,Yemen,,,,,,,,,,,,,,,,,,,,,,,,,,,,,,,,,,,,,,,,,,,,,,,,,,,,,,,,,,,,,,,,,,,,,,,,,,,,,,,,,,,,,,,,,,,,,,,,,,,,,,,,,,,,,,,,,,,,,,,,,,,,,,,,,,,,,,,,,,,,,,,,,,,,,,,,,,,,,,,,,,,,,,,,,,,,,,,
Yvan,,121058369,121058369_21,Brune,Yemen Graduation Program,12,12,1,1,1,1,1,1,0,1,Income,[2] Revenue,[2] Revenue,0,"""being assigned to participate in the program"" p 25",page: 6; table: 6; table label: Appendix Table 6. Treatment Effects on Livestock Income in Past 12 Months [PPP$]; row label: [2] Revenue; column label: (1) Coef. (2) (S.E.),56.48,20.49,2.756466569,,,p < .01,,,,,,874,2,0,874,6,0.186477745,0.186477745,0.186424267,0.004586606,0.999139662,0.00458266,0.067695345,0.05374139,0.319107144,1,"""SFD identified eligible individuals for the program from the list of households in SWF’s unconditional cash transfer program in project areas. As a result, both the treatment and the control households received consumption support, as all sample households were recipients of SWF cash transfers."" (p.3)",0,"No, not specifically targeting women",6,Yemen GP,Yemen GP (Graduation Program),0,UoA=UoR both at the household level p3 and p6,2020,Brune (2020) Yemen GP,Yemen,,,,,,,,,,,,,,,,,,,,,,,,,,,,,,,,,,,,,,,,,,,,,,,,,,,,,,,,,,,,,,,,,,,,,,,,,,,,,,,,,,,,,,,,,,,,,,,,,,,,,,,,,,,,,,,,,,,,,,,,,,,,,,,,,,,,,,,,,,,,,,,,,,,,,,,,,,,,,,,,,,,,,,,,,,,,,,,
Yvan,,121058369,121058369_22,Brune,Yemen Graduation Program,12,12,1,1,1,1,1,1,0,1,Income,[1] Non-livestock income,[1] Non-livestock income,0,"""being assigned to participate in the program"" p 26",page: 7; table: 7; table label: Appendix Table 7. Treatment Effects on Non-Livestock Income in Past 12 Months [PPP$]; row label: [1] Non-livestock income; column label: (1) Coef. (2) (S.E.),42.79,338.43,0.126436782,,,p > .1,,,,,,874,2,0,874,6,0.008553576,0.008553576,0.008551123,0.00457668,0.999139662,0.004572742,0.067622056,-0.123988107,0.141090353,1,"""SFD identified eligible individuals for the program from the list of households in SWF’s unconditional cash transfer program in project areas. As a result, both the treatment and the control households received consumption support, as all sample households were recipients of SWF cash transfers."" (p.3)",0,"No, not specifically targeting women",6,Yemen GP,Yemen GP (Graduation Program),0,UoA=UoR both at the household level p3 and p6,2020,Brune (2020) Yemen GP,Yemen,,,,,,,,,,,,,,,,,,,,,,,,,,,,,,,,,,,,,,,,,,,,,,,,,,,,,,,,,,,,,,,,,,,,,,,,,,,,,,,,,,,,,,,,,,,,,,,,,,,,,,,,,,,,,,,,,,,,,,,,,,,,,,,,,,,,,,,,,,,,,,,,,,,,,,,,,,,,,,,,,,,,,,,,,,,,,,,
Yvan,,121058369,121058369_23,Brune,Yemen Graduation Program,12,12,1,1,1,1,1,1,0,1,Income,[2] Income from paid work,[2] Income from paid work,0,"""being assigned to participate in the program"" p 27",page: 7; table: 7; table label: Appendix Table 7. Treatment Effects on Non-Livestock Income in Past 12 Months [PPP$]; row label: [2] Income from paid work; column label: (1) Coef. (2) (S.E.),48.44,332.36,0.145745577,,,p > .1,,,,,,874,2,0,874,6,0.009859835,0.009859835,0.009857008,0.004576687,0.999139662,0.004572749,0.067622107,-0.122682322,0.142396337,1,"""SFD identified eligible individuals for the program from the list of households in SWF’s unconditional cash transfer program in project areas. As a result, both the treatment and the control households received consumption support, as all sample households were recipients of SWF cash transfers."" (p.3)",0,"No, not specifically targeting women",6,Yemen GP,Yemen GP (Graduation Program),0,UoA=UoR both at the household level p3 and p6,2020,Brune (2020) Yemen GP,Yemen,,,,,,,,,,,,,,,,,,,,,,,,,,,,,,,,,,,,,,,,,,,,,,,,,,,,,,,,,,,,,,,,,,,,,,,,,,,,,,,,,,,,,,,,,,,,,,,,,,,,,,,,,,,,,,,,,,,,,,,,,,,,,,,,,,,,,,,,,,,,,,,,,,,,,,,,,,,,,,,,,,,,,,,,,,,,,,,
Yvan,,121058369,121058369_24,Brune,Yemen Graduation Program,12,12,1,1,1,1,1,1,0,1,Income,[3] Business profit,[3] Business profit,0,"""being assigned to participate in the program"" p 28",page: 7; table: 7; table label: Appendix Table 7. Treatment Effects on Non-Livestock Income in Past 12 Months [PPP$]; row label: [3] Business profit; column label: (1) Coef. (2) (S.E.),25.05,49.08,0.510391198,,,p > .1,,,,,,874,2,0,874,6,0.03452848,0.03452848,0.034518578,0.004577,0.999139662,0.004573062,0.067624421,-0.098025287,0.167062442,1,"""SFD identified eligible individuals for the program from the list of households in SWF’s unconditional cash transfer program in project areas. As a result, both the treatment and the control households received consumption support, as all sample households were recipients of SWF cash transfers."" (p.3)",0,"No, not specifically targeting women",6,Yemen GP,Yemen GP (Graduation Program),0,UoA=UoR both at the household level p3 and p6,2020,Brune (2020) Yemen GP,Yemen,,,,,,,,,,,,,,,,,,,,,,,,,,,,,,,,,,,,,,,,,,,,,,,,,,,,,,,,,,,,,,,,,,,,,,,,,,,,,,,,,,,,,,,,,,,,,,,,,,,,,,,,,,,,,,,,,,,,,,,,,,,,,,,,,,,,,,,,,,,,,,,,,,,,,,,,,,,,,,,,,,,,,,,,,,,,,,,
Yvan,,121058369,121058369_25,Brune,Yemen Graduation Program,12,12,1,1,1,1,1,1,0,1,Income,[4] Business revenue,[4] Business revenue,0,"""being assigned to participate in the program"" p 29",page: 7; table: 7; table label: Appendix Table 7. Treatment Effects on Non-Livestock Income in Past 12 Months [PPP$]; row label: [4] Business revenue; column label: (1) Coef. (2) (S.E.),20.06,88.15,0.227566648,,,p > .1,,,,,,874,2,0,874,6,0.015395113,0.015395113,0.015390698,0.004576727,0.999139662,0.004572789,0.067622402,-0.11714921,0.147930607,1,"""SFD identified eligible individuals for the program from the list of households in SWF’s unconditional cash transfer program in project areas. As a result, both the treatment and the control households received consumption support, as all sample households were recipients of SWF cash transfers."" (p.3)",0,"No, not specifically targeting women",6,Yemen GP,Yemen GP (Graduation Program),0,UoA=UoR both at the household level p3 and p6,2020,Brune (2020) Yemen GP,Yemen,,,,,,,,,,,,,,,,,,,,,,,,,,,,,,,,,,,,,,,,,,,,,,,,,,,,,,,,,,,,,,,,,,,,,,,,,,,,,,,,,,,,,,,,,,,,,,,,,,,,,,,,,,,,,,,,,,,,,,,,,,,,,,,,,,,,,,,,,,,,,,,,,,,,,,,,,,,,,,,,,,,,,,,,,,,,,,,
Yvan,,121058369,121058369_26,Brune,Yemen Graduation Program,12,12,1,1,1,1,1,1,0,1,Income,[5] Business expenses,[5] Business expenses,0,"""being assigned to participate in the program"" p 30",page: 7; table: 7; table label: Appendix Table 7. Treatment Effects on Non-Livestock Income in Past 12 Months [PPP$]; row label: [5] Business expenses; column label: (1) Coef. (2) (S.E.),22.08,42.65,0.517702227,,,p > .1,,,,,,874,2,0,874,6,0.035023078,0.035023078,0.035013034,0.00457701,0.999139662,0.004573072,0.067624494,-0.097530973,0.167557042,1,"""SFD identified eligible individuals for the program from the list of households in SWF’s unconditional cash transfer program in project areas. As a result, both the treatment and the control households received consumption support, as all sample households were recipients of SWF cash transfers."" (p.3)",0,"No, not specifically targeting women",6,Yemen GP,Yemen GP (Graduation Program),0,UoA=UoR both at the household level p3 and p6,2020,Brune (2020) Yemen GP,Yemen,,,,,,,,,,,,,,,,,,,,,,,,,,,,,,,,,,,,,,,,,,,,,,,,,,,,,,,,,,,,,,,,,,,,,,,,,,,,,,,,,,,,,,,,,,,,,,,,,,,,,,,,,,,,,,,,,,,,,,,,,,,,,,,,,,,,,,,,,,,,,,,,,,,,,,,,,,,,,,,,,,,,,,,,,,,,,,,
Yvan,,121058369,121058369_27,Brune,Yemen Graduation Program,12,12,1,1,1,1,1,1,0,1,Income,[6] Agriculture profit,[6] Agriculture profit,0,"""being assigned to participate in the program"" p 31",page: 7; table: 7; table label: Appendix Table 7. Treatment Effects on Non-Livestock Income in Past 12 Months [PPP$]; row label: [6] Agriculture profit; column label: (1) Coef. (2) (S.E.),-22.53,24.54,-0.91809291,,,p > .1,,,,,,874,2,0,874,6,-0.062109912,-0.062109912,-0.0620921,0.004577762,0.999139662,0.004573824,0.067630053,-0.194647004,0.070462804,1,"""SFD identified eligible individuals for the program from the list of households in SWF’s unconditional cash transfer program in project areas. As a result, both the treatment and the control households received consumption support, as all sample households were recipients of SWF cash transfers."" (p.3)",0,"No, not specifically targeting women",6,Yemen GP,Yemen GP (Graduation Program),0,UoA=UoR both at the household level p3 and p6,2020,Brune (2020) Yemen GP,Yemen,,,,,,,,,,,,,,,,,,,,,,,,,,,,,,,,,,,,,,,,,,,,,,,,,,,,,,,,,,,,,,,,,,,,,,,,,,,,,,,,,,,,,,,,,,,,,,,,,,,,,,,,,,,,,,,,,,,,,,,,,,,,,,,,,,,,,,,,,,,,,,,,,,,,,,,,,,,,,,,,,,,,,,,,,,,,,,,
Yvan,,121058369,121058369_28,Brune,Yemen Graduation Program,12,12,1,1,1,1,1,1,0,1,Income,[7] Agriculture revenue,[7] Agriculture revenue,0,"""being assigned to participate in the program"" p 32",page: 7; table: 7; table label: Appendix Table 7. Treatment Effects on Non-Livestock Income in Past 12 Months [PPP$]; row label: [7] Agriculture revenue; column label: (1) Coef. (2) (S.E.),-0.57,10.48,-0.054389313,,,p > .1,,,,,,874,2,0,874,6,-0.003679492,-0.003679492,-0.003678437,0.004576663,0.999139662,0.004572725,0.06762193,-0.13621742,0.128860546,1,"""SFD identified eligible individuals for the program from the list of households in SWF’s unconditional cash transfer program in project areas. As a result, both the treatment and the control households received consumption support, as all sample households were recipients of SWF cash transfers."" (p.3)",0,"No, not specifically targeting women",6,Yemen GP,Yemen GP (Graduation Program),0,UoA=UoR both at the household level p3 and p6,2020,Brune (2020) Yemen GP,Yemen,,,,,,,,,,,,,,,,,,,,,,,,,,,,,,,,,,,,,,,,,,,,,,,,,,,,,,,,,,,,,,,,,,,,,,,,,,,,,,,,,,,,,,,,,,,,,,,,,,,,,,,,,,,,,,,,,,,,,,,,,,,,,,,,,,,,,,,,,,,,,,,,,,,,,,,,,,,,,,,,,,,,,,,,,,,,,,,
Yvan,,121058369,121058369_29,Brune,Yemen Graduation Program,12,12,1,1,1,1,1,1,0,1,Income,[8] Agriculture expenses,[8] Agriculture expenses,0,"""being assigned to participate in the program"" p 33",page: 7; table: 7; table label: Appendix Table 7. Treatment Effects on Non-Livestock Income in Past 12 Months [PPP$]; row label: [8] Agriculture expenses; column label: (1) Coef. (2) (S.E.),10.32,13.54,0.762186115,,,p > .1,,,,,,874,2,0,874,6,0.05156266,0.05156266,0.051547873,0.00457742,0.999139662,0.004573481,0.06762752,-0.081002066,0.184097811,1,"""SFD identified eligible individuals for the program from the list of households in SWF’s unconditional cash transfer program in project areas. As a result, both the treatment and the control households received consumption support, as all sample households were recipients of SWF cash transfers."" (p.3)",0,"No, not specifically targeting women",6,Yemen GP,Yemen GP (Graduation Program),0,UoA=UoR both at the household level p3 and p6,2020,Brune (2020) Yemen GP,Yemen,,,,,,,,,,,,,,,,,,,,,,,,,,,,,,,,,,,,,,,,,,,,,,,,,,,,,,,,,,,,,,,,,,,,,,,,,,,,,,,,,,,,,,,,,,,,,,,,,,,,,,,,,,,,,,,,,,,,,,,,,,,,,,,,,,,,,,,,,,,,,,,,,,,,,,,,,,,,,,,,,,,,,,,,,,,,,,,
Yvan,,121058369,121058369_3,Brune,Yemen Graduation Program,12,12,1,1,1,1,1,1,0,1,Expenditure,Monthly consumption per HH (PPP$),Monthly consumption per HH (PPP$),0,"""being assigned to participate in the program"" p 8",page: 7; table: 2; table label: Treatment effects on key welfare outcomes; row label: Monthly consumption per HH (PPP$); column label: (1) Coef. (2) (S.E.) (6) p value,9.32,32.07,0.290614281,,,0.77,,,,,,874,2,0,874,6,0.019660349,0.019660349,0.019654711,0.00457677,0.999139662,0.004572832,0.067622718,-0.112885817,0.152195239,1,"""SFD identified eligible individuals for the program from the list of households in SWF’s unconditional cash transfer program in project areas. As a result, both the treatment and the control households received consumption support, as all sample households were recipients of SWF cash transfers."" (p.3)",0,"No, not specifically targeting women",6,Yemen GP,Yemen GP (Graduation Program),0,UoA=UoR both at the household level p3 and p6,2020,Brune (2020) Yemen GP,Yemen,,,,,,,,,Not food expenditure outcome,,,,,,,,,,,,,,,,,,,,,,,,,,,,,,,,,,,,,,,,,,,,,,,,,,,,,,,,,,,,,,,,,,,,,,,,,,,,,,,,,,,,,,,,,,,,,,,,,,,,,,,,,,,,,,,,,,,,,,,,,,,,,,,,,,,,,,,,,,,,,,,,,,,,,,,,,,,,,,,,,,,,,,
Yvan,,121058369,121058369_30,Brune,Yemen Graduation Program,12,12,1,1,1,1,1,1,0,1,Savings,[2] Total savings balance (PPP$),[2] Total savings balance (PPP$),0,"""being assigned to participate in the program"" p 34",page: 9; table: 9; table label: Appendix Table 9. Treatment Effects on Savings; row label: [2] Total savings balance (PPP$); column label: (1) Coef. (2) (S.E.),7.51,2.11,3.559241706,,,p < .01,,,,,,874,2,0,874,6,0.240786293,0.240786293,0.240717241,0.004593243,0.999139662,0.004589291,0.067744309,0.107938395,0.373496086,1,"""SFD identified eligible individuals for the program from the list of households in SWF’s unconditional cash transfer program in project areas. As a result, both the treatment and the control households received consumption support, as all sample households were recipients of SWF cash transfers."" (p.3)",0,"No, not specifically targeting women",6,Yemen GP,Yemen GP (Graduation Program),0,UoA=UoR both at the household level p3 and p6,2020,Brune (2020) Yemen GP,Yemen,,,,,,,,,,,,,1,1,,,,,,,,,,,,,,,,,,,,,,,,,,,,,,,,,,,,,,,,,,,,,,,,,,,,,,,,,,,,,,,,,,,,,,,,,,,,,,,,,,,,,,,,,,,,,,,,,,,,,,,,,,,,,,,,,,,,,,,,,,,,,,,,,,,,,,,,,,,,,,,,,,,,,,,,,,,,,,,,,
Yvan,,121058369,121058369_4,Brune,Yemen Graduation Program,12,12,1,1,1,1,1,1,0,1,Income,"Total income, past 12m (PPP$)","Total income, past 12m (PPP$)",0,"""being assigned to participate in the program"" p 9","page: 7; table: 2; table label: Treatment effects on key welfare outcomes; row label: Total income, past 12m (PPP$); column label: (1) Coef. (2) (S.E.) (6) p value",-29.08,342.9,-0.084806066,,,0.93,,,,,,874,2,0,874,6,-0.005737216,-0.005737216,-0.005735571,0.004576668,0.999139662,0.004572731,0.067621971,-0.138274634,0.126803493,1,"""SFD identified eligible individuals for the program from the list of households in SWF’s unconditional cash transfer program in project areas. As a result, both the treatment and the control households received consumption support, as all sample households were recipients of SWF cash transfers."" (p.3)",0,"No, not specifically targeting women",6,Yemen GP,Yemen GP (Graduation Program),0,UoA=UoR both at the household level p3 and p6,2020,Brune (2020) Yemen GP,Yemen,,,,,,,,,,,,,,,,,,,,,,,,,,,,,,,,,,,,,,,,,,,,,,,,,,,,,,,,,,,,,,,,,,,,,,,,,,,,,,,,,,,,,,,,,,,,,,,,,,,,,,,,,,,,,,,,,,,,,,,,,,,,,,,,,,,,,,,,,,,,,,,,,,,,,,,,,,,,,,,,,,,,,,,,,,,,,,,
Yvan,,121058369,121058369_5,Brune,Yemen Graduation Program,12,12,1,1,1,1,1,1,0,1,Income,"Livestock income, past 12m (PPP$)","Livestock income, past 12m (PPP$)",0,"""being assigned to participate in the program"" p 10","page: 7; table: 2; table label: Treatment effects on key welfare outcomes; row label: Livestock income, past 12m (PPP$); column label: (1) Coef. (2) (S.E.) (6) p value",-20.09,34.53,-0.581812916,,,0.56,,,,,,874,2,0,874,6,-0.039360231,-0.039360231,-0.039348943,0.004577102,0.999139662,0.004573164,0.067625175,-0.171894287,0.0931964,1,"""SFD identified eligible individuals for the program from the list of households in SWF’s unconditional cash transfer program in project areas. As a result, both the treatment and the control households received consumption support, as all sample households were recipients of SWF cash transfers."" (p.3)",0,"No, not specifically targeting women",6,Yemen GP,Yemen GP (Graduation Program),0,UoA=UoR both at the household level p3 and p6,2020,Brune (2020) Yemen GP,Yemen,,,,,,,,,,,,,,,,,,,,,,,,,,,,,,,,,,,,,,,,,,,,,,,,,,,,,,,,,,,,,,,,,,,,,,,,,,,,,,,,,,,,,,,,,,,,,,,,,,,,,,,,,,,,,,,,,,,,,,,,,,,,,,,,,,,,,,,,,,,,,,,,,,,,,,,,,,,,,,,,,,,,,,,,,,,,,,,
Yvan,,121058369,121058369_6,Brune,Yemen Graduation Program,12,12,1,1,1,1,1,1,0,1,Income,"Non-livestock income, past 12m (PPP$)","Non-livestock income, past 12m (PPP$)",0,"""being assigned to participate in the program"" p 11","page: 7; table: 2; table label: Treatment effects on key welfare outcomes; row label: Non-livestock income, past 12m (PPP$); column label: (1) Coef. (2) (S.E.) (6) p value",42.79,338.43,0.126436782,,,0.9,,,,,,874,2,0,874,6,0.008553576,0.008553576,0.008551123,0.00457668,0.999139662,0.004572742,0.067622056,-0.123988107,0.141090353,1,"""SFD identified eligible individuals for the program from the list of households in SWF’s unconditional cash transfer program in project areas. As a result, both the treatment and the control households received consumption support, as all sample households were recipients of SWF cash transfers."" (p.3)",0,"No, not specifically targeting women",6,Yemen GP,Yemen GP (Graduation Program),0,UoA=UoR both at the household level p3 and p6,2020,Brune (2020) Yemen GP,Yemen,,,,,,,,,,,,,,,,,,,,,,,,,,,,,,,,,,,,,,,,,,,,,,,,,,,,,,,,,,,,,,,,,,,,,,,,,,,,,,,,,,,,,,,,,,,,,,,,,,,,,,,,,,,,,,,,,,,,,,,,,,,,,,,,,,,,,,,,,,,,,,,,,,,,,,,,,,,,,,,,,,,,,,,,,,,,,,,
Yvan,,121058369,121058369_8,Brune,Yemen Graduation Program,12,12,1,1,1,1,1,1,0,1,Savings,Savings index (z-score),Savings index (z-score),0,"""being assigned to participate in the program"" p 12",page: 7; table: 2; table label: Treatment effects on key welfare outcomes; row label: Savings index (z-score); column label: (1) Coef. (2) (S.E.) (6) p value,0.44,0.12,3.666666667,,,p < .01,,,,,,874,2,0,874,6,0.2480537,0.2480537,0.247982564,0.004594259,0.999139662,0.004590307,0.067751802,0.115189031,0.380776096,1,"""SFD identified eligible individuals for the program from the list of households in SWF’s unconditional cash transfer program in project areas. As a result, both the treatment and the control households received consumption support, as all sample households were recipients of SWF cash transfers."" (p.3)",0,"No, not specifically targeting women",6,Yemen GP,Yemen GP (Graduation Program),0,UoA=UoR both at the household level p3 and p6,2020,Brune (2020) Yemen GP,Yemen,,,,,,,,,,,,,,,,,,,,,,,,,,,,,,,,,,,,,,,,,,,,,,,,,,,,,,,,,,,,,,,,,,,,,,,,,,,,,,,,,,,,,,,,,,,,,,,,,,,,,,,,,,,,,,,,,,,,,,,,,,,,,,,,,,,,,,,,,,,,,,,,,,,,,,,,,,,,,,,,,,,,,,,,,,,,,,,
Yvan,,121058369,121058369_9,Brune,Yemen Graduation Program,12,12,1,1,1,1,1,1,0,1,Assets,Housing index (z-score),Housing index (z-score),0,"""being assigned to participate in the program"" p 13",page: 7; table: 2; table label: Treatment effects on key welfare outcomes; row label: Housing index (z-score); column label: (1) Coef. (2) (S.E.) (6) p value,0.11,0.06,1.833333333,,,0.09,,,,,,874,2,0,874,6,0.12402685,0.12402685,0.123991282,0.004581059,0.999139662,0.004577118,0.0676544,-0.008611342,0.256593906,1,"""SFD identified eligible individuals for the program from the list of households in SWF’s unconditional cash transfer program in project areas. As a result, both the treatment and the control households received consumption support, as all sample households were recipients of SWF cash transfers."" (p.3)",0,"No, not specifically targeting women",6,Yemen GP,Yemen GP (Graduation Program),0,UoA=UoR both at the household level p3 and p6,2020,Brune (2020) Yemen GP,Yemen,,,,,,,,,,,,,,,,,,,,,,,,,,,,,,,,,,,,,,,,,,,,,,,,,,,,,,,,,,,,,,,,,,,,,,,,,,,,,,,,,,,,,,,,,,,,,,,,,,,,,,,,,,,,,,,,,,,,,,,,,,,,,,,,,,,,,,,,,,,,,,,,,,,,,,,,,,,,,,,,,,,,,,,,,,,,,,,
CGP,"Based on baseline data reported in an earlier version (Bandiera 2013), the distribution of T/C is 60/40",121058372,121058372_1,Bandiera et al.,CFPR-TUP II,0,24,1,1,1,1,0,1,1,1,Savings,Household cash savings,Household cash savings,0,Program impact after 2 years,"page: 839; table: IV; table label: TREATMENT EFFECTS ON CONSUMPTION, HOUSEHOLD, AND FINANCIAL ASSETS OF ULTRA-POOR HOUSEHOLDS; row label: Program impact after 2 years; column label: Financial assets (4) Household savings",54.54,4.6,11.86,,,,,,40,,,"20,179",3,1,6726,6,0.289133295,0.289133295,0.289122545,0.000597785,0.999888461,0.000597718,0.024448274,0.241203929,0.337041161,0,no mention of the control receiving components from other programs,1,BRAC CFPR I and II target women as lead recipient,7,Bangladesh CFPR-TUP II,Bangladesh CFPR-TUP II (Challenging the Frontiers of Poverty Reduction - Targeting the Ultra Poor),0,"""The error term _idt is clustered by BRAC branch, the unit of randomization."" p832",2017,Bandiera et al. (2017) Bangladesh CFPR-TUP II,Bangladesh,,,,,,,,,,,,,,1,,,,,,,,,,,,,,,,,,,,,,,,,,,,,,,,,,,,,,,,,,,,,,,,,,,,,,,,,,,,,,,,,,,,,,,,,,,,,,,,,,,,,,,,,,,,,,,,,,,,,,,,,,,,,,,,,,,,,,,,,,,,,,,,,,,,,,,,,,,,,,,,,,,,,,,,,,,,,,,,,
CGP,"Based on baseline data reported in an earlier version (Bandiera 2013), the distribution of T/C is 60/40",121058372,121058372_2,Bandiera et al.,CFPR-TUP II,24,24,1,1,1,1,0,1,1,1,Savings,Household cash savings,Household cash savings,0,Program impact after 4 years,"page: 839; table: IV; table label: TREATMENT EFFECTS ON CONSUMPTION, HOUSEHOLD, AND FINANCIAL ASSETS OF ULTRA-POOR HOUSEHOLDS; row label: Program impact after 4 years; column label: Financial assets (4) Household savings",53.22,4.01,13.27,,,,,,40,,,"20,179",3,1,6726,6,0.323646787,0.323646787,0.323634754,0.000598571,0.999888461,0.000598504,0.024464342,0.275684643,0.371584865,0,no mention of the control receiving components from other programs,1,BRAC CFPR I and II target women as lead recipient,7,Bangladesh CFPR-TUP II,Bangladesh CFPR-TUP II (Challenging the Frontiers of Poverty Reduction - Targeting the Ultra Poor),0,"""The error term _idt is clustered by BRAC branch, the unit of randomization."" p832",2017,Bandiera et al. (2017) Bangladesh CFPR-TUP II,Bangladesh,,,,,,,,,,,,,,1,,,,,,,,,,,,,,,,,,,,,,,,,,,,,,,,,,,,,,,,,,,,,,,,,,,,,,,,,,,,,,,,,,,,,,,,,,,,,,,,,,,,,,,,,,,,,,,,,,,,,,,,,,,,,,,,,,,,,,,,,,,,,,,,,,,,,,,,,,,,,,,,,,,,,,,,,,,,,,,,,
CGP,"Based on baseline data reported in an earlier version (Bandiera 2013), the distribution of T/C is 60/40",121058372,121058372_3,Bandiera et al.,CFPR-TUP II,0,24,1,1,1,1,0,1,1,1,Expenditure,Consumption expenditure (per adult equivalent),Consumption expenditure (per adult equivalent),0,Program impact after 2 years,"page: 839; table: IV; table label: TREATMENT EFFECTS ON CONSUMPTION, HOUSEHOLD, AND FINANCIAL ASSETS OF ULTRA-POOR HOUSEHOLDS; row label: Program impact after 2 years; column label: Poverty and consumption (2) Consumption expenditure (per adult equivalent)",30.19,25.34,1.19,,,,,,40,,,"18,838",3,1,6279,6,0.030069744,0.030069744,0.030068546,0.000637046,0.999880518,0.00063697,0.025238268,-0.019398459,0.079535552,0,no mention of the control receiving components from other programs,1,BRAC CFPR I and II target women as lead recipient,7,Bangladesh CFPR-TUP II,Bangladesh CFPR-TUP II (Challenging the Frontiers of Poverty Reduction - Targeting the Ultra Poor),0,"""The error term _idt is clustered by BRAC branch, the unit of randomization."" p832",2017,Bandiera et al. (2017) Bangladesh CFPR-TUP II,Bangladesh,,,,,,,,,Not food expenditure outcome,,,,,,,,,,,,,,,,,,,,,,,,,,,,,,,,,,,,,,,,,,,,,,,,,,,,,,,,,,,,,,,,,,,,,,,,,,,,,,,,,,,,,,,,,,,,,,,,,,,,,,,,,,,,,,,,,,,,,,,,,,,,,,,,,,,,,,,,,,,,,,,,,,,,,,,,,,,,,,,,,,,,,,
CGP,"Based on baseline data reported in an earlier version (Bandiera 2013), the distribution of T/C is 60/40",121058372,121058372_4,Bandiera et al.,CFPR-TUP II,24,24,1,1,1,1,0,1,1,1,Expenditure,Consumption expenditure (per adult equivalent),Consumption expenditure (per adult equivalent),0,Program impact after 4 years,"page: 839; table: IV; table label: TREATMENT EFFECTS ON CONSUMPTION, HOUSEHOLD, AND FINANCIAL ASSETS OF ULTRA-POOR HOUSEHOLDS; row label: Program impact after 4 years; column label: Poverty and consumption (2) Consumption expenditure (per adult",62.62,20.82,3.01,,,,,,40,,,"18,838",3,1,6279,6,0.075911149,0.075911149,0.075908126,0.00063724,0.999880518,0.000637164,0.025242099,0.026433611,0.12538264,0,no mention of the control receiving components from other programs,1,BRAC CFPR I and II target women as lead recipient,7,Bangladesh CFPR-TUP II,Bangladesh CFPR-TUP II (Challenging the Frontiers of Poverty Reduction - Targeting the Ultra Poor),0,"""The error term _idt is clustered by BRAC branch, the unit of randomization."" p832",2017,Bandiera et al. (2017) Bangladesh CFPR-TUP II,Bangladesh,,,,,,,,,Not food expenditure outcome,,,,,,,,,,,,,,,,,,,,,,,,,,,,,,,,,,,,,,,,,,,,,,,,,,,,,,,,,,,,,,,,,,,,,,,,,,,,,,,,,,,,,,,,,,,,,,,,,,,,,,,,,,,,,,,,,,,,,,,,,,,,,,,,,,,,,,,,,,,,,,,,,,,,,,,,,,,,,,,,,,,,,,
CGP,"Based on baseline data reported in an earlier version (Bandiera 2013), the distribution of T/C is 60/40",121058372,121058372_5,Bandiera et al.,CFPR-TUP II,0,24,1,1,1,1,0,1,1,1,Poverty,Below poverty line,Below poverty line,0,Program impact after 2 years,"page: 839; table: IV; table label: TREATMENT EFFECTS ON CONSUMPTION, HOUSEHOLD, AND FINANCIAL ASSETS OF ULTRA-POOR HOUSEHOLDS; row label: Program impact after 2 years; column label: Poverty and consumption (1) Below poverty line",-0.051,0.046,-1.11,,,,,,40,,,"18,882",3,1,6294,6,-0.027949817,-0.027949817,-0.027948707,0.000635557,0.999880796,0.000635481,0.025208752,-0.07735786,0.021460447,0,no mention of the control receiving components from other programs,1,BRAC CFPR I and II target women as lead recipient,7,Bangladesh CFPR-TUP II,Bangladesh CFPR-TUP II (Challenging the Frontiers of Poverty Reduction - Targeting the Ultra Poor),0,"""The error term _idt is clustered by BRAC branch, the unit of randomization."" p832",2017,Bandiera et al. (2017) Bangladesh CFPR-TUP II,Bangladesh,,,,,,,,,,,,,,,,,,,,,,,,,,,,,,,,,,,,,,,,,,,,,,,,,,,,,,,,,,,,,,,,,,,,,,,,,,,,,,,,,,,,,,,,,,,,,,,,,,,,,,,,,,,,,,,,,,,,,,,,,,,,,,,,,,,,,,,,,,,,,,,,,,,,,,,,,,,,,,,,,,,,,,,,,,,,,,,
CGP,"Based on baseline data reported in an earlier version (Bandiera 2013), the distribution of T/C is 60/40",121058372,121058372_6,Bandiera et al.,CFPR-TUP II,24,24,1,1,1,1,0,1,1,1,Poverty,Below poverty line,Below poverty line,0,Program impact after 4 years,"page: 839; table: IV; table label: TREATMENT EFFECTS ON CONSUMPTION, HOUSEHOLD, AND FINANCIAL ASSETS OF ULTRA-POOR HOUSEHOLDS; row label: Program impact after 4 years; column label: Poverty and consumption (1) Below poverty line",-0.084,0.038,-2.21,,,,,,40,,,"18,882",3,1,6294,6,-0.05572657,-0.05572657,-0.055724356,0.000635649,0.999880796,0.000635573,0.025210583,-0.105137098,-0.006311614,0,no mention of the control receiving components from other programs,1,BRAC CFPR I and II target women as lead recipient,7,Bangladesh CFPR-TUP II,Bangladesh CFPR-TUP II (Challenging the Frontiers of Poverty Reduction - Targeting the Ultra Poor),0,"""The error term _idt is clustered by BRAC branch, the unit of randomization."" p832",2017,Bandiera et al. (2017) Bangladesh CFPR-TUP II,Bangladesh,,,,,,,,,,,,,,,,1,Selected as longest legnth of follow up,,,,,,,,,,,,,,,,,,,,,,,,,,,,,,,,,,,,,,,,,,,,,,,,,,,,,,,,,,,,,,,,,,,,,,,,,,,,,,,,,,,,,,,,,,,,,,,,,,,,,,,,,,,,,,,,,,,,,,,,,,,,,,,,,,,,,,,,,,,,,,,,,,,,,,,,,,,,,,
CGP,,121328167,121328167_1,Balboni et al.,CFPR-TUP II,0,24,1,1,1,1,0,1,1,1,Income,Net Earnings,Net Earnings,0,Year 2  above ^k,page: 52; table: 4; table label: TABLE IV Difference in Differences Estimates of Long-Run Dynamics; row label: Year 2 _ above kˆ; column label:  Net Earnings,-1889,329,-5.74,,,,,,,,,15713,4,1,3928,6,-0.183217307,-0.183217307,-0.18320564,0.001020401,0.999808966,0.001020207,0.031940672,-0.245809358,-0.120601922,0,no mention of the control receiving components from other programs,1,BRAC CFPR I and II target women as lead recipient,7,Bangladesh CFPR-TUP II,Bangladesh CFPR-TUP II (Challenging the Frontiers of Poverty Reduction - Targeting the Ultra Poor),0,"""We track 6000 poor households across 2007, 2009, 2011, 2014 and 2018, half of which are randomly selected to receive a large asset transfer in 2007"" p3",2022,Balboni et al. (2022) Bangladesh CFPR-TUP II,Bangladesh,,,,,,,,,,,,,,,,,,,,,,,,,,,,,,,,,,,,,,,,,,,,,,,,,,,,,,,,,,,,,,,,,,,,,,,,,,,,,,,,,,,,,,,,,,,,,,,,,,,,,,,,,,,,,,,,,,,,,,,,,,,,,,,,,,,,,,,,,,,,,,,,,,,,,,,,,,,,,,,,,,,,,,,,,,,,,,,
CGP,"I added this outcome at QEX, I missed it at OM",121328167,121328167_10,Balboni et al.,CFPR-TUP II,24,24,1,1,1,1,0,1,1,1,Expenditure,Consumption,Consumption refers to total annual household expenditure in 2007 BDT.,0,Year 4  above ^k,page: 52; table: 4; table label: TABLE IV Difference in Differences Estimates of Long-Run Dynamics; row label: Year 4 _ above kˆ; column label:  Cons,-946,1078,-0.88,,,,,,,,,15713,4,1,3928,6,-0.028002887,-0.028002887,-0.028001104,0.001018315,0.999808966,0.001018121,0.031908001,-0.090540785,0.034538577,0,no mention of the control receiving components from other programs,1,BRAC CFPR I and II target women as lead recipient,7,Bangladesh CFPR-TUP II,Bangladesh CFPR-TUP II (Challenging the Frontiers of Poverty Reduction - Targeting the Ultra Poor),0,"""We track 6000 poor households across 2007, 2009, 2011, 2014 and 2018, half of which are randomly selected to receive a large asset transfer in 2007"" p3",2022,Balboni et al. (2022) Bangladesh CFPR-TUP II,Bangladesh,,,,,,,,,Not food expenditure outcome,,,,,,,,,,,,,,,,,,,,,,,,,,,,,,,,,,,,,,,,,,,,,,,,,,,,,,,,,,,,,,,,,,,,,,,,,,,,,,,,,,,,,,,,,,,,,,,,,,,,,,,,,,,,,,,,,,,,,,,,,,,,,,,,,,,,,,,,,,,,,,,,,,,,,,,,,,,,,,,,,,,,,,
CGP,"I added this outcome at QEX, I missed it at OM",121328167,121328167_11,Balboni et al.,CFPR-TUP II,60,24,1,1,1,1,0,1,1,1,Expenditure,Consumption,Consumption refers to total annual household expenditure in 2007 BDT.,0,Year 7  above ^k,page: 52; table: 4; table label: TABLE IV Difference in Differences Estimates of Long-Run Dynamics; row label: Year 7 _ above kˆ; column label:  Cons,1526,1120,1.36,,,,,,,,,15713,4,1,3928,6,0.043477739,0.043477739,0.04347497,0.001018385,0.999808966,0.001018191,0.031909104,-0.019066873,0.106016813,0,no mention of the control receiving components from other programs,1,BRAC CFPR I and II target women as lead recipient,7,Bangladesh CFPR-TUP II,Bangladesh CFPR-TUP II (Challenging the Frontiers of Poverty Reduction - Targeting the Ultra Poor),0,"""We track 6000 poor households across 2007, 2009, 2011, 2014 and 2018, half of which are randomly selected to receive a large asset transfer in 2007"" p3",2022,Balboni et al. (2022) Bangladesh CFPR-TUP II,Bangladesh,,,,,,,,,Not food expenditure outcome,,,,,,,,,,,,,,,,,,,,,,,,,,,,,,,,,,,,,,,,,,,,,,,,,,,,,,,,,,,,,,,,,,,,,,,,,,,,,,,,,,,,,,,,,,,,,,,,,,,,,,,,,,,,,,,,,,,,,,,,,,,,,,,,,,,,,,,,,,,,,,,,,,,,,,,,,,,,,,,,,,,,,,
CGP,"I added this outcome at QEX, I missed it at OM",121328167,121328167_12,Balboni et al.,CFPR-TUP II,108,24,1,1,1,1,0,1,1,1,Expenditure,Consumption,Consumption refers to total annual household expenditure in 2007 BDT.,0,Year 11  above ^k,page: 52; table: 4; table label: TABLE IV Difference in Differences Estimates of Long-Run Dynamics; row label: Year 11 _ above kˆ; column label:  Cons,3464,1268,2.73,,,,,,,,,15713,4,1,3928,6,0.08717442,0.08717442,0.087168869,0.001018749,0.999808966,0.001018554,0.031914795,0.02461587,0.149721867,0,no mention of the control receiving components from other programs,1,BRAC CFPR I and II target women as lead recipient,7,Bangladesh CFPR-TUP II,Bangladesh CFPR-TUP II (Challenging the Frontiers of Poverty Reduction - Targeting the Ultra Poor),0,"""We track 6000 poor households across 2007, 2009, 2011, 2014 and 2018, half of which are randomly selected to receive a large asset transfer in 2007"" p3",2022,Balboni et al. (2022) Bangladesh CFPR-TUP II,Bangladesh,,,,,,,,,Not food expenditure outcome,,,,,,,,,,,,,,,,,,,,,,,,,,,,,,,,,,,,,,,,,,,,,,,,,,,,,,,,,,,,,,,,,,,,,,,,,,,,,,,,,,,,,,,,,,,,,,,,,,,,,,,,,,,,,,,,,,,,,,,,,,,,,,,,,,,,,,,,,,,,,,,,,,,,,,,,,,,,,,,,,,,,,,
CGP,,121328167,121328167_2,Balboni et al.,CFPR-TUP II,24,24,1,1,1,1,0,1,1,1,Income,Net Earnings,Net Earnings,0,Year 4  above ^k,page: 52; table: 4; table label: TABLE IV Difference in Differences Estimates of Long-Run Dynamics; row label: Year 4 _ above kˆ; column label:  Net Earnings,-481,346,-1.39,,,,,,,,,15713,4,1,3928,6,-0.044360805,-0.044360805,-0.04435798,0.00101839,0.999808966,0.001018196,0.031909181,-0.106899974,0.018184015,0,no mention of the control receiving components from other programs,1,BRAC CFPR I and II target women as lead recipient,7,Bangladesh CFPR-TUP II,Bangladesh CFPR-TUP II (Challenging the Frontiers of Poverty Reduction - Targeting the Ultra Poor),0,"""We track 6000 poor households across 2007, 2009, 2011, 2014 and 2018, half of which are randomly selected to receive a large asset transfer in 2007"" p3",2022,Balboni et al. (2022) Bangladesh CFPR-TUP II,Bangladesh,,,,,,,,,,,,,,,,,,,,,,,,,,,,,,,,,,,,,,,,,,,,,,,,,,,,,,,,,,,,,,,,,,,,,,,,,,,,,,,,,,,,,,,,,,,,,,,,,,,,,,,,,,,,,,,,,,,,,,,,,,,,,,,,,,,,,,,,,,,,,,,,,,,,,,,,,,,,,,,,,,,,,,,,,,,,,,,
CGP,,121328167,121328167_3,Balboni et al.,CFPR-TUP II,60,24,1,1,1,1,0,1,1,1,Income,Net Earnings,Net Earnings,0,Year 7  above ^k,page: 52; table: 4; table label: TABLE IV Difference in Differences Estimates of Long-Run Dynamics; row label: Year 7 _ above kˆ; column label:  Net Earnings,2162,426,5.08,,,,,,,,,15713,4,1,3928,6,0.16194835,0.16194835,0.161938037,0.001019934,0.999808966,0.001019739,0.031933359,0.099348653,0.224527421,0,no mention of the control receiving components from other programs,1,BRAC CFPR I and II target women as lead recipient,7,Bangladesh CFPR-TUP II,Bangladesh CFPR-TUP II (Challenging the Frontiers of Poverty Reduction - Targeting the Ultra Poor),0,"""We track 6000 poor households across 2007, 2009, 2011, 2014 and 2018, half of which are randomly selected to receive a large asset transfer in 2007"" p3",2022,Balboni et al. (2022) Bangladesh CFPR-TUP II,Bangladesh,,,,,,,,,,,,,,,,,,,,,,,,,,,,,,,,,,,,,,,,,,,,,,,,,,,,,,,,,,,,,,,,,,,,,,,,,,,,,,,,,,,,,,,,,,,,,,,,,,,,,,,,,,,,,,,,,,,,,,,,,,,,,,,,,,,,,,,,,,,,,,,,,,,,,,,,,,,,,,,,,,,,,,,,,,,,,,,
CGP,,121328167,121328167_4,Balboni et al.,CFPR-TUP II,108,24,1,1,1,1,0,1,1,1,Income,Net Earnings,Net Earnings,0,Year 11  above ^k,page: 52; table: 4; table label: TABLE IV Difference in Differences Estimates of Long-Run Dynamics; row label: Year 11 _ above kˆ; column label:  Net Earnings,1457,703,2.07,,,,,,,,,15713,4,1,3928,6,0.066135503,0.066135503,0.066131292,0.001018543,0.999808966,0.001018349,0.03191158,0.003584596,0.128677988,0,no mention of the control receiving components from other programs,1,BRAC CFPR I and II target women as lead recipient,7,Bangladesh CFPR-TUP II,Bangladesh CFPR-TUP II (Challenging the Frontiers of Poverty Reduction - Targeting the Ultra Poor),0,"""We track 6000 poor households across 2007, 2009, 2011, 2014 and 2018, half of which are randomly selected to receive a large asset transfer in 2007"" p3",2022,Balboni et al. (2022) Bangladesh CFPR-TUP II,Bangladesh,,,,,,,,,,,,,,,,,,,,,,,,,,,,,,,,,,,,,,,,,,,,,,,,,,,,,,,,,,,,,,,,,,,,,,,,,,,,,,,,,,,,,,,,,,,,,,,,,,,,,,,,,,,,,,,,,,,,,,,,,,,,,,,,,,,,,,,,,,,,,,,,,,,,,,,,,,,,,,,,,,,,,,,,,,,,,,,
CGP,,121328167,121328167_5,Balboni et al.,CFPR-TUP II,0,24,1,1,1,1,0,1,1,1,Assets,Productive assets,"Assets are measured in levels by their reported value and deflated to 2007 using the Bangladesh rural CPI. Other assets comprise of poultry, goats, machines, tools, and vehicles.",0,Year 2  above ^k,page: 52; table: 4; table label: TABLE IV Difference in Differences Estimates of Long-Run Dynamics; row label: Year 2 _ above kˆ; column label:  Productive assets,251,896,0.28,,,,,,,,,15713,4,1,3928,6,0.008939148,0.008939148,0.008938579,0.00101827,0.999808966,0.001018076,0.031907298,-0.053599726,0.071476884,0,no mention of the control receiving components from other programs,1,BRAC CFPR I and II target women as lead recipient,7,Bangladesh CFPR-TUP II,Bangladesh CFPR-TUP II (Challenging the Frontiers of Poverty Reduction - Targeting the Ultra Poor),0,"""We track 6000 poor households across 2007, 2009, 2011, 2014 and 2018, half of which are randomly selected to receive a large asset transfer in 2007"" p3",2022,Balboni et al. (2022) Bangladesh CFPR-TUP II,Bangladesh,,,,,,,,,,,,,,,,,,,,,,,,,,,,,,,,,,,,,,,,,,,,,,,,,,,,,,,,,,,,,,,,,,,,,,,,,,,,,,,,,,,,,,,,,,,,,,,,,,,,,,,,,,,,,,,,,,,,,,,,,,,,,,,,,,,,,,,,,,,,,,,,,,,,,,,,,,,,,,,,,,,,,,,,,,,,,,,
CGP,,121328167,121328167_6,Balboni et al.,CFPR-TUP II,24,24,1,1,1,1,0,1,1,1,Assets,Productive assets,"Assets are measured in levels by their reported value and deflated to 2007 using the Bangladesh rural CPI. Other assets comprise of poultry, goats, machines, tools, and vehicles.",0,Year 4  above ^k,page: 52; table: 4; table label: TABLE IV Difference in Differences Estimates of Long-Run Dynamics; row label: Year 4 _ above kˆ; column label:  Productive assets,"3,376",1657,2.04,,,,,,,,,15713,4,1,3928,6,0.065014521,0.065014521,0.065010381,0.001018534,0.999808966,0.00101834,0.031911433,0.002463972,0.12755679,0,no mention of the control receiving components from other programs,1,BRAC CFPR I and II target women as lead recipient,7,Bangladesh CFPR-TUP II,Bangladesh CFPR-TUP II (Challenging the Frontiers of Poverty Reduction - Targeting the Ultra Poor),0,"""We track 6000 poor households across 2007, 2009, 2011, 2014 and 2018, half of which are randomly selected to receive a large asset transfer in 2007"" p3",2022,Balboni et al. (2022) Bangladesh CFPR-TUP II,Bangladesh,,,,,,,,,,,,,,,,,,,,,,,,,,,,,,,,,,,,,,,,,,,,,,,,,,,,,,,,,,,,,,,,,,,,,,,,,,,,,,,,,,,,,,,,,,,,,,,,,,,,,,,,,,,,,,,,,,,,,,,,,,,,,,,,,,,,,,,,,,,,,,,,,,,,,,,,,,,,,,,,,,,,,,,,,,,,,,,
CGP,,121328167,121328167_7,Balboni et al.,CFPR-TUP II,60,24,1,1,1,1,0,1,1,1,Assets,Productive assets,"Assets are measured in levels by their reported value and deflated to 2007 using the Bangladesh rural CPI. Other assets comprise of poultry, goats, machines, tools, and vehicles.",0,Year 7  above ^k,page: 52; table: 4; table label: TABLE IV Difference in Differences Estimates of Long-Run Dynamics; row label: Year 7 _ above kˆ; column label:  Productive assets,2335,2568,0.91,,,,,,,,,15713,4,1,3928,6,0.029014982,0.029014982,0.029013134,0.001018319,0.999808966,0.001018124,0.031908058,-0.03352666,0.091552928,0,no mention of the control receiving components from other programs,1,BRAC CFPR I and II target women as lead recipient,7,Bangladesh CFPR-TUP II,Bangladesh CFPR-TUP II (Challenging the Frontiers of Poverty Reduction - Targeting the Ultra Poor),0,"""We track 6000 poor households across 2007, 2009, 2011, 2014 and 2018, half of which are randomly selected to receive a large asset transfer in 2007"" p3",2022,Balboni et al. (2022) Bangladesh CFPR-TUP II,Bangladesh,,,,,,,,,,,,,,,,,,,,,,,,,,,,,,,,,,,,,,,,,,,,,,,,,,,,,,,,,,,,,,,,,,,,,,,,,,,,,,,,,,,,,,,,,,,,,,,,,,,,,,,,,,,,,,,,,,,,,,,,,,,,,,,,,,,,,,,,,,,,,,,,,,,,,,,,,,,,,,,,,,,,,,,,,,,,,,,
CGP,,121328167,121328167_8,Balboni et al.,CFPR-TUP II,108,24,1,1,1,1,0,1,1,1,Assets,Productive assets,"Assets are measured in levels by their reported value and deflated to 2007 using the Bangladesh rural CPI. Other assets comprise of poultry, goats, machines, tools, and vehicles.",0,Year 11  above ^k,page: 52; table: 4; table label: TABLE IV Difference in Differences Estimates of Long-Run Dynamics; row label: Year 11 _ above kˆ; column label:  Productive assets,10708,5004,2.14,,,,,,,,,15713,4,1,3928,6,0.0682844,0.0682844,0.068280052,0.001018562,0.999808966,0.001018367,0.031911868,0.005732791,0.130827312,0,no mention of the control receiving components from other programs,1,BRAC CFPR I and II target women as lead recipient,7,Bangladesh CFPR-TUP II,Bangladesh CFPR-TUP II (Challenging the Frontiers of Poverty Reduction - Targeting the Ultra Poor),0,"""We track 6000 poor households across 2007, 2009, 2011, 2014 and 2018, half of which are randomly selected to receive a large asset transfer in 2007"" p3",2022,Balboni et al. (2022) Bangladesh CFPR-TUP II,Bangladesh,,,,,,,,,,,,,,,,,,,,,,,,,,,,,,,,,,,,,,,,,,,,,,,,,,,,,,,,,,,,,,,,,,,,,,,,,,,,,,,,,,,,,,,,,,,,,,,,,,,,,,,,,,,,,,,,,,,,,,,,,,,,,,,,,,,,,,,,,,,,,,,,,,,,,,,,,,,,,,,,,,,,,,,,,,,,,,,
CGP,"I added this outcome at QEX, I missed it at OM",121328167,121328167_9,Balboni et al.,CFPR-TUP II,0,24,1,1,1,1,0,1,1,1,Expenditure,Consumption,Consumption refers to total annual household expenditure in 2007 BDT.,0,Year 2  above ^k,page: 52; table: 4; table label: TABLE IV Difference in Differences Estimates of Long-Run Dynamics; row label: Year 2 _ above kˆ; column label:  Cons.,-2324,975,-2.38,,,,,,,,,15713,4,1,3928,6,-0.076060985,-0.076060985,-0.076056141,0.001018633,0.999808966,0.001018439,0.031912987,-0.138605595,-0.013506687,0,no mention of the control receiving components from other programs,1,BRAC CFPR I and II target women as lead recipient,7,Bangladesh CFPR-TUP II,Bangladesh CFPR-TUP II (Challenging the Frontiers of Poverty Reduction - Targeting the Ultra Poor),0,"""We track 6000 poor households across 2007, 2009, 2011, 2014 and 2018, half of which are randomly selected to receive a large asset transfer in 2007"" p3",2022,Balboni et al. (2022) Bangladesh CFPR-TUP II,Bangladesh,,,,,,,,,Not food expenditure outcome,,,,,,,,,,,,,,,,,,,,,,,,,,,,,,,,,,,,,,,,,,,,,,,,,,,,,,,,,,,,,,,,,,,,,,,,,,,,,,,,,,,,,,,,,,,,,,,,,,,,,,,,,,,,,,,,,,,,,,,,,,,,,,,,,,,,,,,,,,,,,,,,,,,,,,,,,,,,,,,,,,,,,,
CGP,,122182716,122182716_1,Das and Raza,CFPR-TUP II,0,24,1,1,1,1,0,1,1,1,Income,Per capita income (BDT constant price),Per capita income (BDT constant price),0,Per capita income (BDT constant price),page: 13; table: 3; table label: Table 3: Core Impact of CFPR; row label: Per capita income (BDT constant price) ; column label: Panel regression results (equation 1) Year8*Treatment (Average Treatment Effect),936,,1.67,,,p < 0.10,,,,385,305,690,1,0,690,5,0.128014962,0.128014962,0.127968428,0.005803039,0.998909487,0.005796711,0.076136133,-0.021258393,0.277195249,0,no mention of the control receiving components from other programs,1,BRAC CFPR I and II target women as lead recipient,7,Bangladesh CFPR-TUP II,Bangladesh CFPR-TUP II (Challenging the Frontiers of Poverty Reduction - Targeting the Ultra Poor),0,"""Considering that a clustered randomization was followed, we estimated the standard errors allowing for correlation within the clusters (for equations 1, 2 and 3). "" p9",2010,Das and Raza (2010) Bangladesh CFPR-TUP II,Bangladesh,,,,,,,,,,,,,,,,,,,,,,,,,,,,,,,,,,,,,,,,,,,,,,,,,,,,,,,,,,,,,,,,,,,,,,,,,,,,,,,,,,,,,,,,,,,,,,,,,,,,,,,,,,,,,,,,,,,,,,,,,,,,,,,,,,,,,,,,,,,,,,,,,,,,,,,,,,,,,,,,,,,,,,,,,,,,,,,
CGP,,122182716,122182716_2,Das and Raza,CFPR-TUP II,0,24,1,1,1,1,0,1,1,1,Savings,Cash savings (BDT),Cash savings (BDT),0,Cash savings (BDT),page: 13; table: 3; table label: Table 3: Core Impact of CFPR; row label: Cash savings (BDT) ; column label: Panel regression results (equation 1) Year8*Treatment (Average Treatment Effect),1664,,10.57,,,p < 0.01,,,,385,305,690,1,0,690,5,0.810250389,0.810250389,0.80995586,0.006034966,0.998909487,0.006028385,0.077642673,0.657776221,0.962135498,0,no mention of the control receiving components from other programs,1,BRAC CFPR I and II target women as lead recipient,7,Bangladesh CFPR-TUP II,Bangladesh CFPR-TUP II (Challenging the Frontiers of Poverty Reduction - Targeting the Ultra Poor),0,"""Considering that a clustered randomization was followed, we estimated the standard errors allowing for correlation within the clusters (for equations 1, 2 and 3). "" p9",2010,Das and Raza (2010) Bangladesh CFPR-TUP II,Bangladesh,,,,,,,,,,,,,1,1,,,,,,,,,,,,,,,,,,,,,,,,,,,,,,,,,,,,,,,,,,,,,,,,,,,,,,,,,,,,,,,,,,,,,,,,,,,,,,,,,,,,,,,,,,,,,,,,,,,,,,,,,,,,,,,,,,,,,,,,,,,,,,,,,,,,,,,,,,,,,,,,,,,,,,,,,,,,,,,,,
Pierre,,121058373,121058373_1,Banerjee et al.,unnamed program implemented by Tigrigna NGO Relief Society of Tigray (REST),1,24,1,1,1,1,0,1,0,1,Expenditure,"Total per capita consumption, standardized","Total of all food consumption (detailed below), intoxicants and fuel * median purchase prices, annual and monthly expenditures, festival spending, durable good purchases, household repairs, total medical expenses, total expenses in response to a shock, all scaled down to monthly values",0,Full intervention,"page: 38; table: S4a; table label: Table S4a: Indexed Family Outcome Variables and Aggregates, Ethiopia; row label: Total per capita consumption, standardized; column label: Endline 1 (1) Standardized Mean Treatment Effect",0.239,0.068,3.514705882,,,p < 0.01,,,Standard errors are clustered at the level at which randomization took place.,458,467,925,2,0,925,5,0.231136576,0.231136576,0.231073954,0.004338763,0.999187212,0.004335237,0.065842515,0.102022625,0.360125284,1,"""Consumption support was provided everywhere, but in two sites (Ethiopia and Peru), a form of consumption support already existed before the program started, so it was available for all (Ethiopia) or part (Peru) of the control group, as well. In Ethiopia, both treatment and control households received benefits from the Productive Safety Net Programme (PSNP), a food-forwork program for food-insecure households. For this reason, the program did not offer any additional consumption support to treatment households. In Peru, a conditional cash transfer program, Juntos, was active in 51 of the 86 project villages. Juntos provides PEN 200 (PPP US$143.33) every 2 months"" p774
The Ethiopian project is not SPIR I or II but is the programme evaluated in 121327221 Barker. THere may be an overlap in some estimates but Barker includes long-term effects. ",0,"No ""The program targets the poorest members in a village"" p772",8,Ethiopia TGP,Ethiopia TGP (program in Tigray implemented by Tigrigna NGO Relief Society of Tigray); Ghana GUP (Graduation from Ultra Poverty); India TUP (Targeting the Ultra Poor); Pakistan Not NAME (Project within Sindh Region); Peru HW (Haku Wiñay); ,0,Standard errors are clustered at the level at which randomization took place.,2015,Banerjee et al. (2015) Ethiopia TGP,Ethiopia,,,,,,,,1,Not selected for RE but selected for RVE as not longest follow up,,,,,,,,,,,,,,,,,,,,,,,,,,,,,,,,,,,,,,,,,,,,,,,,,,,,,,,,,,,,,,,,,,,,,,,,,,,,,,,,,,,,,,,,,,,,,,,,,,,,,,,,,,,,,,,,,,,,,,,,,,,,,,,,,,,,,,,,,,,,,,,,,,,,,,,,,,,,,,,,,,,,,,
Pierre,,121058373,121058373_2,Banerjee et al.,unnamed program implemented by Tigrigna NGO Relief Society of Tigray (REST),13,36,1,1,1,1,0,1,0,1,Expenditure,"Total per capita consumption, standardized","Total of all food consumption (detailed below), intoxicants and fuel * median purchase prices, annual and monthly expenditures, festival spending, durable good purchases, household repairs, total medical expenses, total expenses in response to a shock, all scaled down to monthly values",0,Full intervention,"page: 38; table: S4a; table label: Table S4a: Indexed Family Outcome Variables and Aggregates, Ethiopia; row label: Total per capita consumption, standardized; column label: Endline 2 (3) Standardized Mean Treatment Effect",0.347,0.074,4.689189189,,,p < 0.01,,,Standard errors are clustered at the level at which randomization took place.,458,467,925,2,0,925,5,0.308373778,0.308373778,0.308290231,0.004350026,0.999187212,0.00434649,0.065927914,0.179071519,0.437508943,1,"""Consumption support was provided everywhere, but in two sites (Ethiopia and Peru), a form of consumption support already existed before the program started, so it was available for all (Ethiopia) or part (Peru) of the control group, as well. In Ethiopia, both treatment and control households received benefits from the Productive Safety Net Programme (PSNP), a food-forwork program for food-insecure households. For this reason, the program did not offer any additional consumption support to treatment households. In Peru, a conditional cash transfer program, Juntos, was active in 51 of the 86 project villages. Juntos provides PEN 200 (PPP US$143.33) every 2 months"" p774
The Ethiopian project is not SPIR I or II but is the programme evaluated in 121327221 Barker. THere may be an overlap in some estimates but Barker includes long-term effects. ",0,"No ""The program targets the poorest members in a village"" p772",8,Ethiopia TGP,Ethiopia TGP (program in Tigray implemented by Tigrigna NGO Relief Society of Tigray); Ghana GUP (Graduation from Ultra Poverty); India TUP (Targeting the Ultra Poor); Pakistan Not NAME (Project within Sindh Region); Peru HW (Haku Wiñay); ,0,Standard errors are clustered at the level at which randomization took place.,2015,Banerjee et al. (2015) Ethiopia TGP,Ethiopia,,,,,,,1,1,Selected as longest follow up period,,,,,,,,,,,,,,,,,,,,,,,,,,,,,,,,,,,,,,,,,,,,,,,,,,,,,,,,,,,,,,,,,,,,,,,,,,,,,,,,,,,,,,,,,,,,,,,,,,,,,,,,,,,,,,,,,,,,,,,,,,,,,,,,,,,,,,,,,,,,,,,,,,,,,,,,,,,,,,,,,,,,,,
Pierre,,121058373,121058373_3,Banerjee et al.,unnamed program implemented by Tigrigna NGO Relief Society of Tigray (REST),1,24,1,1,1,1,0,1,0,1,Assets,Asset index,"Weighted asset index: In each of the six countries, households are asked about whether or not they own each of several types of durable goods and livestock, and how many of each type they own. In each of the six sites, there is also either information on the current value of those livestock, or on the median value of purchased livestock.
The asset index was constructed using the value of goats as the numeraire. Goats were chosen because they are an asset held in common across all six sites. The process for creating the index was as follows: 1. The median unit value for each asset (durable goods and livestock) was calculated in each country (for durable goods, only in Pakistan, Honduras, Peru and Ethiopia; for livestock, in all six countries). In Ethiopia, the median value is found from all households who own the good and offered a valuation of it. In Pakistan, Peru and Honduras the median is calculated from households that purchased the good in the past 12 months. 2. In each site, the value of each asset in terms of goats (the numeraire) was calculated by dividing the unit value of each asset by the median unit value of goats. For example, a bicycle in Ethiopia is expressed as 1.34 goats. 3. For every durable good and type of livestock, the medians from each of the countries where price information about the good is available are combined to construct a single, cross-site median value of each good in terms of goats. 4. Total asset value, productive asset value, and household asset value in terms of goats is calculated for all six sites by multiplying the cross-site unit value of each asset (expressed in terms of goats) by the number of each asset owned. 5. These values are then standardized to the control group within each country and survey round and reported as weighted indices.",0,Full intervention,"page: 38; table: S4a; table label: Table S4a: Indexed Family Outcome Variables and Aggregates, Ethiopia; row label: Asset index; column label: Endline 1 (1) Standardized Mean Treatment Effect",0.499,0.059,8.457627119,,,p < 0.01,,,Standard errors are clustered at the level at which randomization took place.,458,467,925,2,0,925,5,0.556196461,0.556196461,0.556045771,0.004407934,0.999187212,0.004404351,0.066365284,0.425969814,0.686121728,1,"""Consumption support was provided everywhere, but in two sites (Ethiopia and Peru), a form of consumption support already existed before the program started, so it was available for all (Ethiopia) or part (Peru) of the control group, as well. In Ethiopia, both treatment and control households received benefits from the Productive Safety Net Programme (PSNP), a food-forwork program for food-insecure households. For this reason, the program did not offer any additional consumption support to treatment households. In Peru, a conditional cash transfer program, Juntos, was active in 51 of the 86 project villages. Juntos provides PEN 200 (PPP US$143.33) every 2 months"" p774
The Ethiopian project is not SPIR I or II but is the programme evaluated in 121327221 Barker. THere may be an overlap in some estimates but Barker includes long-term effects. ",0,"No ""The program targets the poorest members in a village"" p772",8,Ethiopia TGP,Ethiopia TGP (program in Tigray implemented by Tigrigna NGO Relief Society of Tigray); Ghana GUP (Graduation from Ultra Poverty); India TUP (Targeting the Ultra Poor); Pakistan Not NAME (Project within Sindh Region); Peru HW (Haku Wiñay); ,0,Standard errors are clustered at the level at which randomization took place.,2015,Banerjee et al. (2015) Ethiopia TGP,Ethiopia,,,,,,,,,,,,,,,,,,,,,,,,,,,,,,,,,,,,,,,,,,,,,,,,,,,,,,,,,,,,,,,,,,,,,,,,,,,,,,,,,,,,,,,,,,,,,,,,,,,,,,,,,,,,,,,,,,,,,,,,,,,,,,,,,,,,,,,,,,,,,,,,,,,,,,,,,,,,,,,,,,,,,,,,,,,,,,,
Pierre,,121058373,121058373_4,Banerjee et al.,unnamed program implemented by Tigrigna NGO Relief Society of Tigray (REST),13,36,1,1,1,1,0,1,0,1,Assets,Asset index,"Weighted asset index: In each of the six countries, households are asked about whether or not they own each of several types of durable goods and livestock, and how many of each type they own. In each of the six sites, there is also either information on the current value of those livestock, or on the median value of purchased livestock.
The asset index was constructed using the value of goats as the numeraire. Goats were chosen because they are an asset held in common across all six sites. The process for creating the index was as follows: 1. The median unit value for each asset (durable goods and livestock) was calculated in each country (for durable goods, only in Pakistan, Honduras, Peru and Ethiopia; for livestock, in all six countries). In Ethiopia, the median value is found from all households who own the good and offered a valuation of it. In Pakistan, Peru and Honduras the median is calculated from households that purchased the good in the past 12 months. 2. In each site, the value of each asset in terms of goats (the numeraire) was calculated by dividing the unit value of each asset by the median unit value of goats. For example, a bicycle in Ethiopia is expressed as 1.34 goats. 3. For every durable good and type of livestock, the medians from each of the countries where price information about the good is available are combined to construct a single, cross-site median value of each good in terms of goats. 4. Total asset value, productive asset value, and household asset value in terms of goats is calculated for all six sites by multiplying the cross-site unit value of each asset (expressed in terms of goats) by the number of each asset owned. 5. These values are then standardized to the control group within each country and survey round and reported as weighted indices.",0,Full intervention,"page: 38; table: S4a; table label: Table S4a: Indexed Family Outcome Variables and Aggregates, Ethiopia; row label: Asset index; column label: Endline 2 (3) Standardized Mean Treatment Effect",0.604,0.064,9.4375,,,p < 0.01,,,Standard errors are clustered at the level at which randomization took place.,458,467,925,2,0,925,5,0.620635555,0.620635555,0.620467406,0.004428429,0.999187212,0.00442483,0.066519395,0.490089392,0.750845421,1,"""Consumption support was provided everywhere, but in two sites (Ethiopia and Peru), a form of consumption support already existed before the program started, so it was available for all (Ethiopia) or part (Peru) of the control group, as well. In Ethiopia, both treatment and control households received benefits from the Productive Safety Net Programme (PSNP), a food-forwork program for food-insecure households. For this reason, the program did not offer any additional consumption support to treatment households. In Peru, a conditional cash transfer program, Juntos, was active in 51 of the 86 project villages. Juntos provides PEN 200 (PPP US$143.33) every 2 months"" p774
The Ethiopian project is not SPIR I or II but is the programme evaluated in 121327221 Barker. THere may be an overlap in some estimates but Barker includes long-term effects. ",0,"No ""The program targets the poorest members in a village"" p772",8,Ethiopia TGP,Ethiopia TGP (program in Tigray implemented by Tigrigna NGO Relief Society of Tigray); Ghana GUP (Graduation from Ultra Poverty); India TUP (Targeting the Ultra Poor); Pakistan Not NAME (Project within Sindh Region); Peru HW (Haku Wiñay); ,0,Standard errors are clustered at the level at which randomization took place.,2015,Banerjee et al. (2015) Ethiopia TGP,Ethiopia,,,,,,,,,,,,,,,,,,,,,,,,,,,,,,,,,,,,,,,,,,,,,,,,,,,,,,,,,,,,,,,,,,,,,,,,,,,,,,,,,,,,,,,,,,,,,,,,,,,,,,,,,,,,,,,,,,,,,,,,,,,,,,,,,,,,,,,,,,,,,,,,,,,,,,,,,,,,,,,,,,,,,,,,,,,,,,,
Pierre,,121058373,121058373_5,Banerjee et al.,unnamed program implemented by Tigrigna NGO Relief Society of Tigray (REST),1,24,1,1,1,1,0,1,0,1,Income,Incomes and revenues index (five components),"Agricultural income (revenues minus expenses: Crop production, land rents and expenses) + Livestock revenue (Revenues from sales, slaughters, output production) + Non-farm micro-enterprise: equal to total sales minus total expenses.",0,Full intervention,"page: 38; table: S4a; table label: Table S4a: Indexed Family Outcome Variables and Aggregates, Ethiopia; row label: Incomes and revenues index (five components); column label: Endline 1 (1) Standardized Mean Treatment Effect",1.438,0.191,7.528795812,,,p < 0.01,,,Standard errors are clustered at the level at which randomization took place.,458,467,925,2,0,925,5,0.495113999,0.495113999,0.494979858,0.004390578,0.999187212,0.004387009,0.066234502,0.365160235,0.624799481,1,"""Consumption support was provided everywhere, but in two sites (Ethiopia and Peru), a form of consumption support already existed before the program started, so it was available for all (Ethiopia) or part (Peru) of the control group, as well. In Ethiopia, both treatment and control households received benefits from the Productive Safety Net Programme (PSNP), a food-forwork program for food-insecure households. For this reason, the program did not offer any additional consumption support to treatment households. In Peru, a conditional cash transfer program, Juntos, was active in 51 of the 86 project villages. Juntos provides PEN 200 (PPP US$143.33) every 2 months"" p774
The Ethiopian project is not SPIR I or II but is the programme evaluated in 121327221 Barker. THere may be an overlap in some estimates but Barker includes long-term effects. ",0,"No ""The program targets the poorest members in a village"" p772",8,Ethiopia TGP,Ethiopia TGP (program in Tigray implemented by Tigrigna NGO Relief Society of Tigray); Ghana GUP (Graduation from Ultra Poverty); India TUP (Targeting the Ultra Poor); Pakistan Not NAME (Project within Sindh Region); Peru HW (Haku Wiñay); ,0,Standard errors are clustered at the level at which randomization took place.,2015,Banerjee et al. (2015) Ethiopia TGP,Ethiopia,,,,,,,,,,,,,,,,,,,,,,,,,,,,,,,,,,,,,,,,,,,,,,,,,,,,,,,,,,,,,,,,,,,,,,,,,,,,,,,,,,,,,,,,,,,,,,,,,,,,,,,,,,,,,,,,,,,,,,,,,,,,,,,,,,,,,,,,,,,,,,,,,,,,,,,,,,,,,,,,,,,,,,,,,,,,,,,
Pierre,,121058373,121058373_6,Banerjee et al.,unnamed program implemented by Tigrigna NGO Relief Society of Tigray (REST),13,36,1,1,1,1,0,1,0,1,Income,Incomes and revenues index (five components),"Agricultural income (revenues minus expenses: Crop production, land rents and expenses) + Livestock revenue (Revenues from sales, slaughters, output production) + Non-farm micro-enterprise: equal to total sales minus total expenses.",0,Full intervention,"page: 38; table: S4a; table label: Table S4a: Indexed Family Outcome Variables and Aggregates, Ethiopia; row label: Incomes and revenues index (five components); column label: Endline 2 (3) Standardized Mean Treatment Effect",0.293,0.074,3.959459459,,,p < 0.01,,,Standard errors are clustered at the level at which randomization took place.,458,467,925,2,0,925,5,0.260384775,0.260384775,0.26031423,0.004342649,0.999187212,0.004339119,0.06587199,0.131205129,0.38942333,1,"""Consumption support was provided everywhere, but in two sites (Ethiopia and Peru), a form of consumption support already existed before the program started, so it was available for all (Ethiopia) or part (Peru) of the control group, as well. In Ethiopia, both treatment and control households received benefits from the Productive Safety Net Programme (PSNP), a food-forwork program for food-insecure households. For this reason, the program did not offer any additional consumption support to treatment households. In Peru, a conditional cash transfer program, Juntos, was active in 51 of the 86 project villages. Juntos provides PEN 200 (PPP US$143.33) every 2 months"" p774
The Ethiopian project is not SPIR I or II but is the programme evaluated in 121327221 Barker. THere may be an overlap in some estimates but Barker includes long-term effects. ",0,"No ""The program targets the poorest members in a village"" p772",8,Ethiopia TGP,Ethiopia TGP (program in Tigray implemented by Tigrigna NGO Relief Society of Tigray); Ghana GUP (Graduation from Ultra Poverty); India TUP (Targeting the Ultra Poor); Pakistan Not NAME (Project within Sindh Region); Peru HW (Haku Wiñay); ,0,Standard errors are clustered at the level at which randomization took place.,2015,Banerjee et al. (2015) Ethiopia TGP,Ethiopia,,,,,,,,,,,,,,,,,,,,,,,,,,,,,,,,,,,,,,,,,,,,,,,,,,,,,,,,,,,,,,,,,,,,,,,,,,,,,,,,,,,,,,,,,,,,,,,,,,,,,,,,,,,,,,,,,,,,,,,,,,,,,,,,,,,,,,,,,,,,,,,,,,,,,,,,,,,,,,,,,,,,,,,,,,,,,,,
Andrea,,121327221,121327221_1,Barker et al.,REST Tigray,2,24,1,1,1,1,1,1,0,1,Assets,Asset ownership,Asset ownership index (aggregate value of all assets owned by the household),0,,page: 16; table: 1; table label: Table 1: Indexed Family Outcomes; row label: Asset Ownership; column label: Ethiopia (1) 2 years,0.95,0.09,10.55555556,,,0.001,,,,,,889,4,0,889,6,0.708043942,0.708043942,0.707844324,0.004640418,0.999154215,0.004636493,0.068091799,0.574384397,0.841304251,1,"This is not a SPIR study. Intervention: ""The graduation program was implemented by Tigrigna NGO Relief Society of Tigray (REST)"" p5. However, all observations including the control group observations received PSNP. ""Subjects were recruited from the government’s food-for-work program, the Productive Safety Net Programme (PSNP)."" p4
all page 5:
""Treatment households were offered one of four productive asset options""
 ""Each of the asset choices was accompanied by a specific technical training specific to their asset. Households additionally received a bank account at the Dedebit Credit and Savings Institution (a
microfinance institution) in the nearest market center. ""
""Unlike in some program contexts, treated households did not receive additional short-term cash or food transfers beyond what was already available to them (and to control households) via the PSNP program. Program activities ran from May 2010 to May 2012."" p5",0,"No, not specifically targeting women",8,Ethiopia TGP,Ethiopia TGP (program in Tigray implemented by Tigrigna NGO Relief Society of Tigray),0,"SE clustered at the HH level p 6
UoA at household level p6",2024,Barker et al. (2024) Ethiopia TGP,Ethiopia,,,,,,,,,,,,,,,,,,,,,,,,,,,,,,,,,,,,,,,,,,,,,,,,,,,,,,,,,,,,,,,,,,,,,,,,,,,,,,,,,,,,,,,,,,,,,,,,,,,,,,,,,,,,,,,,,,,,,,,,,,,,,,,,,,,,,,,,,,,,,,,,,,,,,,,,,,,,,,,,,,,,,,,,,,,,,,,
Andrea,,121327221,121327221_2,Barker et al.,REST Tigray,12,24,1,1,1,1,1,1,0,1,Assets,Asset ownership,Asset ownership index (aggregate value of all assets owned by the household),0,,page: 16; table: 1; table label: Table 1: Indexed Family Outcomes; row label: Asset Ownership; column label: Ethiopia (2) 3 years,0.947,0.09,10.52222222,,,0.001,,,,,,889,4,0,889,6,0.705808013,0.705808013,0.705609026,0.004639529,0.999154215,0.004635605,0.068085277,0.572161884,0.839056168,1,"This is not a SPIR study. Intervention: ""The graduation program was implemented by Tigrigna NGO Relief Society of Tigray (REST)"" p5. However, all observations including the control group observations received PSNP. ""Subjects were recruited from the government’s food-for-work program, the Productive Safety Net Programme (PSNP)."" p4
all page 5:
""Treatment households were offered one of four productive asset options""
 ""Each of the asset choices was accompanied by a specific technical training specific to their asset. Households additionally received a bank account at the Dedebit Credit and Savings Institution (a
microfinance institution) in the nearest market center. ""
""Unlike in some program contexts, treated households did not receive additional short-term cash or food transfers beyond what was already available to them (and to control households) via the PSNP program. Program activities ran from May 2010 to May 2012."" p5",0,"No, not specifically targeting women",8,Ethiopia TGP,Ethiopia TGP (program in Tigray implemented by Tigrigna NGO Relief Society of Tigray),0,"SE clustered at the HH level p 6
UoA at household level p7",2024,Barker et al. (2024) Ethiopia TGP,Ethiopia,,,,,,,,,,,,,,,,,,,,,,,,,,,,,,,,,,,,,,,,,,,,,,,,,,,,,,,,,,,,,,,,,,,,,,,,,,,,,,,,,,,,,,,,,,,,,,,,,,,,,,,,,,,,,,,,,,,,,,,,,,,,,,,,,,,,,,,,,,,,,,,,,,,,,,,,,,,,,,,,,,,,,,,,,,,,,,,
Andrea,,121327221,121327221_3,Barker et al.,REST Tigray,60,24,1,1,1,1,1,1,0,1,Assets,Asset ownership,Asset ownership index (aggregate value of all assets owned by the household),0,,page: 16; table: 1; table label: Table 1: Indexed Family Outcomes; row label: Asset Ownership; column label: Ethiopia (3) 7 years,0.43,0.11,3.909090909,,,0.001,,,,,,889,4,0,889,6,0.262213402,0.262213402,0.262139477,0.004518773,0.999154215,0.004514951,0.067193384,0.130440445,0.393838509,1,"This is not a SPIR study. Intervention: ""The graduation program was implemented by Tigrigna NGO Relief Society of Tigray (REST)"" p5. However, all observations including the control group observations received PSNP. ""Subjects were recruited from the government’s food-for-work program, the Productive Safety Net Programme (PSNP)."" p4
all page 5:
""Treatment households were offered one of four productive asset options""
 ""Each of the asset choices was accompanied by a specific technical training specific to their asset. Households additionally received a bank account at the Dedebit Credit and Savings Institution (a
microfinance institution) in the nearest market center. ""
""Unlike in some program contexts, treated households did not receive additional short-term cash or food transfers beyond what was already available to them (and to control households) via the PSNP program. Program activities ran from May 2010 to May 2012."" p5",0,"No, not specifically targeting women",8,Ethiopia TGP,Ethiopia TGP (program in Tigray implemented by Tigrigna NGO Relief Society of Tigray),0,"SE clustered at the HH level p 6
UoA at household level p8",2024,Barker et al. (2024) Ethiopia TGP,Ethiopia,,,,,,,,,,,,,,,,,,,,,,,,,,,,,,,,,,,,,,,,,,,,,,,,,,,,,,,,,,,,,,,,,,,,,,,,,,,,,,,,,,,,,,,,,,,,,,,,,,,,,,,,,,,,,,,,,,,,,,,,,,,,,,,,,,,,,,,,,,,,,,,,,,,,,,,,,,,,,,,,,,,,,,,,,,,,,,,
Andrea,,121327221,121327221_4,Barker et al.,REST Tigray,2,24,1,1,1,1,1,1,0,1,Expenditure,Per capita consumption,"Per capita consumption (aggregate measure of: (1) the value of all food consumed, (2) other expenditures incurred, and (3) the total purchase value of durable goods)",0,,page: 16; table: 1; table label: Table 1: Indexed Family Outcomes; row label: Per Capita Consumption; column label: Ethiopia (1) 2 years,0.239,0.07,3.414285714,,,0.001,,,,,,889,4,0,889,6,0.229022935,0.229022935,0.228958367,0.004514188,0.999154215,0.00451037,0.067159286,0.097326167,0.360590567,1,"This is not a SPIR study. Intervention: ""The graduation program was implemented by Tigrigna NGO Relief Society of Tigray (REST)"" p5. However, all observations including the control group observations received PSNP. ""Subjects were recruited from the government’s food-for-work program, the Productive Safety Net Programme (PSNP)."" p4
all page 5:
""Treatment households were offered one of four productive asset options""
 ""Each of the asset choices was accompanied by a specific technical training specific to their asset. Households additionally received a bank account at the Dedebit Credit and Savings Institution (a
microfinance institution) in the nearest market center. ""
""Unlike in some program contexts, treated households did not receive additional short-term cash or food transfers beyond what was already available to them (and to control households) via the PSNP program. Program activities ran from May 2010 to May 2012."" p5",0,"No, not specifically targeting women",8,Ethiopia TGP,Ethiopia TGP (program in Tigray implemented by Tigrigna NGO Relief Society of Tigray),0,"SE clustered at the HH level p 6
UoA at household level p9",2024,Barker et al. (2024) Ethiopia TGP,Ethiopia,,,,,,,,,Not food expenditure outcome,,,,,,,,,,,,,,,,,,,,,,,,,,,,,,,,,,,,,,,,,,,,,,,,,,,,,,,,,,,,,,,,,,,,,,,,,,,,,,,,,,,,,,,,,,,,,,,,,,,,,,,,,,,,,,,,,,,,,,,,,,,,,,,,,,,,,,,,,,,,,,,,,,,,,,,,,,,,,,,,,,,,,,
Andrea,,121327221,121327221_5,Barker et al.,REST Tigray,12,24,1,1,1,1,1,1,0,1,Expenditure,Per capita consumption,"Per capita consumption (aggregate measure of: (1) the value of all food consumed, (2) other expenditures incurred, and (3) the total purchase value of durable goods)",0,,page: 16; table: 1; table label: Table 1: Indexed Family Outcomes; row label: Per Capita Consumption; column label: Ethiopia (2) 3 years,0.25,0.05,5,,,0.001,,,,,,889,4,0,889,6,0.335389235,0.335389235,0.33529468,0.00453107,0.999154215,0.004527238,0.067284753,0.203416564,0.467172795,1,"This is not a SPIR study. Intervention: ""The graduation program was implemented by Tigrigna NGO Relief Society of Tigray (REST)"" p5. However, all observations including the control group observations received PSNP. ""Subjects were recruited from the government’s food-for-work program, the Productive Safety Net Programme (PSNP)."" p4
all page 5:
""Treatment households were offered one of four productive asset options""
 ""Each of the asset choices was accompanied by a specific technical training specific to their asset. Households additionally received a bank account at the Dedebit Credit and Savings Institution (a
microfinance institution) in the nearest market center. ""
""Unlike in some program contexts, treated households did not receive additional short-term cash or food transfers beyond what was already available to them (and to control households) via the PSNP program. Program activities ran from May 2010 to May 2012."" p5",0,"No, not specifically targeting women",8,Ethiopia TGP,Ethiopia TGP (program in Tigray implemented by Tigrigna NGO Relief Society of Tigray),0,"SE clustered at the HH level p 6
UoA at household level p10",2024,Barker et al. (2024) Ethiopia TGP,Ethiopia,,,,,,,,,Not food expenditure outcome,,,,,,,,,,,,,,,,,,,,,,,,,,,,,,,,,,,,,,,,,,,,,,,,,,,,,,,,,,,,,,,,,,,,,,,,,,,,,,,,,,,,,,,,,,,,,,,,,,,,,,,,,,,,,,,,,,,,,,,,,,,,,,,,,,,,,,,,,,,,,,,,,,,,,,,,,,,,,,,,,,,,,,
Andrea,,121327221,121327221_6,Barker et al.,REST Tigray,60,24,1,1,1,1,1,1,0,1,Expenditure,Per capita consumption,"Per capita consumption (aggregate measure of: (1) the value of all food consumed, (2) other expenditures incurred, and (3) the total purchase value of durable goods)",0,,page: 16; table: 1; table label: Table 1: Indexed Family Outcomes; row label: Per Capita Consumption; column label: Ethiopia (3) 7 years,0.172,0.08,2.15,,,0.001,,,,,,889,4,0,889,6,0.144217371,0.144217371,0.144176712,0.004505286,0.999154215,0.004501476,0.06709304,0.012674355,0.27567907,1,"This is not a SPIR study. Intervention: ""The graduation program was implemented by Tigrigna NGO Relief Society of Tigray (REST)"" p5. However, all observations including the control group observations received PSNP. ""Subjects were recruited from the government’s food-for-work program, the Productive Safety Net Programme (PSNP)."" p4
all page 5:
""Treatment households were offered one of four productive asset options""
 ""Each of the asset choices was accompanied by a specific technical training specific to their asset. Households additionally received a bank account at the Dedebit Credit and Savings Institution (a
microfinance institution) in the nearest market center. ""
""Unlike in some program contexts, treated households did not receive additional short-term cash or food transfers beyond what was already available to them (and to control households) via the PSNP program. Program activities ran from May 2010 to May 2012."" p5",0,"No, not specifically targeting women",8,Ethiopia TGP,Ethiopia TGP (program in Tigray implemented by Tigrigna NGO Relief Society of Tigray),0,"SE clustered at the HH level p 6
UoA at household level p11",2024,Barker et al. (2024) Ethiopia TGP,Ethiopia,,,,,,,,,Not food expenditure outcome,,,,,,,,,,,,,,,,,,,,,,,,,,,,,,,,,,,,,,,,,,,,,,,,,,,,,,,,,,,,,,,,,,,,,,,,,,,,,,,,,,,,,,,,,,,,,,,,,,,,,,,,,,,,,,,,,,,,,,,,,,,,,,,,,,,,,,,,,,,,,,,,,,,,,,,,,,,,,,,,,,,,,,
Andrea,,121327221,121327221_7,Barker et al.,REST Tigray,2,24,1,1,1,1,1,1,0,1,Income,Income and Revenues Index,"Income and revenues index (z-score index with the following measures: livestock revenues, agricultural profits, microenterprise profits, wage earnings, and economic self-rating)",0,,page: 16; table: 1; table label: Table 1: Indexed Family Outcomes; row label: Income and Revenues Index; column label: Ethiopia (1) 2 years,1.411,0.16,8.81875,,,0.001,,,,,,889,4,0,889,6,0.591542764,0.591542764,0.591375991,0.004597841,0.999154215,0.004593952,0.067778701,0.458529738,0.724222245,1,"This is not a SPIR study. Intervention: ""The graduation program was implemented by Tigrigna NGO Relief Society of Tigray (REST)"" p5. However, all observations including the control group observations received PSNP. ""Subjects were recruited from the government’s food-for-work program, the Productive Safety Net Programme (PSNP)."" p4
all page 5:
""Treatment households were offered one of four productive asset options""
 ""Each of the asset choices was accompanied by a specific technical training specific to their asset. Households additionally received a bank account at the Dedebit Credit and Savings Institution (a
microfinance institution) in the nearest market center. ""
""Unlike in some program contexts, treated households did not receive additional short-term cash or food transfers beyond what was already available to them (and to control households) via the PSNP program. Program activities ran from May 2010 to May 2012."" p5",0,"No, not specifically targeting women",8,Ethiopia TGP,Ethiopia TGP (program in Tigray implemented by Tigrigna NGO Relief Society of Tigray),0,"SE clustered at the HH level p 6
UoA at household level p12",2024,Barker et al. (2024) Ethiopia TGP,Ethiopia,,,,,,,,,,,,,,,,,,,,,,,,,,,,,,,,,,,,,,,,,,,,,,,,,,,,,,,,,,,,,,,,,,,,,,,,,,,,,,,,,,,,,,,,,,,,,,,,,,,,,,,,,,,,,,,,,,,,,,,,,,,,,,,,,,,,,,,,,,,,,,,,,,,,,,,,,,,,,,,,,,,,,,,,,,,,,,,
Andrea,,121327221,121327221_8,Barker et al.,REST Tigray,12,24,1,1,1,1,1,1,0,1,Income,Income and Revenues Index,"Income and revenues index (z-score index with the following measures: livestock revenues, agricultural profits, microenterprise profits, wage earnings, and economic self-rating)",0,,page: 16; table: 1; table label: Table 1: Indexed Family Outcomes; row label: Income and Revenues Index; column label: Ethiopia (2) 3 years,0.411,0.12,3.425,,,0.001,,,,,,889,4,0,889,6,0.229741626,0.229741626,0.229676856,0.00451428,0.999154215,0.004510462,0.067159976,0.098043303,0.361310408,1,"This is not a SPIR study. Intervention: ""The graduation program was implemented by Tigrigna NGO Relief Society of Tigray (REST)"" p5. However, all observations including the control group observations received PSNP. ""Subjects were recruited from the government’s food-for-work program, the Productive Safety Net Programme (PSNP)."" p4
all page 5:
""Treatment households were offered one of four productive asset options""
 ""Each of the asset choices was accompanied by a specific technical training specific to their asset. Households additionally received a bank account at the Dedebit Credit and Savings Institution (a
microfinance institution) in the nearest market center. ""
""Unlike in some program contexts, treated households did not receive additional short-term cash or food transfers beyond what was already available to them (and to control households) via the PSNP program. Program activities ran from May 2010 to May 2012."" p5",0,"No, not specifically targeting women",8,Ethiopia TGP,Ethiopia TGP (program in Tigray implemented by Tigrigna NGO Relief Society of Tigray),0,"SE clustered at the HH level p 6
UoA at household level p13",2024,Barker et al. (2024) Ethiopia TGP,Ethiopia,,,,,,,,,,,,,,,,,,,,,,,,,,,,,,,,,,,,,,,,,,,,,,,,,,,,,,,,,,,,,,,,,,,,,,,,,,,,,,,,,,,,,,,,,,,,,,,,,,,,,,,,,,,,,,,,,,,,,,,,,,,,,,,,,,,,,,,,,,,,,,,,,,,,,,,,,,,,,,,,,,,,,,,,,,,,,,,
Andrea,,121327221,121327221_9,Barker et al.,REST Tigray,60,24,1,1,1,1,1,1,0,1,Income,Income and Revenues Index,"Income and revenues index (z-score index with the following measures: livestock revenues, agricultural profits, microenterprise profits, wage earnings, and economic self-rating)",0,,page: 16; table: 1; table label: Table 1: Indexed Family Outcomes; row label: Income and Revenues Index; column label: Ethiopia (3) 7 years,0.244,0.24,1.016666667,,,0.464,,,,,,889,4,0,889,6,0.068195811,0.068195811,0.068176585,0.004500745,0.999154215,0.004496939,0.067059218,-0.063259483,0.199612653,1,"This is not a SPIR study. Intervention: ""The graduation program was implemented by Tigrigna NGO Relief Society of Tigray (REST)"" p5. However, all observations including the control group observations received PSNP. ""Subjects were recruited from the government’s food-for-work program, the Productive Safety Net Programme (PSNP)."" p4
all page 5:
""Treatment households were offered one of four productive asset options""
 ""Each of the asset choices was accompanied by a specific technical training specific to their asset. Households additionally received a bank account at the Dedebit Credit and Savings Institution (a
microfinance institution) in the nearest market center. ""
""Unlike in some program contexts, treated households did not receive additional short-term cash or food transfers beyond what was already available to them (and to control households) via the PSNP program. Program activities ran from May 2010 to May 2012."" p5",0,"No, not specifically targeting women",8,Ethiopia TGP,Ethiopia TGP (program in Tigray implemented by Tigrigna NGO Relief Society of Tigray),0,"SE clustered at the HH level p 6
UoA at household level p14",2024,Barker et al. (2024) Ethiopia TGP,Ethiopia,,,,,,,,,,,,,,,,,,,,,,,,,,,,,,,,,,,,,,,,,,,,,,,,,,,,,,,,,,,,,,,,,,,,,,,,,,,,,,,,,,,,,,,,,,,,,,,,,,,,,,,,,,,,,,,,,,,,,,,,,,,,,,,,,,,,,,,,,,,,,,,,,,,,,,,,,,,,,,,,,,,,,,,,,,,,,,,
Pierre,,121058373,121058373_31,Banerjee et al.,Haku Wiñay,2,24,1,1,1,1,1,1,0,1,Expenditure,"Total per capita consumption, standardized","Total of all food consumption (detailed below), temptation goods and fuel expenditures, school, clothing, festival expenditures, transportation, rent, medical expenditures, durable good purchases, and home improvement spending. Scaled to per capita monthly values",0,Full intervention,"page: 43; table: S4f; table label: Table S4f: Indexed Family Outcome Variables and Aggregates, Peru; row label: Total per capita consumption, standardized; column label: Endline 1 (1) Standardized Mean Treatment Effect",0.048,0.048,1,,,p > 0.10,,,Standard errors are clustered at the level at which randomization took place.,785,1499,2284,2,0,2284,5,0.044056745,0.044056745,0.044051918,0.001751526,0.999671305,0.00175095,0.041844357,-0.037963022,0.126066858,1,"""Consumption support was provided everywhere, but in two sites (Ethiopia and Peru), a form of consumption support already existed before the program started, so it was available for all (Ethiopia) or part (Peru) of the control group, as well. In Ethiopia, both treatment and control households received benefits from the Productive Safety Net Programme (PSNP), a food-forwork program for food-insecure households. For this reason, the program did not offer any additional consumption support to treatment households. In Peru, a conditional cash transfer program, Juntos, was active in 51 of the 86 project villages. Juntos provides PEN 200 (PPP US$143.33) every 2 months"" p774
The Ethiopian project is not SPIR I or II but is the programme evaluated in 121327221 Barker. THere may be an overlap in some estimates but Barker includes long-term effects. ",0,"No ""The program targets the poorest members in a village"" p772",9,Peru HW,Ethiopia REST (program implemented by Tigrigna NGO Relief Society of Tigray); Ghana GUP (Graduation from Ultra Poverty); India TUP (Targeting the Ultra Poor); Pakistan Not NAME (Project within Sindh Region); Peru HW (Haku Wiñay); ,0,Standard errors are clustered at the level at which randomization took place.,2015,Banerjee et al. (2015) Peru HW,Peru,,,,,,,,1,Not selected for RE but selected for RVE as not longest follow up,,,,,,,,,,,,,,,,,,,,,,,,,,,,,,,,,,,,,,,,,,,,,,,,,,,,,,,,,,,,,,,,,,,,,,,,,,,,,,,,,,,,,,,,,,,,,,,,,,,,,,,,,,,,,,,,,,,,,,,,,,,,,,,,,,,,,,,,,,,,,,,,,,,,,,,,,,,,,,,,,,,,,,
Pierre,,121058373,121058373_32,Banerjee et al.,Haku Wiñay,12,36,1,1,1,1,1,1,0,1,Expenditure,"Total per capita consumption, standardized","Total of all food consumption (detailed below), temptation goods and fuel expenditures, school, clothing, festival expenditures, transportation, rent, medical expenditures, durable good purchases, and home improvement spending. Scaled to per capita monthly values",0,Full intervention,"page: 43; table: S4f; table label: Table S4f: Indexed Family Outcome Variables and Aggregates, Peru; row label: Total per capita consumption, standardized; column label: Endline 2 (3) Standardized Mean Treatment Effect",0.096,0.056,1.714285714,,,0.05 < p < 0.10,,,Standard errors are clustered at the level at which randomization took place.,785,1499,2284,2,0,2284,5,0.075525848,0.075525848,0.075517573,0.001751938,0.999671305,0.001751362,0.041849277,-0.00650701,0.157542156,1,"""Consumption support was provided everywhere, but in two sites (Ethiopia and Peru), a form of consumption support already existed before the program started, so it was available for all (Ethiopia) or part (Peru) of the control group, as well. In Ethiopia, both treatment and control households received benefits from the Productive Safety Net Programme (PSNP), a food-forwork program for food-insecure households. For this reason, the program did not offer any additional consumption support to treatment households. In Peru, a conditional cash transfer program, Juntos, was active in 51 of the 86 project villages. Juntos provides PEN 200 (PPP US$143.33) every 2 months"" p774
The Ethiopian project is not SPIR I or II but is the programme evaluated in 121327221 Barker. THere may be an overlap in some estimates but Barker includes long-term effects. ",0,"No ""The program targets the poorest members in a village"" p772",9,Peru HW,Ethiopia REST (program implemented by Tigrigna NGO Relief Society of Tigray); Ghana GUP (Graduation from Ultra Poverty); India TUP (Targeting the Ultra Poor); Pakistan Not NAME (Project within Sindh Region); Peru HW (Haku Wiñay); ,0,Standard errors are clustered at the level at which randomization took place.,2015,Banerjee et al. (2015) Peru HW,Peru,,,,,,,1,1,Selected as longest follow up period,,,,,,,,,,,,,,,,,,,,,,,,,,,,,,,,,,,,,,,,,,,,,,,,,,,,,,,,,,,,,,,,,,,,,,,,,,,,,,,,,,,,,,,,,,,,,,,,,,,,,,,,,,,,,,,,,,,,,,,,,,,,,,,,,,,,,,,,,,,,,,,,,,,,,,,,,,,,,,,,,,,,,,
Pierre,,121058373,121058373_33,Banerjee et al.,Haku Wiñay,2,24,1,1,1,1,1,1,0,1,Assets,Asset index,"Weighted asset index: In each of the six countries, households are asked about whether or not they own each of several types of durable goods and livestock, and how many of each type they own. In each of the six sites, there is also either information on the current value of those livestock, or on the median value of purchased livestock.
The asset index was constructed using the value of goats as the numeraire. Goats were chosen because they are an asset held in common across all six sites. The process for creating the index was as follows: 1. The median unit value for each asset (durable goods and livestock) was calculated in each country (for durable goods, only in Pakistan, Honduras, Peru and Ethiopia; for livestock, in all six countries). In Ethiopia, the median value is found from all households who own the good and offered a valuation of it. In Pakistan, Peru and Honduras the median is calculated from households that purchased the good in the past 12 months. 2. In each site, the value of each asset in terms of goats (the numeraire) was calculated by dividing the unit value of each asset by the median unit value of goats. For example, a bicycle in Ethiopia is expressed as 1.34 goats. 3. For every durable good and type of livestock, the medians from each of the countries where price information about the good is available are combined to construct a single, cross-site median value of each good in terms of goats. 4. Total asset value, productive asset value, and household asset value in terms of goats is calculated for all six sites by multiplying the cross-site unit value of each asset (expressed in terms of goats) by the number of each asset owned. 5. These values are then standardized to the control group within each country and survey round and reported as weighted indices.",0,Full intervention,"page: 43; table: S4f; table label: Table S4f: Indexed Family Outcome Variables and Aggregates, Peru; row label: Asset index; column label: Endline 1 (1) Standardized Mean Treatment Effect",0.102,0.042,2.428571429,,,0.01 < p < 0.05,,,Standard errors are clustered at the level at which randomization took place.,785,1499,2284,2,0,2284,5,0.106994952,0.106994952,0.106983229,0.001752567,0.999671305,0.00175199,0.041856785,0.024943929,0.189022528,1,"""Consumption support was provided everywhere, but in two sites (Ethiopia and Peru), a form of consumption support already existed before the program started, so it was available for all (Ethiopia) or part (Peru) of the control group, as well. In Ethiopia, both treatment and control households received benefits from the Productive Safety Net Programme (PSNP), a food-forwork program for food-insecure households. For this reason, the program did not offer any additional consumption support to treatment households. In Peru, a conditional cash transfer program, Juntos, was active in 51 of the 86 project villages. Juntos provides PEN 200 (PPP US$143.33) every 2 months"" p774
The Ethiopian project is not SPIR I or II but is the programme evaluated in 121327221 Barker. THere may be an overlap in some estimates but Barker includes long-term effects. ",0,"No ""The program targets the poorest members in a village"" p772",9,Peru HW,Ethiopia REST (program implemented by Tigrigna NGO Relief Society of Tigray); Ghana GUP (Graduation from Ultra Poverty); India TUP (Targeting the Ultra Poor); Pakistan Not NAME (Project within Sindh Region); Peru HW (Haku Wiñay); ,0,Standard errors are clustered at the level at which randomization took place.,2015,Banerjee et al. (2015) Peru HW,Peru,,,,,,,,,,,,,,,,,,,,,,,,,,,,,,,,,,,,,,,,,,,,,,,,,,,,,,,,,,,,,,,,,,,,,,,,,,,,,,,,,,,,,,,,,,,,,,,,,,,,,,,,,,,,,,,,,,,,,,,,,,,,,,,,,,,,,,,,,,,,,,,,,,,,,,,,,,,,,,,,,,,,,,,,,,,,,,,
Pierre,,121058373,121058373_34,Banerjee et al.,Haku Wiñay,12,36,1,1,1,1,1,1,0,1,Assets,Asset index,"Weighted asset index: In each of the six countries, households are asked about whether or not they own each of several types of durable goods and livestock, and how many of each type they own. In each of the six sites, there is also either information on the current value of those livestock, or on the median value of purchased livestock.
The asset index was constructed using the value of goats as the numeraire. Goats were chosen because they are an asset held in common across all six sites. The process for creating the index was as follows: 1. The median unit value for each asset (durable goods and livestock) was calculated in each country (for durable goods, only in Pakistan, Honduras, Peru and Ethiopia; for livestock, in all six countries). In Ethiopia, the median value is found from all households who own the good and offered a valuation of it. In Pakistan, Peru and Honduras the median is calculated from households that purchased the good in the past 12 months. 2. In each site, the value of each asset in terms of goats (the numeraire) was calculated by dividing the unit value of each asset by the median unit value of goats. For example, a bicycle in Ethiopia is expressed as 1.34 goats. 3. For every durable good and type of livestock, the medians from each of the countries where price information about the good is available are combined to construct a single, cross-site median value of each good in terms of goats. 4. Total asset value, productive asset value, and household asset value in terms of goats is calculated for all six sites by multiplying the cross-site unit value of each asset (expressed in terms of goats) by the number of each asset owned. 5. These values are then standardized to the control group within each country and survey round and reported as weighted indices.",0,Full intervention,"page: 43; table: S4f; table label: Table S4f: Indexed Family Outcome Variables and Aggregates, Peru; row label: Asset index; column label: Endline 2 (3) Standardized Mean Treatment Effect",0.06,0.042,1.428571429,,,p > 0.10,,,Standard errors are clustered at the level at which randomization took place.,785,1499,2284,2,0,2284,5,0.062938207,0.062938207,0.062931311,0.001751747,0.999671305,0.001751171,0.041846998,-0.019088806,0.144951428,1,"""Consumption support was provided everywhere, but in two sites (Ethiopia and Peru), a form of consumption support already existed before the program started, so it was available for all (Ethiopia) or part (Peru) of the control group, as well. In Ethiopia, both treatment and control households received benefits from the Productive Safety Net Programme (PSNP), a food-forwork program for food-insecure households. For this reason, the program did not offer any additional consumption support to treatment households. In Peru, a conditional cash transfer program, Juntos, was active in 51 of the 86 project villages. Juntos provides PEN 200 (PPP US$143.33) every 2 months"" p774
The Ethiopian project is not SPIR I or II but is the programme evaluated in 121327221 Barker. THere may be an overlap in some estimates but Barker includes long-term effects. ",0,"No ""The program targets the poorest members in a village"" p772",9,Peru HW,Ethiopia REST (program implemented by Tigrigna NGO Relief Society of Tigray); Ghana GUP (Graduation from Ultra Poverty); India TUP (Targeting the Ultra Poor); Pakistan Not NAME (Project within Sindh Region); Peru HW (Haku Wiñay); ,0,Standard errors are clustered at the level at which randomization took place.,2015,Banerjee et al. (2015) Peru HW,Peru,,,,,,,,,,,,,,,,,,,,,,,,,,,,,,,,,,,,,,,,,,,,,,,,,,,,,,,,,,,,,,,,,,,,,,,,,,,,,,,,,,,,,,,,,,,,,,,,,,,,,,,,,,,,,,,,,,,,,,,,,,,,,,,,,,,,,,,,,,,,,,,,,,,,,,,,,,,,,,,,,,,,,,,,,,,,,,,
Pierre,,121058373,121058373_35,Banerjee et al.,Haku Wiñay,2,24,1,1,1,1,1,1,0,1,Income,Incomes and revenues index (five components),"Agricultural income (revenues minus expenses: Crop production, land rents and expenses) + Livestock revenue (Revenues from sales, slaughters, output production) + Non-farm micro-enterprise: equal to total sales minus total expenses.",0,Full intervention,"page: 43; table: S4f; table label: Table S4f: Indexed Family Outcome Variables and Aggregates, Peru; row label: Incomes and revenues index (five components); column label: Endline 1 (1) Standardized Mean Treatment Effect",0.122,0.047,2.595744681,,,p < 0.01,,,Standard errors are clustered at the level at which randomization took place.,785,1499,2284,2,0,2284,5,0.114360061,0.114360061,0.114347531,0.001752745,0.999671305,0.001752169,0.041858916,0.032304055,0.196391007,1,"""Consumption support was provided everywhere, but in two sites (Ethiopia and Peru), a form of consumption support already existed before the program started, so it was available for all (Ethiopia) or part (Peru) of the control group, as well. In Ethiopia, both treatment and control households received benefits from the Productive Safety Net Programme (PSNP), a food-forwork program for food-insecure households. For this reason, the program did not offer any additional consumption support to treatment households. In Peru, a conditional cash transfer program, Juntos, was active in 51 of the 86 project villages. Juntos provides PEN 200 (PPP US$143.33) every 2 months"" p774
The Ethiopian project is not SPIR I or II but is the programme evaluated in 121327221 Barker. THere may be an overlap in some estimates but Barker includes long-term effects. ",0,"No ""The program targets the poorest members in a village"" p772",9,Peru HW,Ethiopia REST (program implemented by Tigrigna NGO Relief Society of Tigray); Ghana GUP (Graduation from Ultra Poverty); India TUP (Targeting the Ultra Poor); Pakistan Not NAME (Project within Sindh Region); Peru HW (Haku Wiñay); ,0,Standard errors are clustered at the level at which randomization took place.,2015,Banerjee et al. (2015) Peru HW,Peru,,,,,,,,,,,,,,,,,,,,,,,,,,,,,,,,,,,,,,,,,,,,,,,,,,,,,,,,,,,,,,,,,,,,,,,,,,,,,,,,,,,,,,,,,,,,,,,,,,,,,,,,,,,,,,,,,,,,,,,,,,,,,,,,,,,,,,,,,,,,,,,,,,,,,,,,,,,,,,,,,,,,,,,,,,,,,,,
Pierre,,121058373,121058373_36,Banerjee et al.,Haku Wiñay,12,36,1,1,1,1,1,1,0,1,Income,Incomes and revenues index (five components),"Agricultural income (revenues minus expenses: Crop production, land rents and expenses) + Livestock revenue (Revenues from sales, slaughters, output production) + Non-farm micro-enterprise: equal to total sales minus total expenses.",0,Full intervention,"page: 43; table: S4f; table label: Table S4f: Indexed Family Outcome Variables and Aggregates, Peru; row label: Incomes and revenues index (five components); column label: Endline 2 (3) Standardized Mean Treatment Effect",0.108,0.061,1.770491803,,,0.05 < p < 0.10,,,Standard errors are clustered at the level at which randomization took place.,785,1499,2284,2,0,2284,5,0.078002105,0.078002105,0.077993559,0.001751979,0.999671305,0.001751404,0.041849774,-0.004031998,0.160019116,1,"""Consumption support was provided everywhere, but in two sites (Ethiopia and Peru), a form of consumption support already existed before the program started, so it was available for all (Ethiopia) or part (Peru) of the control group, as well. In Ethiopia, both treatment and control households received benefits from the Productive Safety Net Programme (PSNP), a food-forwork program for food-insecure households. For this reason, the program did not offer any additional consumption support to treatment households. In Peru, a conditional cash transfer program, Juntos, was active in 51 of the 86 project villages. Juntos provides PEN 200 (PPP US$143.33) every 2 months"" p774
The Ethiopian project is not SPIR I or II but is the programme evaluated in 121327221 Barker. THere may be an overlap in some estimates but Barker includes long-term effects. ",0,"No ""The program targets the poorest members in a village"" p772",9,Peru HW,Ethiopia REST (program implemented by Tigrigna NGO Relief Society of Tigray); Ghana GUP (Graduation from Ultra Poverty); India TUP (Targeting the Ultra Poor); Pakistan Not NAME (Project within Sindh Region); Peru HW (Haku Wiñay); ,0,Standard errors are clustered at the level at which randomization took place.,2015,Banerjee et al. (2015) Peru HW,Peru,,,,,,,,,,,,,,,,,,,,,,,,,,,,,,,,,,,,,,,,,,,,,,,,,,,,,,,,,,,,,,,,,,,,,,,,,,,,,,,,,,,,,,,,,,,,,,,,,,,,,,,,,,,,,,,,,,,,,,,,,,,,,,,,,,,,,,,,,,,,,,,,,,,,,,,,,,,,,,,,,,,,,,,,,,,,,,,
Guy,NA,121327988,121327988_1,Correa,Haku Wiñay,52,36,1,1,1,1,1,1,0,0,Income,Income,"Income, ML",0,Haku Wiñay,"page: 27; table: 1.4; table label: Table 1.4: Eect of Haku Wiñay on midline Income, non-parametric; row label: RD_Estimate; column label: Income, ML",2501.179,691.179,3.618713821,,,p<0.01,NA,NA,NA,184,118,302,1,0,302,5,0.426783672,0.426783672,0.426427722,0.013395815,0.997497915,0.013362297,0.115595404,0.199860731,0.652994713,1,"""Initially, the program was designed to give the beneficiaries of Juntos - Peru's main CCT program - sufficient tools for them to insert themselves on a robust growth path and not depend solely on the transfer."" (p.11) ""First, we kept only the villages that had a high presence of Juntos (the CCT program) population. We imposed this restriction since most graduation-type programs also have a cash transfer component."" (p.15)",0,no women requirement as lead recipient,9,Peru HW,Peru HW (Haku Wiñay),0,Not RCT,2021,Correa (2021) Peru HW,Peru,,,,,,,,,,,,,,,,,,,,,,,,,,,,,,,,,,,,,,,,,,,,,,,,,,,,,,,,,,,,,,,,,,,,,,,,,,,,,,,,,,,,,,,,,,,,,,,,,,,,,,,,,,,,,,,,,,,,,,,,,,,,,,,,,,,,,,,,,,,,,,,,,,,,,,,,,,,,,,,,,,,,,,,,,,,,,,,
Guy,NA,122182711,122182711_1,Escobal and Ponce,Haku Wiñay,31,45,1,1,1,1,1,1,0,1,Income,Income,Total household income (S/.),0,Treatment,page: 75; table: 4.2; table label: Tabla 4.2: Impactos de la intervención sobre los ingresos; row label: Ingresos totales del hogar (S/.); column label: Intención del Impacto del tratamiento (diferencias en diferencias),910.5,NA,1.8,,,p<0.1,18,18,36,207,221,428,1,0,428,5,0.174105736,0.174105736,0.174003502,0.0093635,0.998238403,0.009347006,0.096679914,-0.01548913,0.363496133,1,"""Initially, the program was designed to give the beneficiaries of Juntos - Peru's main CCT program - sufficient tools for them to insert themselves on a robust growth path and not depend solely on the transfer."" (p.11) ""First, we kept only the villages that had a high presence of Juntos (the CCT program) population. We imposed this restriction since most graduation-type programs also have a cash transfer component."" (p.15)",0,no women requirement as lead recipient,9,Peru HW,Peru HW (Haku Wiñay),1,"""It should be noted that the program effect estimates presented in the following section incorporate adjustments to the standard errors to account for the survey's sample design. "" p43",2016,Escobal and Ponce (2016) Peru HW,Peru,,,,,,,,,,,,,,,,,,,,,,,,,,,,,,,,,,,,,,,,,,,,,,,,,,,,,,,,,,,,,,,,,,,,,,,,,,,,,,,,,,,,,,,,,,,,,,,,,,,,,,,,,,,,,,,,,,,,,,,,,,,,,,,,,,,,,,,,,,,,,,,,,,,,,,,,,,,,,,,,,,,,,,,,,,,,,,,
Guy,NA,122182711,122182711_2,Escobal and Ponce,Haku Wiñay,31,45,1,1,1,1,1,1,0,1,Assets,Assets,Number of household members per room,1,Treatment,page: 86; table: 4.6; table label: Tabla 4.6: Impactos de la intervención sobre la calidad de vida en el hogar; row label: Número de miembros del hogar por habitación; column label: Intención del Impacto del tratamiento (diferencias en diferencias),-0.5,NA,-1.8,,,p<0.1,18,18,36,207,221,428,1,0,428,5,-0.174105736,0.174105736,0.174003502,0.0093635,0.998238403,0.009347006,0.096679914,-0.01548913,0.363496133,1,"""Initially, the program was designed to give the beneficiaries of Juntos - Peru's main CCT program - sufficient tools for them to insert themselves on a robust growth path and not depend solely on the transfer."" (p.11) ""First, we kept only the villages that had a high presence of Juntos (the CCT program) population. We imposed this restriction since most graduation-type programs also have a cash transfer component."" (p.15)",0,no women requirement as lead recipient,9,Peru HW,Peru HW (Haku Wiñay),1,"""It should be noted that the program effect estimates presented in the following section incorporate adjustments to the standard errors to account for the survey's sample design. "" p43",2016,Escobal and Ponce (2016) Peru HW,Peru,,,,,,,,,,,,,,,,,,,,,,,,,,,,,,,,,,,,,,,,,,,,,,,,,,,,,,,,,,,,,,,,,,,,,,,,,,,,,,,,,,,,,,,,,,,,,,,,,,,,,,,,,,,,,,,,,,,,,,,,,,,,,,,,,,,,,,,,,,,,,,,,,,,,,,,,,,,,,,,,,,,,,,,,,,,,,,,
Guy,NA,122182711,122182711_3,Escobal and Ponce,Haku Wiñay,31,45,1,1,1,1,1,1,0,1,Assets,Assets,"Small animals or pigs enter the spaces where the people cook, eat or sleep (%)",1,Treatment,"page: 86; table: 4.6; table label: Tabla 4.6: Impactos de la intervención sobre la calidad de vida en el hogar; row label: Los animales menores o chanchos ingresan a los espacios donde las personas cocinan, comen o duermen (%); column label: Intención del Impacto del tratamiento (diferencias en diferencias)",12.4,NA,0.5,,,p~0.15,18,18,36,207,221,428,1,0,428,5,0.048362705,-0.048362705,-0.048334306,0.009347161,0.998238403,0.009330695,0.096595521,-0.237661527,0.140992915,1,"""Initially, the program was designed to give the beneficiaries of Juntos - Peru's main CCT program - sufficient tools for them to insert themselves on a robust growth path and not depend solely on the transfer."" (p.11) ""First, we kept only the villages that had a high presence of Juntos (the CCT program) population. We imposed this restriction since most graduation-type programs also have a cash transfer component."" (p.15)",0,no women requirement as lead recipient,9,Peru HW,Peru HW (Haku Wiñay),1,"""It should be noted that the program effect estimates presented in the following section incorporate adjustments to the standard errors to account for the survey's sample design. "" p43",2016,Escobal and Ponce (2016) Peru HW,Peru,,,,,,,,,,,,,,,,,,,,,,,,,,,,,,,,,,,,,,,,,,,,,,,,,,,,,,,,,,,,,,,,,,,,,,,,,,,,,,,,,,,,,,,,,,,,,,,,,,,,,,,,,,,,,,,,,,,,,,,,,,,,,,,,,,,,,,,,,,,,,,,,,,,,,,,,,,,,,,,,,,,,,,,,,,,,,,,
Guy,NA,122182711,122182711_4,Escobal and Ponce,Haku Wiñay,31,45,1,1,1,1,1,1,0,1,Assets,Assets,Does it have tap water for washing hands? (%),0,Treatment,page: 86; table: 4.6; table label: Tabla 4.6: Impactos de la intervención sobre la calidad de vida en el hogar; row label: Cuenta con agua de caño o grifo para lavarse las manos (%); column label: Intención del Impacto del tratamiento (diferencias en diferencias),-0.4,NA,-0.5,,,p~0.15,18,18,36,207,221,428,1,0,428,5,-0.048362705,-0.048362705,-0.048334306,0.009347161,0.998238403,0.009330695,0.096595521,-0.237661527,0.140992915,1,"""Initially, the program was designed to give the beneficiaries of Juntos - Peru's main CCT program - sufficient tools for them to insert themselves on a robust growth path and not depend solely on the transfer."" (p.11) ""First, we kept only the villages that had a high presence of Juntos (the CCT program) population. We imposed this restriction since most graduation-type programs also have a cash transfer component."" (p.15)",0,no women requirement as lead recipient,9,Peru HW,Peru HW (Haku Wiñay),1,"""It should be noted that the program effect estimates presented in the following section incorporate adjustments to the standard errors to account for the survey's sample design. "" p43",2016,Escobal and Ponce (2016) Peru HW,Peru,,,,,,,,,,,,,,,,,,,,,,,,,,,,,,,,,,,,,,,,,,,,,,,,,,,,,,,,,,,,,,,,,,,,,,,,,,,,,,,,,,,,,,,,,,,,,,,,,,,,,,,,,,,,,,,,,,,,,,,,,,,,,,,,,,,,,,,,,,,,,,,,,,,,,,,,,,,,,,,,,,,,,,,,,,,,,,,
Guy,NA,122182711,122182711_5,Escobal and Ponce,Haku Wiñay,31,45,1,1,1,1,1,1,0,1,Assets,Assets,Does it have soap for washing hands (%),0,Treatment,page: 86; table: 4.6; table label: Tabla 4.6: Impactos de la intervención sobre la calidad de vida en el hogar; row label: Cuenta con jabón para lavarse las manos (%); column label: Intención del Impacto del tratamiento (diferencias en diferencias),-6.4,NA,-0.5,,,p~0.15,18,18,36,207,221,428,1,0,428,5,-0.048362705,-0.048362705,-0.048334306,0.009347161,0.998238403,0.009330695,0.096595521,-0.237661527,0.140992915,1,"""Initially, the program was designed to give the beneficiaries of Juntos - Peru's main CCT program - sufficient tools for them to insert themselves on a robust growth path and not depend solely on the transfer."" (p.11) ""First, we kept only the villages that had a high presence of Juntos (the CCT program) population. We imposed this restriction since most graduation-type programs also have a cash transfer component."" (p.15)",0,no women requirement as lead recipient,9,Peru HW,Peru HW (Haku Wiñay),1,"""It should be noted that the program effect estimates presented in the following section incorporate adjustments to the standard errors to account for the survey's sample design. "" p43",2016,Escobal and Ponce (2016) Peru HW,Peru,,,,,,,,,,,,,,,,,,,,,,,,,,,,,,,,,,,,,,,,,,,,,,,,,,,,,,,,,,,,,,,,,,,,,,,,,,,,,,,,,,,,,,,,,,,,,,,,,,,,,,,,,,,,,,,,,,,,,,,,,,,,,,,,,,,,,,,,,,,,,,,,,,,,,,,,,,,,,,,,,,,,,,,,,,,,,,,
Guy,NA,122182711,122182711_7,Escobal and Ponce,Haku Wiñay,31,45,1,1,1,1,1,1,0,1,Expenditure,Expenditure,Total expenditure on food purchased at the market during the last month (S/.),0,Treatment,page: 97; table: 4.14; table label: Tabla 4.14: Impactos de la intervención sobre el consumo; row label: Gasto total en alimentos comprados en el mercado durante el último mes (S/.); column label: Intención del Impacto del tratamiento (diferencias en diferencias),-81.6,NA,-2.8,,,p<0.01,18,18,36,207,221,428,1,0,428,5,-0.270831145,-0.270831145,-0.270672113,0.009388639,0.998238403,0.0093721,0.096809606,-0.46041894,-0.080925287,1,"""Initially, the program was designed to give the beneficiaries of Juntos - Peru's main CCT program - sufficient tools for them to insert themselves on a robust growth path and not depend solely on the transfer."" (p.11) ""First, we kept only the villages that had a high presence of Juntos (the CCT program) population. We imposed this restriction since most graduation-type programs also have a cash transfer component."" (p.15)",0,no women requirement as lead recipient,9,Peru HW,Peru HW (Haku Wiñay),1,"""It should be noted that the program effect estimates presented in the following section incorporate adjustments to the standard errors to account for the survey's sample design. "" p43",2016,Escobal and Ponce (2016) Peru HW,Peru,,,,,,,,,Not food expenditure outcome,,,,,,,,,,,,,,,,,,,,,,,,,,,,,,,,,,,,,,,,,,,,,,,,,,,,,,,,,,,,,,,,,,,,,,,,,,,,,,,,,,,,,,,,,,,,,,,,,,,,,,,,,,,,,,,,,,,,,,,,,,,,,,,,,,,,,,,,,,,,,,,,,,,,,,,,,,,,,,,,,,,,,,
Guy,NA,122182711,122182711_8,Escobal and Ponce,Haku Wiñay,31,45,1,1,1,1,1,1,0,1,Savings,Savings,Use of savings in the financial system (%),0,Treatment,page: 100; table: 4.16; table label: Tabla 4.16: Impactos de la intervención sobre aspectos financieros; row label: Uso de ahorros en el sistema financiero (%); column label: Intención del Impacto del tratamiento (diferencias en diferencias),55.8,NA,2.8,,,p<0.01,18,18,36,207,221,428,1,0,428,5,0.270831145,0.270831145,0.270672113,0.009388639,0.998238403,0.0093721,0.096809606,0.080925287,0.46041894,1,"""Initially, the program was designed to give the beneficiaries of Juntos - Peru's main CCT program - sufficient tools for them to insert themselves on a robust growth path and not depend solely on the transfer."" (p.11) ""First, we kept only the villages that had a high presence of Juntos (the CCT program) population. We imposed this restriction since most graduation-type programs also have a cash transfer component."" (p.15)",0,no women requirement as lead recipient,9,Peru HW,Peru HW (Haku Wiñay),1,"""It should be noted that the program effect estimates presented in the following section incorporate adjustments to the standard errors to account for the survey's sample design. "" p43",2016,Escobal and Ponce (2016) Peru HW,Peru,,,,,,,,,,,,,NONE SELECTED FOR THIS PROGRAM AS NOT SIMILAR OUTCOME MEASURE,,,,,,,,,,,,,,,,,,,,,,,,,,,,,,,,,,,,,,,,,,,,,,,,,,,,,,,,,,,,,,,,,,,,,,,,,,,,,,,,,,,,,,,,,,,,,,,,,,,,,,,,,,,,,,,,,,,,,,,,,,,,,,,,,,,,,,,,,,,,,,,,,,,,,,,,,,,,,,,,,,
Pierre,,121058373,121058373_19,Banerjee et al.,Targeting the Ultra Poor (TUP),5,24,1,1,1,1,1,1,1,1,Expenditure,"Total per capita consumption, standardized","Total of all food expenditures, tobacco/intoxicants, goods and services in the last 30 days. Along with goods and services and durables in the last year scaled to monthly. All divided by number of total household members",0,Full intervention,"page: 41; table: S4d; table label: Table S4d: Indexed Family Outcome Variables and Aggregates, India; row label: Total per capita consumption, standardized; column label: Endline 1 (1) Standardized Mean Treatment Effect",0.296,0.08,3.7,,,p < 0.01,,,Standard errors are clustered at the level at which randomization took place.,512,466,978,2,0,978,5,0.236888083,0.236888083,0.236827389,0.004104324,0.99923136,0.004101169,0.064040373,0.111308258,0.36234652,0,"""Consumption support was provided everywhere, but in two sites (Ethiopia and Peru), a form of consumption support already existed before the program started, so it was available for all (Ethiopia) or part (Peru) of the control group, as well. In Ethiopia, both treatment and control households received benefits from the Productive Safety Net Programme (PSNP), a food-forwork program for food-insecure households. For this reason, the program did not offer any additional consumption support to treatment households. In Peru, a conditional cash transfer program, Juntos, was active in 51 of the 86 project villages. Juntos provides PEN 200 (PPP US$143.33) every 2 months"" p774
The Ethiopian project is not SPIR I or II but is the programme evaluated in 121327221 Barker. THere may be an overlap in some estimates but Barker includes long-term effects. ",0,"No ""The program targets the poorest members in a village"" p772",10,India TUP,Ethiopia REST (program implemented by Tigrigna NGO Relief Society of Tigray); Ghana GUP (Graduation from Ultra Poverty); India TUP (Targeting the Ultra Poor); Pakistan Not NAME (Project within Sindh Region); Peru HW (Haku Wiñay); ,0,Standard errors are clustered at the level at which randomization took place.,2015,Banerjee et al. (2015) India TUP,India,,,,,,,,1,Not selected for RE but selected for RVE as not longest follow up,,,,,,,,,,,,,,,,,,,,,,,,,,,,,,,,,,,,,,,,,,,,,,,,,,,,,,,,,,,,,,,,,,,,,,,,,,,,,,,,,,,,,,,,,,,,,,,,,,,,,,,,,,,,,,,,,,,,,,,,,,,,,,,,,,,,,,,,,,,,,,,,,,,,,,,,,,,,,,,,,,,,,,
Pierre,,121058373,121058373_20,Banerjee et al.,Targeting the Ultra Poor (TUP),15,36,1,1,1,1,1,1,1,1,Expenditure,"Total per capita consumption, standardized","Total of all food expenditures, tobacco/intoxicants, goods and services in the last 30 days. Along with goods and services and durables in the last year scaled to monthly. All divided by number of total household members",0,Full intervention,"page: 41; table: S4d; table label: Table S4d: Indexed Family Outcome Variables and Aggregates, India; row label: Total per capita consumption, standardized; column label: Endline 2 (3) Standardized Mean Treatment Effect",0.228,0.066,3.454545455,,,p < 0.01,,,Standard errors are clustered at the level at which randomization took place.,512,466,978,2,0,978,5,0.221173148,0.221173148,0.221116481,0.004102484,0.99923136,0.004099331,0.064026016,0.09562549,0.346607472,0,"""Consumption support was provided everywhere, but in two sites (Ethiopia and Peru), a form of consumption support already existed before the program started, so it was available for all (Ethiopia) or part (Peru) of the control group, as well. In Ethiopia, both treatment and control households received benefits from the Productive Safety Net Programme (PSNP), a food-forwork program for food-insecure households. For this reason, the program did not offer any additional consumption support to treatment households. In Peru, a conditional cash transfer program, Juntos, was active in 51 of the 86 project villages. Juntos provides PEN 200 (PPP US$143.33) every 2 months"" p774
The Ethiopian project is not SPIR I or II but is the programme evaluated in 121327221 Barker. THere may be an overlap in some estimates but Barker includes long-term effects. ",0,"No ""The program targets the poorest members in a village"" p772",10,India TUP,Ethiopia REST (program implemented by Tigrigna NGO Relief Society of Tigray); Ghana GUP (Graduation from Ultra Poverty); India TUP (Targeting the Ultra Poor); Pakistan Not NAME (Project within Sindh Region); Peru HW (Haku Wiñay); ,0,Standard errors are clustered at the level at which randomization took place.,2015,Banerjee et al. (2015) India TUP,India,,,,,,,,1,Not selected for RE but selected for RVE as not longest follow up,,,,,,,,,,,,,,,,,,,,,,,,,,,,,,,,,,,,,,,,,,,,,,,,,,,,,,,,,,,,,,,,,,,,,,,,,,,,,,,,,,,,,,,,,,,,,,,,,,,,,,,,,,,,,,,,,,,,,,,,,,,,,,,,,,,,,,,,,,,,,,,,,,,,,,,,,,,,,,,,,,,,,,
Pierre,,121058373,121058373_21,Banerjee et al.,Targeting the Ultra Poor (TUP),5,24,1,1,1,1,1,1,1,1,Assets,Asset index,"Weighted asset index: In each of the six countries, households are asked about whether or not they own each of several types of durable goods and livestock, and how many of each type they own. In each of the six sites, there is also either information on the current value of those livestock, or on the median value of purchased livestock.
The asset index was constructed using the value of goats as the numeraire. Goats were chosen because they are an asset held in common across all six sites. The process for creating the index was as follows: 1. The median unit value for each asset (durable goods and livestock) was calculated in each country (for durable goods, only in Pakistan, Honduras, Peru and Ethiopia; for livestock, in all six countries). In Ethiopia, the median value is found from all households who own the good and offered a valuation of it. In Pakistan, Peru and Honduras the median is calculated from households that purchased the good in the past 12 months. 2. In each site, the value of each asset in terms of goats (the numeraire) was calculated by dividing the unit value of each asset by the median unit value of goats. For example, a bicycle in Ethiopia is expressed as 1.34 goats. 3. For every durable good and type of livestock, the medians from each of the countries where price information about the good is available are combined to construct a single, cross-site median value of each good in terms of goats. 4. Total asset value, productive asset value, and household asset value in terms of goats is calculated for all six sites by multiplying the cross-site unit value of each asset (expressed in terms of goats) by the number of each asset owned. 5. These values are then standardized to the control group within each country and survey round and reported as weighted indices.",0,Full intervention,"page: 41; table: S4d; table label: Table S4d: Indexed Family Outcome Variables and Aggregates, India; row label: Asset index; column label: Endline 1 (1) Standardized Mean Treatment Effect",0.65,0.089,7.303370787,,,p < 0.01,,,Standard errors are clustered at the level at which randomization took place.,512,466,978,2,0,978,5,0.467589595,0.467589595,0.467469792,0.004145869,0.99923136,0.004142682,0.064363673,0.341316993,0.593622592,0,"""Consumption support was provided everywhere, but in two sites (Ethiopia and Peru), a form of consumption support already existed before the program started, so it was available for all (Ethiopia) or part (Peru) of the control group, as well. In Ethiopia, both treatment and control households received benefits from the Productive Safety Net Programme (PSNP), a food-forwork program for food-insecure households. For this reason, the program did not offer any additional consumption support to treatment households. In Peru, a conditional cash transfer program, Juntos, was active in 51 of the 86 project villages. Juntos provides PEN 200 (PPP US$143.33) every 2 months"" p774
The Ethiopian project is not SPIR I or II but is the programme evaluated in 121327221 Barker. THere may be an overlap in some estimates but Barker includes long-term effects. ",0,"No ""The program targets the poorest members in a village"" p772",10,India TUP,Ethiopia REST (program implemented by Tigrigna NGO Relief Society of Tigray); Ghana GUP (Graduation from Ultra Poverty); India TUP (Targeting the Ultra Poor); Pakistan Not NAME (Project within Sindh Region); Peru HW (Haku Wiñay); ,0,Standard errors are clustered at the level at which randomization took place.,2015,Banerjee et al. (2015) India TUP,India,,,,,,,,,,,,,,,,,,,,,,,,,,,,,,,,,,,,,,,,,,,,,,,,,,,,,,,,,,,,,,,,,,,,,,,,,,,,,,,,,,,,,,,,,,,,,,,,,,,,,,,,,,,,,,,,,,,,,,,,,,,,,,,,,,,,,,,,,,,,,,,,,,,,,,,,,,,,,,,,,,,,,,,,,,,,,,,
Pierre,,121058373,121058373_22,Banerjee et al.,Targeting the Ultra Poor (TUP),15,36,1,1,1,1,1,1,1,1,Assets,Asset index,"Weighted asset index: In each of the six countries, households are asked about whether or not they own each of several types of durable goods and livestock, and how many of each type they own. In each of the six sites, there is also either information on the current value of those livestock, or on the median value of purchased livestock.
The asset index was constructed using the value of goats as the numeraire. Goats were chosen because they are an asset held in common across all six sites. The process for creating the index was as follows: 1. The median unit value for each asset (durable goods and livestock) was calculated in each country (for durable goods, only in Pakistan, Honduras, Peru and Ethiopia; for livestock, in all six countries). In Ethiopia, the median value is found from all households who own the good and offered a valuation of it. In Pakistan, Peru and Honduras the median is calculated from households that purchased the good in the past 12 months. 2. In each site, the value of each asset in terms of goats (the numeraire) was calculated by dividing the unit value of each asset by the median unit value of goats. For example, a bicycle in Ethiopia is expressed as 1.34 goats. 3. For every durable good and type of livestock, the medians from each of the countries where price information about the good is available are combined to construct a single, cross-site median value of each good in terms of goats. 4. Total asset value, productive asset value, and household asset value in terms of goats is calculated for all six sites by multiplying the cross-site unit value of each asset (expressed in terms of goats) by the number of each asset owned. 5. These values are then standardized to the control group within each country and survey round and reported as weighted indices.",0,Full intervention,"page: 41; table: S4d; table label: Table S4d: Indexed Family Outcome Variables and Aggregates, India; row label: Asset index; column label: Endline 2 (3) Standardized Mean Treatment Effect",0.712,0.096,7.416666667,,,p < 0.01,,,Standard errors are clustered at the level at which randomization took place.,512,466,978,2,0,978,5,0.474843229,0.474843229,0.474721567,0.004147617,0.99923136,0.004144429,0.064377236,0.348542184,0.600900951,0,"""Consumption support was provided everywhere, but in two sites (Ethiopia and Peru), a form of consumption support already existed before the program started, so it was available for all (Ethiopia) or part (Peru) of the control group, as well. In Ethiopia, both treatment and control households received benefits from the Productive Safety Net Programme (PSNP), a food-forwork program for food-insecure households. For this reason, the program did not offer any additional consumption support to treatment households. In Peru, a conditional cash transfer program, Juntos, was active in 51 of the 86 project villages. Juntos provides PEN 200 (PPP US$143.33) every 2 months"" p774
The Ethiopian project is not SPIR I or II but is the programme evaluated in 121327221 Barker. THere may be an overlap in some estimates but Barker includes long-term effects. ",0,"No ""The program targets the poorest members in a village"" p772",10,India TUP,Ethiopia REST (program implemented by Tigrigna NGO Relief Society of Tigray); Ghana GUP (Graduation from Ultra Poverty); India TUP (Targeting the Ultra Poor); Pakistan Not NAME (Project within Sindh Region); Peru HW (Haku Wiñay); ,0,Standard errors are clustered at the level at which randomization took place.,2015,Banerjee et al. (2015) India TUP,India,,,,,,,,,,,,,,,,,,,,,,,,,,,,,,,,,,,,,,,,,,,,,,,,,,,,,,,,,,,,,,,,,,,,,,,,,,,,,,,,,,,,,,,,,,,,,,,,,,,,,,,,,,,,,,,,,,,,,,,,,,,,,,,,,,,,,,,,,,,,,,,,,,,,,,,,,,,,,,,,,,,,,,,,,,,,,,,
Pierre,,121058373,121058373_23,Banerjee et al.,Targeting the Ultra Poor (TUP),5,24,1,1,1,1,1,1,1,1,Income,Incomes and revenues index (five components),"Agricultural income (revenues minus expenses: Crop production, land rents and expenses) + Livestock revenue (Revenues from sales, slaughters, output production) + Non-farm micro-enterprise: equal to total sales minus total expenses.",0,Full intervention,"page: 41; table: S4d; table label: Table S4d: Indexed Family Outcome Variables and Aggregates, India; row label: Incomes and revenues index (five components); column label: Endline 1 (1) Standardized Mean Treatment Effect",0.608,0.114,5.333333333,,,p < 0.01,,,Standard errors are clustered at the level at which randomization took place.,512,466,978,2,0,978,5,0.341460299,0.341460299,0.341372813,0.004119784,0.99923136,0.004116617,0.064160871,0.215617505,0.46712812,0,"""Consumption support was provided everywhere, but in two sites (Ethiopia and Peru), a form of consumption support already existed before the program started, so it was available for all (Ethiopia) or part (Peru) of the control group, as well. In Ethiopia, both treatment and control households received benefits from the Productive Safety Net Programme (PSNP), a food-forwork program for food-insecure households. For this reason, the program did not offer any additional consumption support to treatment households. In Peru, a conditional cash transfer program, Juntos, was active in 51 of the 86 project villages. Juntos provides PEN 200 (PPP US$143.33) every 2 months"" p774
The Ethiopian project is not SPIR I or II but is the programme evaluated in 121327221 Barker. THere may be an overlap in some estimates but Barker includes long-term effects. ",0,"No ""The program targets the poorest members in a village"" p772",10,India TUP,Ethiopia REST (program implemented by Tigrigna NGO Relief Society of Tigray); Ghana GUP (Graduation from Ultra Poverty); India TUP (Targeting the Ultra Poor); Pakistan Not NAME (Project within Sindh Region); Peru HW (Haku Wiñay); ,0,Standard errors are clustered at the level at which randomization took place.,2015,Banerjee et al. (2015) India TUP,India,,,,,,,,,,,,,,,,,,,,,,,,,,,,,,,,,,,,,,,,,,,,,,,,,,,,,,,,,,,,,,,,,,,,,,,,,,,,,,,,,,,,,,,,,,,,,,,,,,,,,,,,,,,,,,,,,,,,,,,,,,,,,,,,,,,,,,,,,,,,,,,,,,,,,,,,,,,,,,,,,,,,,,,,,,,,,,,
Pierre,,121058373,121058373_24,Banerjee et al.,Targeting the Ultra Poor (TUP),15,36,1,1,1,1,1,1,1,1,Income,Incomes and revenues index (five components),"Agricultural income (revenues minus expenses: Crop production, land rents and expenses) + Livestock revenue (Revenues from sales, slaughters, output production) + Non-farm micro-enterprise: equal to total sales minus total expenses.",0,Full intervention,"page: 41; table: S4d; table label: Table S4d: Indexed Family Outcome Variables and Aggregates, India; row label: Incomes and revenues index (five components); column label: Endline 2 (3) Standardized Mean Treatment Effect",0.666,0.099,6.727272727,,,p < 0.01,,,Standard errors are clustered at the level at which randomization took place.,512,466,978,2,0,978,5,0.430705605,0.430705605,0.430595252,0.0041374,0.99923136,0.004134219,0.064297896,0.304571376,0.556619129,0,"""Consumption support was provided everywhere, but in two sites (Ethiopia and Peru), a form of consumption support already existed before the program started, so it was available for all (Ethiopia) or part (Peru) of the control group, as well. In Ethiopia, both treatment and control households received benefits from the Productive Safety Net Programme (PSNP), a food-forwork program for food-insecure households. For this reason, the program did not offer any additional consumption support to treatment households. In Peru, a conditional cash transfer program, Juntos, was active in 51 of the 86 project villages. Juntos provides PEN 200 (PPP US$143.33) every 2 months"" p774
The Ethiopian project is not SPIR I or II but is the programme evaluated in 121327221 Barker. THere may be an overlap in some estimates but Barker includes long-term effects. ",0,"No ""The program targets the poorest members in a village"" p772",10,India TUP,Ethiopia REST (program implemented by Tigrigna NGO Relief Society of Tigray); Ghana GUP (Graduation from Ultra Poverty); India TUP (Targeting the Ultra Poor); Pakistan Not NAME (Project within Sindh Region); Peru HW (Haku Wiñay); ,0,Standard errors are clustered at the level at which randomization took place.,2015,Banerjee et al. (2015) India TUP,India,,,,,,,,,,,,,,,,,,,,,,,,,,,,,,,,,,,,,,,,,,,,,,,,,,,,,,,,,,,,,,,,,,,,,,,,,,,,,,,,,,,,,,,,,,,,,,,,,,,,,,,,,,,,,,,,,,,,,,,,,,,,,,,,,,,,,,,,,,,,,,,,,,,,,,,,,,,,,,,,,,,,,,,,,,,,,,,
Farzana,The paper reports q-values (FDR-adjusted p-values) instead of raw p-values. I used q-value in the p-value column,121295229,121295229_1,Banerjee et al. ,Targeting the Ultra Poor (TUP),0,18,1,1,1,1,1,1,1,1,Assets,Assets,Asset index,0,Treati-represents assignment to the TUP program.,page: 478; table: 1; table label: Table 1—Effect on Household and Adult Outcomes; row label: Panel A. Endline 1 (18 months) Treatment; column label: Asset index (1),0.217,0.111,1.95,,,0.041,,,NA,,,679,2,0,679,6,0.150048571,0.150048571,0.149993141,0.005899306,0.998891762,0.005892768,0.076764367,-0.000465017,0.3004513,0,no mention of the control receiving components from other programs,0,"no req as lead recipient but considered as part of the eligibility criteria: ""Bandhan then verified eligibility per seven criteria: (i) presence of an able-bodied female member (to manage the asset), (ii) no credit access... Households had to meet the first two criteria and at least three of the remaining five in order to be eligible for the TUP intervention"" (p.474)",10,India TUP,India TUP (Targeting the Ultra Poor),0,"UoR: household level p474
UoA: household level p475",2021,Banerjee et al.  (2021) India TUP,India,,,,,,,,,,,,,,,,,,,,,,,,,,,,,,,,,,,,,,,,,,,,,,,,,,,,,,,,,,,,,,,,,,,,,,,,,,,,,,,,,,,,,,,,,,,,,,,,,,,,,,,,,,,,,,,,,,,,,,,,,,,,,,,,,,,,,,,,,,,,,,,,,,,,,,,,,,,,,,,,,,,,,,,,,,,,,,,
Farzana,The paper reports q-values (FDR-adjusted p-values) instead of raw p-values. I used q-value in the p-value column,121295229,121295229_10,Banerjee et al. ,Targeting the Ultra Poor (TUP),18,18,1,1,1,1,1,1,1,1,Income,Income,Income and revenues,0,Treati-represents assignment to the TUP program.,page: 478; table: 1; table label: Table 1—Effect on Household and Adult Outcomes; row label: Panel B. Endline 2 (three years) Treatment; column label: Income and revenues (4),0.172,0.071,2.42,,,0.015,,,NA,,,875,2,0,875,6,0.163793275,0.163793275,0.163746357,0.004579094,0.999140647,0.004575159,0.06763992,0.031172114,0.296320599,0,no mention of the control receiving components from other programs,0,"no req as lead recipient but considered as part of the eligibility criteria: ""Bandhan then verified eligibility per seven criteria: (i) presence of an able-bodied female member (to manage the asset), (ii) no credit access... Households had to meet the first two criteria and at least three of the remaining five in order to be eligible for the TUP intervention"" (p.474)",10,India TUP,India TUP (Targeting the Ultra Poor),0,"UoR: household level p474
UoA: household level p475",2021,Banerjee et al.  (2021) India TUP,India,,,,,,,,,,,,,,,,,,,,,,,,,,,,,,,,,,,,,,,,,,,,,,,,,,,,,,,,,,,,,,,,,,,,,,,,,,,,,,,,,,,,,,,,,,,,,,,,,,,,,,,,,,,,,,,,,,,,,,,,,,,,,,,,,,,,,,,,,,,,,,,,,,,,,,,,,,,,,,,,,,,,,,,,,,,,,,,
Farzana,"The paper reports q-values (FDR-adjusted p-values) instead of raw p-values. I used q-value in the p-value column.This should be Panel C, not Panel B. I extracted it for Panel C as it mentioned 7 years.",121295229,121295229_11,Banerjee et al. ,Targeting the Ultra Poor (TUP),66,18,1,1,1,1,1,1,1,1,Income,Income,Income and revenues,0,Treati-represents assignment to the TUP program.,page: 478; table: 1; table label: Table 1—Effect on Household and Adult Outcomes; row label: Panel B. Endline 3 (seven years) Treatment; column label: Income and revenues (4),0.334,0.07,4.77,,,0.001,,,NA,,,869,2,0,869,6,0.323719256,0.323719256,0.323625885,0.00463314,0.999134699,0.004629131,0.068037716,0.190271962,0.456979808,0,no mention of the control receiving components from other programs,0,"no req as lead recipient but considered as part of the eligibility criteria: ""Bandhan then verified eligibility per seven criteria: (i) presence of an able-bodied female member (to manage the asset), (ii) no credit access... Households had to meet the first two criteria and at least three of the remaining five in order to be eligible for the TUP intervention"" (p.474)",10,India TUP,India TUP (Targeting the Ultra Poor),0,"UoR: household level p474
UoA: household level p475",2021,Banerjee et al.  (2021) India TUP,India,,,,,,,,,,,,,,,,,,,,,,,,,,,,,,,,,,,,,,,,,,,,,,,,,,,,,,,,,,,,,,,,,,,,,,,,,,,,,,,,,,,,,,,,,,,,,,,,,,,,,,,,,,,,,,,,,,,,,,,,,,,,,,,,,,,,,,,,,,,,,,,,,,,,,,,,,,,,,,,,,,,,,,,,,,,,,,,
Farzana,"The paper reports q-values (FDR-adjusted p-values) instead of raw p-values. I used q-value in the p-value column. This should be Panel D, not Panel B. I extracted it for Panel D as it mentioned 10 years.",121295229,121295229_12,Banerjee et al. ,Targeting the Ultra Poor (TUP),102,18,1,1,1,1,1,1,1,1,Income,Income,Income and revenues,0,Treati-represents assignment to the TUP program.,page: 478; table: 1; table label: Table 1—Effect on Household and Adult Outcomes; row label: Panel B. Endline 3 (ten years) Treatment; column label: Income and revenues (4),0.264,0.08,3.30,,,0.002,,,NA,,,885,2,0,885,6,0.221856573,0.221856573,0.221793742,0.004533678,0.999150382,0.004529826,0.067303983,0.089877935,0.353709549,0,no mention of the control receiving components from other programs,0,"no req as lead recipient but considered as part of the eligibility criteria: ""Bandhan then verified eligibility per seven criteria: (i) presence of an able-bodied female member (to manage the asset), (ii) no credit access... Households had to meet the first two criteria and at least three of the remaining five in order to be eligible for the TUP intervention"" (p.474)",10,India TUP,India TUP (Targeting the Ultra Poor),0,"UoR: household level p474
UoA: household level p475",2021,Banerjee et al.  (2021) India TUP,India,,,,,,,,,,,,,,,,,,,,,,,,,,,,,,,,,,,,,,,,,,,,,,,,,,,,,,,,,,,,,,,,,,,,,,,,,,,,,,,,,,,,,,,,,,,,,,,,,,,,,,,,,,,,,,,,,,,,,,,,,,,,,,,,,,,,,,,,,,,,,,,,,,,,,,,,,,,,,,,,,,,,,,,,,,,,,,,
Farzana,The table neither report q-valur nor p-value.,121295229,121295229_13,Banerjee et al. ,Targeting the Ultra Poor (TUP),0,18,1,1,1,1,1,1,1,1,Expenditure,Expenditure,Per capita food consumption,0,Treati-represents assignment to the TUP program.,page: 479; table: 2; table label: Table 2—Monthly Consumption and Food Security ; row label: Panel A. Endline 1 (18 months) Treatment; column label: Per capita food consumption (3),5.362,1.195,4.49,,,NA,,,NA,,,813,2,0,813,6,0.314733975,0.314733975,0.314636925,0.00495051,0.999074931,0.00494593,0.070327307,0.176795403,0.452478447,0,no mention of the control receiving components from other programs,0,"no req as lead recipient but considered as part of the eligibility criteria: ""Bandhan then verified eligibility per seven criteria: (i) presence of an able-bodied female member (to manage the asset), (ii) no credit access... Households had to meet the first two criteria and at least three of the remaining five in order to be eligible for the TUP intervention"" (p.474)",10,India TUP,India TUP (Targeting the Ultra Poor),0,"UoR: household level p474
UoA: household level p475",2021,Banerjee et al.  (2021) India TUP,India,,,,,,,,1,Not selected for RE but selected for RVE as not longest follow up,,,,,,,,,,,,,,,,,,,,,,,,,,,,,,,,,,,,,,,,,,,,,,,,,,,,,,,,,,,,,,,,,,,,,,,,,,,,,,,,,,,,,,,,,,,,,,,,,,,,,,,,,,,,,,,,,,,,,,,,,,,,,,,,,,,,,,,,,,,,,,,,,,,,,,,,,,,,,,,,,,,,,,
Farzana,The table neither report q-valur nor p-value.,121295229,121295229_14,Banerjee et al. ,Targeting the Ultra Poor (TUP),18,18,1,1,1,1,1,1,1,1,Expenditure,Expenditure,Per capita food consumption,0,Treati-represents assignment to the TUP program.,page: 479; table: 2; table label: Table 2—Monthly Consumption and Food Security ; row label: Panel B. Endline 2 (three years) Treatment; column label: Per capita food consumption (3),3.021,1.151,2.62,,,NA,,,NA,,,875,2,0,875,6,0.177460365,0.177460365,0.177409531,0.004580426,0.999140647,0.00457649,0.067649761,0.044816,0.310003063,0,no mention of the control receiving components from other programs,0,"no req as lead recipient but considered as part of the eligibility criteria: ""Bandhan then verified eligibility per seven criteria: (i) presence of an able-bodied female member (to manage the asset), (ii) no credit access... Households had to meet the first two criteria and at least three of the remaining five in order to be eligible for the TUP intervention"" (p.474)",10,India TUP,India TUP (Targeting the Ultra Poor),0,"UoR: household level p474
UoA: household level p475",2021,Banerjee et al.  (2021) India TUP,India,,,,,,,,1,Not selected for RE but selected for RVE as not longest follow up,,,,,,,,,,,,,,,,,,,,,,,,,,,,,,,,,,,,,,,,,,,,,,,,,,,,,,,,,,,,,,,,,,,,,,,,,,,,,,,,,,,,,,,,,,,,,,,,,,,,,,,,,,,,,,,,,,,,,,,,,,,,,,,,,,,,,,,,,,,,,,,,,,,,,,,,,,,,,,,,,,,,,,
Farzana,"The table neither report q-valur nor p-value.This should be Panel C, not Panel B. I extracted it for Panel C as it mentioned 7 years.",121295229,121295229_15,Banerjee et al. ,Targeting the Ultra Poor (TUP),66,18,1,1,1,1,1,1,1,1,Expenditure,Expenditure,Per capita food consumption,0,Treati-represents assignment to the TUP program.,page: 479; table: 2; table label: Table 2—Monthly Consumption and Food Security ; row label: Panel B. Endline 3 (seven years) Treatment; column label: Per capita food consumption (3),9.778,1.731,5.65,,,NA,,,NA,,,867,2,0,867,6,0.383683755,0.383683755,0.383572832,0.004656059,0.999132697,0.004652021,0.068205725,0.24988961,0.517256053,0,no mention of the control receiving components from other programs,0,"no req as lead recipient but considered as part of the eligibility criteria: ""Bandhan then verified eligibility per seven criteria: (i) presence of an able-bodied female member (to manage the asset), (ii) no credit access... Households had to meet the first two criteria and at least three of the remaining five in order to be eligible for the TUP intervention"" (p.474)",10,India TUP,India TUP (Targeting the Ultra Poor),0,"UoR: household level p474
UoA: household level p475",2021,Banerjee et al.  (2021) India TUP,India,,,,,,,,1,Not selected for RE but selected for RVE as not longest follow up,,,,,,,,,,,,,,,,,,,,,,,,,,,,,,,,,,,,,,,,,,,,,,,,,,,,,,,,,,,,,,,,,,,,,,,,,,,,,,,,,,,,,,,,,,,,,,,,,,,,,,,,,,,,,,,,,,,,,,,,,,,,,,,,,,,,,,,,,,,,,,,,,,,,,,,,,,,,,,,,,,,,,,
Farzana,"The table neither report q-valur nor p-value. This should be Panel D, not Panel B. I extracted it for Panel D as it mentioned 10 years.",121295229,121295229_16,Banerjee et al. ,Targeting the Ultra Poor (TUP),102,18,1,1,1,1,1,1,1,1,Expenditure,Expenditure,Per capita food consumption,0,Treati-represents assignment to the TUP program.,page: 479; table: 2; table label: Table 2—Monthly Consumption and Food Security ; row label: Panel B. Endline 3 (ten years) Treatment; column label: Per capita food consumption (3),7.354,1.595,4.61,,,NA,,,NA,,,880,2,0,880,6,0.31085052,0.31085052,0.310761983,0.004572906,0.999145543,0.004568998,0.067594366,0.178277026,0.443246941,0,no mention of the control receiving components from other programs,0,"no req as lead recipient but considered as part of the eligibility criteria: ""Bandhan then verified eligibility per seven criteria: (i) presence of an able-bodied female member (to manage the asset), (ii) no credit access... Households had to meet the first two criteria and at least three of the remaining five in order to be eligible for the TUP intervention"" (p.474)",10,India TUP,India TUP (Targeting the Ultra Poor),0,"UoR: household level p474
UoA: household level p475",2021,Banerjee et al.  (2021) India TUP,India,,,,,,,1,1,Selected as longest follow up period,,,,,,,,,,,,,,,,,,,,,,,,,,,,,,,,,,,,,,,,,,,,,,,,,,,,,,,,,,,,,,,,,,,,,,,,,,,,,,,,,,,,,,,,,,,,,,,,,,,,,,,,,,,,,,,,,,,,,,,,,,,,,,,,,,,,,,,,,,,,,,,,,,,,,,,,,,,,,,,,,,,,,,
Farzana,The table neither report q-valur nor p-value.,121295229,121295229_17,Banerjee et al. ,Targeting the Ultra Poor (TUP),0,18,1,1,1,1,1,1,1,1,Expenditure,Expenditure,Per capita nonfood consumption,0,Treati-represents assignment to the TUP program.,page: 479; table: 2; table label: Table 2—Monthly Consumption and Food Security ; row label: Panel A. Endline 1 (18 months) Treatment; column label: Per capita nonfood consumption (4),2.133,1.082,1.97,,,NA,,,NA,,,813,2,0,813,6,0.138276481,0.138276481,0.138233842,0.004925929,0.999074931,0.004921372,0.070152491,0.00073496,0.275732724,0,no mention of the control receiving components from other programs,0,"no req as lead recipient but considered as part of the eligibility criteria: ""Bandhan then verified eligibility per seven criteria: (i) presence of an able-bodied female member (to manage the asset), (ii) no credit access... Households had to meet the first two criteria and at least three of the remaining five in order to be eligible for the TUP intervention"" (p.474)",10,India TUP,India TUP (Targeting the Ultra Poor),0,"UoR: household level p474
UoA: household level p475",2021,Banerjee et al.  (2021) India TUP,India,,,,,,,,,Not food expenditure outcome,,,,,,,,,,,,,,,,,,,,,,,,,,,,,,,,,,,,,,,,,,,,,,,,,,,,,,,,,,,,,,,,,,,,,,,,,,,,,,,,,,,,,,,,,,,,,,,,,,,,,,,,,,,,,,,,,,,,,,,,,,,,,,,,,,,,,,,,,,,,,,,,,,,,,,,,,,,,,,,,,,,,,,
Farzana,The table neither report q-valur nor p-value.,121295229,121295229_18,Banerjee et al. ,Targeting the Ultra Poor (TUP),18,18,1,1,1,1,1,1,1,1,Expenditure,Expenditure,Per capita nonfood consumption,0,Treati-represents assignment to the TUP program.,page: 479; table: 2; table label: Table 2—Monthly Consumption and Food Security ; row label: Panel B. Endline 2 (three years) Treatment; column label: Per capita nonfood consumption (4),4.01,1.139,3.52,,,NA,,,NA,,,875,2,0,875,6,0.238038178,0.238038178,0.237969992,0.004587618,0.999140647,0.004583675,0.067702846,0.105272413,0.37066757,0,no mention of the control receiving components from other programs,0,"no req as lead recipient but considered as part of the eligibility criteria: ""Bandhan then verified eligibility per seven criteria: (i) presence of an able-bodied female member (to manage the asset), (ii) no credit access... Households had to meet the first two criteria and at least three of the remaining five in order to be eligible for the TUP intervention"" (p.474)",10,India TUP,India TUP (Targeting the Ultra Poor),0,"UoR: household level p474
UoA: household level p475",2021,Banerjee et al.  (2021) India TUP,India,,,,,,,,,Not food expenditure outcome,,,,,,,,,,,,,,,,,,,,,,,,,,,,,,,,,,,,,,,,,,,,,,,,,,,,,,,,,,,,,,,,,,,,,,,,,,,,,,,,,,,,,,,,,,,,,,,,,,,,,,,,,,,,,,,,,,,,,,,,,,,,,,,,,,,,,,,,,,,,,,,,,,,,,,,,,,,,,,,,,,,,,,
Farzana,"The table neither report q-valur nor p-value.This should be Panel C, not Panel B. I extracted it for Panel C as it mentioned 7 years.",121295229,121295229_19,Banerjee et al. ,Targeting the Ultra Poor (TUP),66,18,1,1,1,1,1,1,1,1,Expenditure,Expenditure,Per capita nonfood consumption,0,Treati-represents assignment to the TUP program.,page: 479; table: 2; table label: Table 2—Monthly Consumption and Food Security ; row label: Panel B. Endline 3 (seven years) Treatment; column label: Per capita nonfood consumption (4),7.542,1.681,4.49,,,NA,,,NA,,,867,2,0,867,6,0.304746875,0.304746875,0.304658773,0.004640389,0.999132697,0.004636365,0.068090857,0.171200693,0.438116853,0,no mention of the control receiving components from other programs,0,"no req as lead recipient but considered as part of the eligibility criteria: ""Bandhan then verified eligibility per seven criteria: (i) presence of an able-bodied female member (to manage the asset), (ii) no credit access... Households had to meet the first two criteria and at least three of the remaining five in order to be eligible for the TUP intervention"" (p.474)",10,India TUP,India TUP (Targeting the Ultra Poor),0,"UoR: household level p474
UoA: household level p475",2021,Banerjee et al.  (2021) India TUP,India,,,,,,,,,Not food expenditure outcome,,,,,,,,,,,,,,,,,,,,,,,,,,,,,,,,,,,,,,,,,,,,,,,,,,,,,,,,,,,,,,,,,,,,,,,,,,,,,,,,,,,,,,,,,,,,,,,,,,,,,,,,,,,,,,,,,,,,,,,,,,,,,,,,,,,,,,,,,,,,,,,,,,,,,,,,,,,,,,,,,,,,,,
Farzana,The paper reports q-values (FDR-adjusted p-values) instead of raw p-values. I used q-value in the p-value column,121295229,121295229_2,Banerjee et al. ,Targeting the Ultra Poor (TUP),18,18,1,1,1,1,1,1,1,1,Assets,Assets,Asset index,0,Treati-represents assignment to the TUP program.,page: 478; table: 1; table label: Table 1—Effect on Household and Adult Outcomes; row label: Panel B. Endline 2 (three years) Treatment; column label: Asset index (1),0.389,0.103,3.78,,,0.001,,,NA,,,875,2,0,875,6,0.25535146,0.25535146,0.255278315,0.004590058,0.999140647,0.004586114,0.067720853,0.122545443,0.388011186,0,no mention of the control receiving components from other programs,0,"no req as lead recipient but considered as part of the eligibility criteria: ""Bandhan then verified eligibility per seven criteria: (i) presence of an able-bodied female member (to manage the asset), (ii) no credit access... Households had to meet the first two criteria and at least three of the remaining five in order to be eligible for the TUP intervention"" (p.474)",10,India TUP,India TUP (Targeting the Ultra Poor),0,"UoR: household level p474
UoA: household level p475",2021,Banerjee et al.  (2021) India TUP,India,,,,,,,,,,,,,,,,,,,,,,,,,,,,,,,,,,,,,,,,,,,,,,,,,,,,,,,,,,,,,,,,,,,,,,,,,,,,,,,,,,,,,,,,,,,,,,,,,,,,,,,,,,,,,,,,,,,,,,,,,,,,,,,,,,,,,,,,,,,,,,,,,,,,,,,,,,,,,,,,,,,,,,,,,,,,,,,
Farzana,"The table neither report q-valur nor p-value. This should be Panel D, not Panel B. I extracted it for Panel D as it mentioned 10 years.",121295229,121295229_20,Banerjee et al. ,Targeting the Ultra Poor (TUP),102,18,1,1,1,1,1,1,1,1,Expenditure,Expenditure,Per capita nonfood consumption,0,Treati-represents assignment to the TUP program.,page: 479; table: 2; table label: Table 2—Monthly Consumption and Food Security ; row label: Panel B. Endline 3 (ten years) Treatment; column label: Per capita nonfood consumption (4),6.7,3.438,1.95,,,NA,,,NA,,,880,2,0,880,6,0.131388571,0.131388571,0.131351149,0.004550359,0.999145543,0.004546471,0.067427522,-0.000806794,0.263509092,0,no mention of the control receiving components from other programs,0,"no req as lead recipient but considered as part of the eligibility criteria: ""Bandhan then verified eligibility per seven criteria: (i) presence of an able-bodied female member (to manage the asset), (ii) no credit access... Households had to meet the first two criteria and at least three of the remaining five in order to be eligible for the TUP intervention"" (p.474)",10,India TUP,India TUP (Targeting the Ultra Poor),0,"UoR: household level p474
UoA: household level p475",2021,Banerjee et al.  (2021) India TUP,India,,,,,,,,,Not food expenditure outcome,,,,,,,,,,,,,,,,,,,,,,,,,,,,,,,,,,,,,,,,,,,,,,,,,,,,,,,,,,,,,,,,,,,,,,,,,,,,,,,,,,,,,,,,,,,,,,,,,,,,,,,,,,,,,,,,,,,,,,,,,,,,,,,,,,,,,,,,,,,,,,,,,,,,,,,,,,,,,,,,,,,,,,
Farzana,The table neither report q-valur nor p-value.,121295229,121295229_21,Banerjee et al. ,Targeting the Ultra Poor (TUP),0,18,1,1,1,1,1,1,1,1,Expenditure,Expenditure,Per capita durable goods consumption,0,Treati-represents assignment to the TUP program.,page: 479; table: 2; table label: Table 2—Monthly Consumption and Food Security ; row label: Panel A. Endline 1 (18 months) Treatment; column label: Per capita durable goods consumption (5),-0.356,0.374,-0.95,,,NA,,,NA,,,813,2,0,813,6,-0.066767193,-0.066767193,-0.066746605,0.00492142,0.999074931,0.004916867,0.070120378,-0.204182545,0.070689335,0,no mention of the control receiving components from other programs,0,"no req as lead recipient but considered as part of the eligibility criteria: ""Bandhan then verified eligibility per seven criteria: (i) presence of an able-bodied female member (to manage the asset), (ii) no credit access... Households had to meet the first two criteria and at least three of the remaining five in order to be eligible for the TUP intervention"" (p.474)",10,India TUP,India TUP (Targeting the Ultra Poor),0,"UoR: household level p474
UoA: household level p475",2021,Banerjee et al.  (2021) India TUP,India,,,,,,,,,Not food expenditure outcome,,,,,,,,,,,,,,,,,,,,,,,,,,,,,,,,,,,,,,,,,,,,,,,,,,,,,,,,,,,,,,,,,,,,,,,,,,,,,,,,,,,,,,,,,,,,,,,,,,,,,,,,,,,,,,,,,,,,,,,,,,,,,,,,,,,,,,,,,,,,,,,,,,,,,,,,,,,,,,,,,,,,,,
Farzana,The table neither report q-valur nor p-value.,121295229,121295229_22,Banerjee et al. ,Targeting the Ultra Poor (TUP),18,18,1,1,1,1,1,1,1,1,Expenditure,Expenditure,Per capita durable goods consumption,0,Treati-represents assignment to the TUP program.,page: 479; table: 2; table label: Table 2—Monthly Consumption and Food Security ; row label: Panel B. Endline 2 (three years) Treatment; column label: Per capita durable goods consumption (5),0.881,0.385,2.29,,,NA,,,NA,,,875,2,0,875,6,0.154718109,0.154718109,0.15467379,0.004578268,0.999140647,0.004574334,0.06763382,0.022111503,0.287236076,0,no mention of the control receiving components from other programs,0,"no req as lead recipient but considered as part of the eligibility criteria: ""Bandhan then verified eligibility per seven criteria: (i) presence of an able-bodied female member (to manage the asset), (ii) no credit access... Households had to meet the first two criteria and at least three of the remaining five in order to be eligible for the TUP intervention"" (p.474)",10,India TUP,India TUP (Targeting the Ultra Poor),0,"UoR: household level p474
UoA: household level p475",2021,Banerjee et al.  (2021) India TUP,India,,,,,,,,,Not food expenditure outcome,,,,,,,,,,,,,,,,,,,,,,,,,,,,,,,,,,,,,,,,,,,,,,,,,,,,,,,,,,,,,,,,,,,,,,,,,,,,,,,,,,,,,,,,,,,,,,,,,,,,,,,,,,,,,,,,,,,,,,,,,,,,,,,,,,,,,,,,,,,,,,,,,,,,,,,,,,,,,,,,,,,,,,
Farzana,"The table neither report q-valur nor p-value.This should be Panel C, not Panel B. I extracted it for Panel C as it mentioned 7 years.",121295229,121295229_23,Banerjee et al. ,Targeting the Ultra Poor (TUP),66,18,1,1,1,1,1,1,1,1,Expenditure,Expenditure,Per capita durable goods consumption,0,Treati-represents assignment to the TUP program.,page: 479; table: 2; table label: Table 2—Monthly Consumption and Food Security ; row label: Panel B. Endline 3 (seven years) Treatment; column label: Per capita durable goods consumption (5),2.471,0.507,4.87,,,NA,,,NA,,,867,2,0,867,6,0.331043628,0.331043628,0.330947923,0.00464521,0.999132697,0.004641182,0.068126219,0.197420535,0.464475311,0,no mention of the control receiving components from other programs,0,"no req as lead recipient but considered as part of the eligibility criteria: ""Bandhan then verified eligibility per seven criteria: (i) presence of an able-bodied female member (to manage the asset), (ii) no credit access... Households had to meet the first two criteria and at least three of the remaining five in order to be eligible for the TUP intervention"" (p.474)",10,India TUP,India TUP (Targeting the Ultra Poor),0,"UoR: household level p474
UoA: household level p475",2021,Banerjee et al.  (2021) India TUP,India,,,,,,,,,Not food expenditure outcome,,,,,,,,,,,,,,,,,,,,,,,,,,,,,,,,,,,,,,,,,,,,,,,,,,,,,,,,,,,,,,,,,,,,,,,,,,,,,,,,,,,,,,,,,,,,,,,,,,,,,,,,,,,,,,,,,,,,,,,,,,,,,,,,,,,,,,,,,,,,,,,,,,,,,,,,,,,,,,,,,,,,,,
Farzana,"The table neither report q-valur nor p-value. This should be Panel D, not Panel B. I extracted it for Panel D as it mentioned 10 years.",121295229,121295229_24,Banerjee et al. ,Targeting the Ultra Poor (TUP),102,18,1,1,1,1,1,1,1,1,Expenditure,Expenditure,Per capita durable goods consumption,0,Treati-represents assignment to the TUP program.,page: 479; table: 2; table label: Table 2—Monthly Consumption and Food Security ; row label: Panel B. Endline 3 (ten years) Treatment; column label: Per capita durable goods consumption (5),2.404,1.845,1.30,,,NA,,,NA,,,880,2,0,880,6,0.087846963,0.087846963,0.087821943,0.004547647,0.999145543,0.004543761,0.067407426,-0.044296613,0.219940498,0,no mention of the control receiving components from other programs,0,"no req as lead recipient but considered as part of the eligibility criteria: ""Bandhan then verified eligibility per seven criteria: (i) presence of an able-bodied female member (to manage the asset), (ii) no credit access... Households had to meet the first two criteria and at least three of the remaining five in order to be eligible for the TUP intervention"" (p.474)",10,India TUP,India TUP (Targeting the Ultra Poor),0,"UoR: household level p474
UoA: household level p475",2021,Banerjee et al.  (2021) India TUP,India,,,,,,,,,Not food expenditure outcome,,,,,,,,,,,,,,,,,,,,,,,,,,,,,,,,,,,,,,,,,,,,,,,,,,,,,,,,,,,,,,,,,,,,,,,,,,,,,,,,,,,,,,,,,,,,,,,,,,,,,,,,,,,,,,,,,,,,,,,,,,,,,,,,,,,,,,,,,,,,,,,,,,,,,,,,,,,,,,,,,,,,,,
Farzana,The table neither report q-valur nor p-value.,121295229,121295229_25,Banerjee et al. ,Targeting the Ultra Poor (TUP),0,18,1,1,1,1,1,1,1,1,Income,Income,Livestock revenue ,0,Treati-represents assignment to the TUP program.,page: 482; table: 3; table label: Table 3—Monthly Income and Revenue; row label: Panel A. Endline 1 (18 months) Treatment; column label: Livestock revenue (1),10.258,2.342,4.38,,,NA,,,NA,,,814,2,0,814,6,0.307039038,0.307039038,0.306944478,0.004942959,0.99907607,0.004938392,0.070273691,0.169208044,0.444680911,0,no mention of the control receiving components from other programs,0,"no req as lead recipient but considered as part of the eligibility criteria: ""Bandhan then verified eligibility per seven criteria: (i) presence of an able-bodied female member (to manage the asset), (ii) no credit access... Households had to meet the first two criteria and at least three of the remaining five in order to be eligible for the TUP intervention"" (p.474)",10,India TUP,India TUP (Targeting the Ultra Poor),0,"UoR: household level p474
UoA: household level p475",2021,Banerjee et al.  (2021) India TUP,India,,,,,,,,,,,,,,,,,,,,,,,,,,,,,,,,,,,,,,,,,,,,,,,,,,,,,,,,,,,,,,,,,,,,,,,,,,,,,,,,,,,,,,,,,,,,,,,,,,,,,,,,,,,,,,,,,,,,,,,,,,,,,,,,,,,,,,,,,,,,,,,,,,,,,,,,,,,,,,,,,,,,,,,,,,,,,,,
Farzana,The table neither report q-valur nor p-value.,121295229,121295229_26,Banerjee et al. ,Targeting the Ultra Poor (TUP),18,18,1,1,1,1,1,1,1,1,Income,Income,Livestock revenue ,0,Treati-represents assignment to the TUP program.,page: 482; table: 3; table label: Table 3—Monthly Income and Revenue; row label: Panel B. Endline 2 (three years) Treatment; column label: Livestock revenue (1),7.683,2.652,2.90,,,NA,,,NA,,,875,2,0,875,6,0.195876927,0.195876927,0.195820818,0.004582391,0.999140647,0.004578453,0.067664266,0.063198857,0.32844278,0,no mention of the control receiving components from other programs,0,"no req as lead recipient but considered as part of the eligibility criteria: ""Bandhan then verified eligibility per seven criteria: (i) presence of an able-bodied female member (to manage the asset), (ii) no credit access... Households had to meet the first two criteria and at least three of the remaining five in order to be eligible for the TUP intervention"" (p.474)",10,India TUP,India TUP (Targeting the Ultra Poor),0,"UoR: household level p474
UoA: household level p475",2021,Banerjee et al.  (2021) India TUP,India,,,,,,,,,,,,,,,,,,,,,,,,,,,,,,,,,,,,,,,,,,,,,,,,,,,,,,,,,,,,,,,,,,,,,,,,,,,,,,,,,,,,,,,,,,,,,,,,,,,,,,,,,,,,,,,,,,,,,,,,,,,,,,,,,,,,,,,,,,,,,,,,,,,,,,,,,,,,,,,,,,,,,,,,,,,,,,,
Farzana,"The table neither report q-valur nor p-value.This should be Panel C, not Panel B. I extracted it for Panel C as it mentioned 7 years.",121295229,121295229_27,Banerjee et al. ,Targeting the Ultra Poor (TUP),66,18,1,1,1,1,1,1,1,1,Income,Income,Livestock revenue ,0,Treati-represents assignment to the TUP program.,page: 482; table: 3; table label: Table 3—Monthly Income and Revenue; row label: Panel B. Endline 3 (seven years) Treatment; column label: Livestock revenue (1),27.262,5.158,5.29,,,NA,,,NA,,,869,2,0,869,6,0.358588604,0.358588604,0.358485175,0.004639984,0.999134699,0.004635969,0.068087954,0.225032786,0.491937564,0,no mention of the control receiving components from other programs,0,"no req as lead recipient but considered as part of the eligibility criteria: ""Bandhan then verified eligibility per seven criteria: (i) presence of an able-bodied female member (to manage the asset), (ii) no credit access... Households had to meet the first two criteria and at least three of the remaining five in order to be eligible for the TUP intervention"" (p.474)",10,India TUP,India TUP (Targeting the Ultra Poor),0,"UoR: household level p474
UoA: household level p475",2021,Banerjee et al.  (2021) India TUP,India,,,,,,,,,,,,,,,,,,,,,,,,,,,,,,,,,,,,,,,,,,,,,,,,,,,,,,,,,,,,,,,,,,,,,,,,,,,,,,,,,,,,,,,,,,,,,,,,,,,,,,,,,,,,,,,,,,,,,,,,,,,,,,,,,,,,,,,,,,,,,,,,,,,,,,,,,,,,,,,,,,,,,,,,,,,,,,,
Farzana,"The table neither report q-valur nor p-value. This should be Panel D, not Panel B. I extracted it for Panel D as it mentioned 10 years.",121295229,121295229_28,Banerjee et al. ,Targeting the Ultra Poor (TUP),102,18,1,1,1,1,1,1,1,1,Income,Income,Livestock revenue ,0,Treati-represents assignment to the TUP program.,page: 482; table: 3; table label: Table 3—Monthly Income and Revenue; row label: Panel B. Endline 3 (ten years) Treatment; column label: Livestock revenue (1),16.71,8.756,1.91,,,NA,,,NA,,,885,2,0,885,6,0.128300709,0.128300709,0.128264374,0.004524424,0.999150382,0.00452058,0.067235259,-0.003516733,0.260045481,0,no mention of the control receiving components from other programs,0,"no req as lead recipient but considered as part of the eligibility criteria: ""Bandhan then verified eligibility per seven criteria: (i) presence of an able-bodied female member (to manage the asset), (ii) no credit access... Households had to meet the first two criteria and at least three of the remaining five in order to be eligible for the TUP intervention"" (p.474)",10,India TUP,India TUP (Targeting the Ultra Poor),0,"UoR: household level p474
UoA: household level p475",2021,Banerjee et al.  (2021) India TUP,India,,,,,,,,,,,,,,,,,,,,,,,,,,,,,,,,,,,,,,,,,,,,,,,,,,,,,,,,,,,,,,,,,,,,,,,,,,,,,,,,,,,,,,,,,,,,,,,,,,,,,,,,,,,,,,,,,,,,,,,,,,,,,,,,,,,,,,,,,,,,,,,,,,,,,,,,,,,,,,,,,,,,,,,,,,,,,,,
Farzana,The table neither report q-valur nor p-value.,121295229,121295229_29,Banerjee et al. ,Targeting the Ultra Poor (TUP),0,18,1,1,1,1,1,1,1,1,Income,Income,Nonfarm microenterprise income ,0,Treati-represents assignment to the TUP program.,page: 482; table: 3; table label: Table 3—Monthly Income and Revenue; row label: Panel A. Endline 1 (18 months) Treatment; column label: Nonfarm microenterprise income (2),7.927,4.538,1.75,,,NA,,,NA,,,814,2,0,814,6,0.12245095,0.12245095,0.122413238,0.00491861,0.99907607,0.004914066,0.070100396,-0.014983539,0.259810015,0,no mention of the control receiving components from other programs,0,"no req as lead recipient but considered as part of the eligibility criteria: ""Bandhan then verified eligibility per seven criteria: (i) presence of an able-bodied female member (to manage the asset), (ii) no credit access... Households had to meet the first two criteria and at least three of the remaining five in order to be eligible for the TUP intervention"" (p.474)",10,India TUP,India TUP (Targeting the Ultra Poor),0,"UoR: household level p474
UoA: household level p475",2021,Banerjee et al.  (2021) India TUP,India,,,,,,,,,,,,,,,,,,,,,,,,,,,,,,,,,,,,,,,,,,,,,,,,,,,,,,,,,,,,,,,,,,,,,,,,,,,,,,,,,,,,,,,,,,,,,,,,,,,,,,,,,,,,,,,,,,,,,,,,,,,,,,,,,,,,,,,,,,,,,,,,,,,,,,,,,,,,,,,,,,,,,,,,,,,,,,,
Farzana,"The paper reports q-values (FDR-adjusted p-values) instead of raw p-values. I used q-value in the p-value column.This should be Panel C, not Panel B. I extracted it for Panel C as it mentioned 7 years.",121295229,121295229_3,Banerjee et al. ,Targeting the Ultra Poor (TUP),66,18,1,1,1,1,1,1,1,1,Assets,Assets,Asset index,0,Treati-represents assignment to the TUP program.,page: 478; table: 1; table label: Table 1—Effect on Household and Adult Outcomes; row label: Panel B. Endline 3 (seven years) Treatment; column label: Asset index (1),0.814,0.132,6.17,,,0.001,,,NA,,,807,2,0,807,6,0.434153895,0.434153895,0.434019023,0.005015022,0.999068034,0.005010348,0.07078381,0.295282756,0.57275529,0,no mention of the control receiving components from other programs,0,"no req as lead recipient but considered as part of the eligibility criteria: ""Bandhan then verified eligibility per seven criteria: (i) presence of an able-bodied female member (to manage the asset), (ii) no credit access... Households had to meet the first two criteria and at least three of the remaining five in order to be eligible for the TUP intervention"" (p.474)",10,India TUP,India TUP (Targeting the Ultra Poor),0,"UoR: household level p474
UoA: household level p475",2021,Banerjee et al.  (2021) India TUP,India,,,,,,,,,,,,,,,,,,,,,,,,,,,,,,,,,,,,,,,,,,,,,,,,,,,,,,,,,,,,,,,,,,,,,,,,,,,,,,,,,,,,,,,,,,,,,,,,,,,,,,,,,,,,,,,,,,,,,,,,,,,,,,,,,,,,,,,,,,,,,,,,,,,,,,,,,,,,,,,,,,,,,,,,,,,,,,,
Farzana,The table neither report q-valur nor p-value.,121295229,121295229_30,Banerjee et al. ,Targeting the Ultra Poor (TUP),18,18,1,1,1,1,1,1,1,1,Income,Income,Nonfarm microenterprise income ,0,Treati-represents assignment to the TUP program.,page: 482; table: 3; table label: Table 3—Monthly Income and Revenue; row label: Panel B. Endline 2 (three years) Treatment; column label: Nonfarm microenterprise income (2),25.116,6.257,4.01,,,NA,,,NA,,,875,2,0,875,6,0.271400278,0.271400278,0.271322535,0.004592474,0.999140647,0.004588527,0.067738668,0.138554745,0.404090325,0,no mention of the control receiving components from other programs,0,"no req as lead recipient but considered as part of the eligibility criteria: ""Bandhan then verified eligibility per seven criteria: (i) presence of an able-bodied female member (to manage the asset), (ii) no credit access... Households had to meet the first two criteria and at least three of the remaining five in order to be eligible for the TUP intervention"" (p.474)",10,India TUP,India TUP (Targeting the Ultra Poor),0,"UoR: household level p474
UoA: household level p475",2021,Banerjee et al.  (2021) India TUP,India,,,,,,,,,,,,,,,,,,,,,,,,,,,,,,,,,,,,,,,,,,,,,,,,,,,,,,,,,,,,,,,,,,,,,,,,,,,,,,,,,,,,,,,,,,,,,,,,,,,,,,,,,,,,,,,,,,,,,,,,,,,,,,,,,,,,,,,,,,,,,,,,,,,,,,,,,,,,,,,,,,,,,,,,,,,,,,,
Farzana,"The table neither report q-valur nor p-value.This should be Panel C, not Panel B. I extracted it for Panel C as it mentioned 7 years.",121295229,121295229_31,Banerjee et al. ,Targeting the Ultra Poor (TUP),66,18,1,1,1,1,1,1,1,1,Income,Income,Nonfarm microenterprise income ,0,Treati-represents assignment to the TUP program.,page: 482; table: 3; table label: Table 3—Monthly Income and Revenue; row label: Panel B. Endline 3 (seven years) Treatment; column label: Nonfarm microenterprise income (2),67.592,14.264,4.74,,,NA,,,NA,,,869,2,0,869,6,0.32149489,0.32149489,0.32140216,0.004632727,0.999134699,0.004628718,0.068034684,0.188054179,0.454750141,0,no mention of the control receiving components from other programs,0,"no req as lead recipient but considered as part of the eligibility criteria: ""Bandhan then verified eligibility per seven criteria: (i) presence of an able-bodied female member (to manage the asset), (ii) no credit access... Households had to meet the first two criteria and at least three of the remaining five in order to be eligible for the TUP intervention"" (p.474)",10,India TUP,India TUP (Targeting the Ultra Poor),0,"UoR: household level p474
UoA: household level p475",2021,Banerjee et al.  (2021) India TUP,India,,,,,,,,,,,,,,,,,,,,,,,,,,,,,,,,,,,,,,,,,,,,,,,,,,,,,,,,,,,,,,,,,,,,,,,,,,,,,,,,,,,,,,,,,,,,,,,,,,,,,,,,,,,,,,,,,,,,,,,,,,,,,,,,,,,,,,,,,,,,,,,,,,,,,,,,,,,,,,,,,,,,,,,,,,,,,,,
Farzana,"The table neither report q-valur nor p-value. This should be Panel D, not Panel B. I extracted it for Panel D as it mentioned 10 years.",121295229,121295229_32,Banerjee et al. ,Targeting the Ultra Poor (TUP),102,18,1,1,1,1,1,1,1,1,Income,Income,Nonfarm microenterprise income ,0,Treati-represents assignment to the TUP program.,page: 482; table: 3; table label: Table 3—Monthly Income and Revenue; row label: Panel B. Endline 3 (ten years) Treatment; column label: Nonfarm microenterprise income (2),36.816,14.259,2.58,,,NA,,,NA,,,885,2,0,885,6,0.173582481,0.173582481,0.173533322,0.004528286,0.999150382,0.004524438,0.067263945,0.04169599,0.305370653,0,no mention of the control receiving components from other programs,0,"no req as lead recipient but considered as part of the eligibility criteria: ""Bandhan then verified eligibility per seven criteria: (i) presence of an able-bodied female member (to manage the asset), (ii) no credit access... Households had to meet the first two criteria and at least three of the remaining five in order to be eligible for the TUP intervention"" (p.474)",10,India TUP,India TUP (Targeting the Ultra Poor),0,"UoR: household level p474
UoA: household level p475",2021,Banerjee et al.  (2021) India TUP,India,,,,,,,,,,,,,,,,,,,,,,,,,,,,,,,,,,,,,,,,,,,,,,,,,,,,,,,,,,,,,,,,,,,,,,,,,,,,,,,,,,,,,,,,,,,,,,,,,,,,,,,,,,,,,,,,,,,,,,,,,,,,,,,,,,,,,,,,,,,,,,,,,,,,,,,,,,,,,,,,,,,,,,,,,,,,,,,
Farzana,The table neither report q-valur nor p-value.,121295229,121295229_33,Banerjee et al. ,Targeting the Ultra Poor (TUP),0,18,1,1,1,1,1,1,1,1,Assets,Assets,Productive asset index,0,Treati-represents assignment to the TUP program.,page: 482; table: 3; table label: Table 3—Monthly Income and Revenue; row label: Panel A. Endline 1 (18 months) Treatment; column label: Productive asset index (4),0.444,0.086,5.16,,,NA,,,NA,,,681,2,0,681,6,0.395677139,0.395677139,0.395531401,0.00593119,0.998895028,0.005924636,0.076971656,0.244666956,0.546395846,0,no mention of the control receiving components from other programs,0,"no req as lead recipient but considered as part of the eligibility criteria: ""Bandhan then verified eligibility per seven criteria: (i) presence of an able-bodied female member (to manage the asset), (ii) no credit access... Households had to meet the first two criteria and at least three of the remaining five in order to be eligible for the TUP intervention"" (p.474)",10,India TUP,India TUP (Targeting the Ultra Poor),0,"UoR: household level p474
UoA: household level p475",2021,Banerjee et al.  (2021) India TUP,India,,,,,,,,,,,,,,,,,,,,,,,,,,,,,,,,,,,,,,,,,,,,,,,,,,,,,,,,,,,,,,,,,,,,,,,,,,,,,,,,,,,,,,,,,,,,,,,,,,,,,,,,,,,,,,,,,,,,,,,,,,,,,,,,,,,,,,,,,,,,,,,,,,,,,,,,,,,,,,,,,,,,,,,,,,,,,,,
Farzana,The table neither report q-valur nor p-value.,121295229,121295229_34,Banerjee et al. ,Targeting the Ultra Poor (TUP),18,18,1,1,1,1,1,1,1,1,Assets,Assets,Productive asset index,0,Treati-represents assignment to the TUP program.,page: 482; table: 3; table label: Table 3—Monthly Income and Revenue; row label: Panel B. Endline 2 (three years) Treatment; column label: Productive asset index (4),0.571,0.072,7.93,,,NA,,,NA,,,875,2,0,875,6,0.536203422,0.536203422,0.536049826,0.004653575,0.999140647,0.004649576,0.068187802,0.402401733,0.669697918,0,no mention of the control receiving components from other programs,0,"no req as lead recipient but considered as part of the eligibility criteria: ""Bandhan then verified eligibility per seven criteria: (i) presence of an able-bodied female member (to manage the asset), (ii) no credit access... Households had to meet the first two criteria and at least three of the remaining five in order to be eligible for the TUP intervention"" (p.474)",10,India TUP,India TUP (Targeting the Ultra Poor),0,"UoR: household level p474
UoA: household level p475",2021,Banerjee et al.  (2021) India TUP,India,,,,,,,,,,,,,,,,,,,,,,,,,,,,,,,,,,,,,,,,,,,,,,,,,,,,,,,,,,,,,,,,,,,,,,,,,,,,,,,,,,,,,,,,,,,,,,,,,,,,,,,,,,,,,,,,,,,,,,,,,,,,,,,,,,,,,,,,,,,,,,,,,,,,,,,,,,,,,,,,,,,,,,,,,,,,,,,
Farzana,"The table neither report q-valur nor p-value.This should be Panel C, not Panel B. I extracted it for Panel C as it mentioned 7 years.",121295229,121295229_35,Banerjee et al. ,Targeting the Ultra Poor (TUP),66,18,1,1,1,1,1,1,1,1,Assets,Assets,Productive asset index,0,Treati-represents assignment to the TUP program.,page: 482; table: 3; table label: Table 3—Monthly Income and Revenue; row label: Panel B. Endline 3 (seven years) Treatment; column label: Productive asset index (4),0.795,0.083,9.58,,,NA,,,NA,,,807,2,0,807,6,0.674345191,0.674345191,0.674135702,0.005097504,0.999068034,0.005092753,0.071363526,0.534263191,0.814008213,0,no mention of the control receiving components from other programs,0,"no req as lead recipient but considered as part of the eligibility criteria: ""Bandhan then verified eligibility per seven criteria: (i) presence of an able-bodied female member (to manage the asset), (ii) no credit access... Households had to meet the first two criteria and at least three of the remaining five in order to be eligible for the TUP intervention"" (p.474)",10,India TUP,India TUP (Targeting the Ultra Poor),0,"UoR: household level p474
UoA: household level p475",2021,Banerjee et al.  (2021) India TUP,India,,,,,,,,,,,,,,,,,,,,,,,,,,,,,,,,,,,,,,,,,,,,,,,,,,,,,,,,,,,,,,,,,,,,,,,,,,,,,,,,,,,,,,,,,,,,,,,,,,,,,,,,,,,,,,,,,,,,,,,,,,,,,,,,,,,,,,,,,,,,,,,,,,,,,,,,,,,,,,,,,,,,,,,,,,,,,,,
Farzana,"The table neither report q-valur nor p-value. This should be Panel D, not Panel B. I extracted it for Panel D as it mentioned 10 years.",121295229,121295229_36,Banerjee et al. ,Targeting the Ultra Poor (TUP),102,18,1,1,1,1,1,1,1,1,Assets,Assets,Productive asset index,0,Treati-represents assignment to the TUP program.,page: 482; table: 3; table label: Table 3—Monthly Income and Revenue; row label: Panel B. Endline 3 (ten years) Treatment; column label: Productive asset index (4),0.197,0.105,1.88,,,NA,,,NA,,,885,2,0,885,6,0.126134906,0.126134906,0.126099184,0.004524268,0.999150382,0.004520424,0.067234102,-0.005679656,0.257878024,0,no mention of the control receiving components from other programs,0,"no req as lead recipient but considered as part of the eligibility criteria: ""Bandhan then verified eligibility per seven criteria: (i) presence of an able-bodied female member (to manage the asset), (ii) no credit access... Households had to meet the first two criteria and at least three of the remaining five in order to be eligible for the TUP intervention"" (p.474)",10,India TUP,India TUP (Targeting the Ultra Poor),0,"UoR: household level p474
UoA: household level p475",2021,Banerjee et al.  (2021) India TUP,India,,,,,,,,,,,,,,,,,,,,,,,,,,,,,,,,,,,,,,,,,,,,,,,,,,,,,,,,,,,,,,,,,,,,,,,,,,,,,,,,,,,,,,,,,,,,,,,,,,,,,,,,,,,,,,,,,,,,,,,,,,,,,,,,,,,,,,,,,,,,,,,,,,,,,,,,,,,,,,,,,,,,,,,,,,,,,,,
Farzana,"The paper reports q-values (FDR-adjusted p-values) instead of raw p-values. I used q-value in the p-value column. This should be Panel D, not Panel B. I extracted it for Panel D as it mentioned 10 years.",121295229,121295229_4,Banerjee et al. ,Targeting the Ultra Poor (TUP),102,18,1,1,1,1,1,1,1,1,Assets,Assets,Asset index,0,Treati-represents assignment to the TUP program.,page: 478; table: 1; table label: Table 1—Effect on Household and Adult Outcomes; row label: Panel B. Endline 3 (ten years) Treatment; column label: Asset index (1),0.346,0.121,2.86,,,0.005,,,NA,,,885,2,0,885,6,0.19224236,0.19224236,0.192187916,0.004530214,0.999150382,0.004526365,0.067278265,0.060322516,0.324053315,0,no mention of the control receiving components from other programs,0,"no req as lead recipient but considered as part of the eligibility criteria: ""Bandhan then verified eligibility per seven criteria: (i) presence of an able-bodied female member (to manage the asset), (ii) no credit access... Households had to meet the first two criteria and at least three of the remaining five in order to be eligible for the TUP intervention"" (p.474)",10,India TUP,India TUP (Targeting the Ultra Poor),0,"UoR: household level p474
UoA: household level p475",2021,Banerjee et al.  (2021) India TUP,India,,,,,,,,,,,,,,,,,,,,,,,,,,,,,,,,,,,,,,,,,,,,,,,,,,,,,,,,,,,,,,,,,,,,,,,,,,,,,,,,,,,,,,,,,,,,,,,,,,,,,,,,,,,,,,,,,,,,,,,,,,,,,,,,,,,,,,,,,,,,,,,,,,,,,,,,,,,,,,,,,,,,,,,,,,,,,,,
Farzana,The paper reports q-values (FDR-adjusted p-values) instead of raw p-values. I used q-value in the p-value column,121295229,121295229_5,Banerjee et al. ,Targeting the Ultra Poor (TUP),0,18,1,1,1,1,1,1,1,1,Expenditure,Expenditure,Per capita consumption,0,Treati-represents assignment to the TUP program.,page: 478; table: 1; table label: Table 1—Effect on Household and Adult Outcomes; row label: Panel A. Endline 1 (18 months) Treatment; column label: Per capita consumption (2),0.311,0.076,4.09,,,0.001,,,NA,,,813,2,0,813,6,0.287032795,0.287032795,0.286944286,0.004945384,0.999074931,0.004940809,0.070290888,0.149174147,0.424714426,0,no mention of the control receiving components from other programs,0,"no req as lead recipient but considered as part of the eligibility criteria: ""Bandhan then verified eligibility per seven criteria: (i) presence of an able-bodied female member (to manage the asset), (ii) no credit access... Households had to meet the first two criteria and at least three of the remaining five in order to be eligible for the TUP intervention"" (p.474)",10,India TUP,India TUP (Targeting the Ultra Poor),0,"UoR: household level p474
UoA: household level p475",2021,Banerjee et al.  (2021) India TUP,India,,,,,,,,,Not food expenditure outcome,,,,,,,,,,,,,,,,,,,,,,,,,,,,,,,,,,,,,,,,,,,,,,,,,,,,,,,,,,,,,,,,,,,,,,,,,,,,,,,,,,,,,,,,,,,,,,,,,,,,,,,,,,,,,,,,,,,,,,,,,,,,,,,,,,,,,,,,,,,,,,,,,,,,,,,,,,,,,,,,,,,,,,
Farzana,The paper reports q-values (FDR-adjusted p-values) instead of raw p-values. I used q-value in the p-value column,121295229,121295229_6,Banerjee et al. ,Targeting the Ultra Poor (TUP),18,18,1,1,1,1,1,1,1,1,Expenditure,Expenditure,Per capita consumption,0,Treati-represents assignment to the TUP program.,page: 478; table: 1; table label: Table 1—Effect on Household and Adult Outcomes; row label: Panel B. Endline 2 (three years) Treatment; column label: Per capita consumption (2),0.292,0.079,3.70,,,0.001,,,NA,,,875,2,0,875,6,0.249908904,0.249908904,0.249837317,0.004589273,0.999140647,0.004585329,0.067715057,0.117115806,0.382558828,0,no mention of the control receiving components from other programs,0,"no req as lead recipient but considered as part of the eligibility criteria: ""Bandhan then verified eligibility per seven criteria: (i) presence of an able-bodied female member (to manage the asset), (ii) no credit access... Households had to meet the first two criteria and at least three of the remaining five in order to be eligible for the TUP intervention"" (p.474)",10,India TUP,India TUP (Targeting the Ultra Poor),0,"UoR: household level p474
UoA: household level p475",2021,Banerjee et al.  (2021) India TUP,India,,,,,,,,,Not food expenditure outcome,,,,,,,,,,,,,,,,,,,,,,,,,,,,,,,,,,,,,,,,,,,,,,,,,,,,,,,,,,,,,,,,,,,,,,,,,,,,,,,,,,,,,,,,,,,,,,,,,,,,,,,,,,,,,,,,,,,,,,,,,,,,,,,,,,,,,,,,,,,,,,,,,,,,,,,,,,,,,,,,,,,,,,
Farzana,"The paper reports q-values (FDR-adjusted p-values) instead of raw p-values. I used q-value in the p-value column.This should be Panel C, not Panel B. I extracted it for Panel C as it mentioned 7 years.",121295229,121295229_7,Banerjee et al. ,Targeting the Ultra Poor (TUP),66,18,1,1,1,1,1,1,1,1,Expenditure,Expenditure,Per capita consumption,0,Treati-represents assignment to the TUP program.,page: 478; table: 1; table label: Table 1—Effect on Household and Adult Outcomes; row label: Panel B. Endline 3 (seven years) Treatment; column label: Per capita consumption (2),0.717,0.125,5.74,,,0.001,,,NA,,,867,2,0,867,6,0.389609546,0.389609546,0.38949691,0.004657381,0.999132697,0.004653341,0.068215403,0.255794721,0.523199099,0,no mention of the control receiving components from other programs,0,"no req as lead recipient but considered as part of the eligibility criteria: ""Bandhan then verified eligibility per seven criteria: (i) presence of an able-bodied female member (to manage the asset), (ii) no credit access... Households had to meet the first two criteria and at least three of the remaining five in order to be eligible for the TUP intervention"" (p.474)",10,India TUP,India TUP (Targeting the Ultra Poor),0,"UoR: household level p474
UoA: household level p475",2021,Banerjee et al.  (2021) India TUP,India,,,,,,,,,Not food expenditure outcome,,,,,,,,,,,,,,,,,,,,,,,,,,,,,,,,,,,,,,,,,,,,,,,,,,,,,,,,,,,,,,,,,,,,,,,,,,,,,,,,,,,,,,,,,,,,,,,,,,,,,,,,,,,,,,,,,,,,,,,,,,,,,,,,,,,,,,,,,,,,,,,,,,,,,,,,,,,,,,,,,,,,,,
Farzana,"The paper reports q-values (FDR-adjusted p-values) instead of raw p-values. I used q-value in the p-value column. This should be Panel D, not Panel B. I extracted it for Panel D as it mentioned 10 years.",121295229,121295229_8,Banerjee et al. ,Targeting the Ultra Poor (TUP),102,18,1,1,1,1,1,1,1,1,Expenditure,Expenditure,Per capita consumption,0,Treati-represents assignment to the TUP program.,page: 478; table: 1; table label: Table 1—Effect on Household and Adult Outcomes; row label: Panel B. Endline 3 (ten years) Treatment; column label: Per capita consumption (2),0.579,0.175,3.31,,,0.002,,,NA,,,880,2,0,880,6,0.22306384,0.22306384,0.223000307,0.00455959,0.999145543,0.004555694,0.067495883,0.090708377,0.355292238,0,no mention of the control receiving components from other programs,0,"no req as lead recipient but considered as part of the eligibility criteria: ""Bandhan then verified eligibility per seven criteria: (i) presence of an able-bodied female member (to manage the asset), (ii) no credit access... Households had to meet the first two criteria and at least three of the remaining five in order to be eligible for the TUP intervention"" (p.474)",10,India TUP,India TUP (Targeting the Ultra Poor),0,"UoR: household level p474
UoA: household level p475",2021,Banerjee et al.  (2021) India TUP,India,,,,,,,,,Not food expenditure outcome,,,,,,,,,,,,,,,,,,,,,,,,,,,,,,,,,,,,,,,,,,,,,,,,,,,,,,,,,,,,,,,,,,,,,,,,,,,,,,,,,,,,,,,,,,,,,,,,,,,,,,,,,,,,,,,,,,,,,,,,,,,,,,,,,,,,,,,,,,,,,,,,,,,,,,,,,,,,,,,,,,,,,,
Farzana,The paper reports q-values (FDR-adjusted p-values) instead of raw p-values. I used q-value in the p-value column,121295229,121295229_9,Banerjee et al. ,Targeting the Ultra Poor (TUP),0,18,1,1,1,1,1,1,1,1,Income,Income,Income and revenues,0,Treati-represents assignment to the TUP program.,page: 478; table: 1; table label: Table 1—Effect on Household and Adult Outcomes; row label: Panel A. Endline 1 (18 months) Treatment; column label: Income and revenues (4),0.145,0.075,1.93,,,0.041,,,NA,,,814,2,0,814,6,0.135526597,0.135526597,0.135484858,0.004919646,0.99907607,0.004915101,0.070107779,-0.001926389,0.272896104,0,no mention of the control receiving components from other programs,0,"no req as lead recipient but considered as part of the eligibility criteria: ""Bandhan then verified eligibility per seven criteria: (i) presence of an able-bodied female member (to manage the asset), (ii) no credit access... Households had to meet the first two criteria and at least three of the remaining five in order to be eligible for the TUP intervention"" (p.474)",10,India TUP,India TUP (Targeting the Ultra Poor),0,"UoR: household level p474
UoA: household level p475",2021,Banerjee et al.  (2021) India TUP,India,,,,,,,,,,,,,,,,,,,,,,,,,,,,,,,,,,,,,,,,,,,,,,,,,,,,,,,,,,,,,,,,,,,,,,,,,,,,,,,,,,,,,,,,,,,,,,,,,,,,,,,,,,,,,,,,,,,,,,,,,,,,,,,,,,,,,,,,,,,,,,,,,,,,,,,,,,,,,,,,,,,,,,,,,,,,,,,
Farzana,P value is not reported. Observtion is not reported in the table.,121347787,121347787_1,Das et al.,Targeting Hardcore Poor (THP),0,24,1,1,1,1,1,1,1,0,Assets,Assets,"Productive assets (Number of cows)- Land, cows, goats, chickens, sewing machines, savings",0,THP,"Page 1115; Table 1: PSM impact estimates for productive assets; Rows: number of cows, Column: Difference (ATT) (Column 3) ",0.04,0.08,0.58,,,Not significant,,,,99,101,200,1,0,200,5,0.082623976,0.082623976,0.082519521,0.020008533,0.996207332,0.019932648,0.141183029,-0.194199216,0.359238258,0,no mention of the control receiving components from other programs,0,"no req as lead recipient, but part of eligibility criteria: ""(i) monthly household income cannot be more than Rs.1000, (ii) the family has no physically active male member who can work and earn, (iii) the family has a physically active woman as primary earner who can undertake economic activities and can grow enterprises, (iv) the household has not taken any loans from a formal or an informal institution, and (v) the household is not adequately supported by the Government or NGOs. A household must meet all these selection criteria to be eligible for the programme support."" (p.1110)",10,India TUP,India THP (Targeting Hardcore Poor),0,Not RCT,2022,Das et al. (2022) India TUP,India,,,,,,,,,,,,,,,,,,,,,,,,,,,,,,,,,,,,,,,,,,,,,,,,,,,,,,,,,,,,,,,,,,,,,,,,,,,,,,,,,,,,,,,,,,,,,,,,,,,,,,,,,,,,,,,,,,,,,,,,,,,,,,,,,,,,,,,,,,,,,,,,,,,,,,,,,,,,,,,,,,,,,,,,,,,,,,,
Farzana,P value is not reported. Observtion is not reported in the table.,121347787,121347787_10,Das et al.,Targeting Hardcore Poor (THP),0,24,1,1,1,1,1,1,1,0,Assets,Assets,Durable assets (no. of Bicycle) ,0,THP,Page 1117; Table 4: PSM impact estimates for durable assets; Row: Bicycles ; Column: Difference (ATT) Column 3 ,0.356,0.09,3.83,,,Not significant,,,,99,101,200,1,0,200,5,0.541964697,0.541964697,0.541279533,0.020367157,0.996207332,0.020289911,0.14244266,0.26209192,0.820467146,0,no mention of the control receiving components from other programs,0,"no req as lead recipient, but part of eligibility criteria: ""(i) monthly household income cannot be more than Rs.1000, (ii) the family has no physically active male member who can work and earn, (iii) the family has a physically active woman as primary earner who can undertake economic activities and can grow enterprises, (iv) the household has not taken any loans from a formal or an informal institution, and (v) the household is not adequately supported by the Government or NGOs. A household must meet all these selection criteria to be eligible for the programme support."" (p.1110)",10,India TUP,India THP (Targeting Hardcore Poor),0,Not RCT,2022,Das et al. (2022) India TUP,India,,,,,,,,,,,,,,,,,,,,,,,,,,,,,,,,,,,,,,,,,,,,,,,,,,,,,,,,,,,,,,,,,,,,,,,,,,,,,,,,,,,,,,,,,,,,,,,,,,,,,,,,,,,,,,,,,,,,,,,,,,,,,,,,,,,,,,,,,,,,,,,,,,,,,,,,,,,,,,,,,,,,,,,,,,,,,,,
Farzana,P value is not reported. Observtion is not reported in the table.,121347787,121347787_11,Das et al.,Targeting Hardcore Poor (THP),0,24,1,1,1,1,1,1,1,0,Assets,Assets,Durable assets (no. of Chairs) ,0,THP,Page 1117; Table 4: PSM impact estimates for durable assets; Row: Chairs ; Column: Difference (ATT) Column 3 ,0.36,0.15,2.31,,,** p < 0.05,,,,99,101,200,1,0,200,5,0.326938444,0.326938444,0.326525121,0.020133611,0.996207332,0.020057251,0.141623624,0.048942818,0.604107423,0,no mention of the control receiving components from other programs,0,"no req as lead recipient, but part of eligibility criteria: ""(i) monthly household income cannot be more than Rs.1000, (ii) the family has no physically active male member who can work and earn, (iii) the family has a physically active woman as primary earner who can undertake economic activities and can grow enterprises, (iv) the household has not taken any loans from a formal or an informal institution, and (v) the household is not adequately supported by the Government or NGOs. A household must meet all these selection criteria to be eligible for the programme support."" (p.1110)",10,India TUP,India THP (Targeting Hardcore Poor),0,Not RCT,2022,Das et al. (2022) India TUP,India,,,,,,,,,,,,,,,,,,,,,,,,,,,,,,,,,,,,,,,,,,,,,,,,,,,,,,,,,,,,,,,,,,,,,,,,,,,,,,,,,,,,,,,,,,,,,,,,,,,,,,,,,,,,,,,,,,,,,,,,,,,,,,,,,,,,,,,,,,,,,,,,,,,,,,,,,,,,,,,,,,,,,,,,,,,,,,,
Farzana,P value is not reported. Observtion is not reported in the table.,121347787,121347787_12,Das et al.,Targeting Hardcore Poor (THP),0,24,1,1,1,1,1,1,1,0,Assets,Assets,Durable assets (no. of Tables) ,0,THP,Page 1117; Table 4: PSM impact estimates for durable assets; Row: Tables ; Column: Difference (ATT) Column 3 ,0.105,0.057,1.84,,,* p < 0.10,,,,99,101,200,1,0,200,5,0.260526051,0.260526051,0.260196688,0.020084842,0.996207332,0.020008667,0.141451996,-0.017049224,0.5374426,0,no mention of the control receiving components from other programs,0,"no req as lead recipient, but part of eligibility criteria: ""(i) monthly household income cannot be more than Rs.1000, (ii) the family has no physically active male member who can work and earn, (iii) the family has a physically active woman as primary earner who can undertake economic activities and can grow enterprises, (iv) the household has not taken any loans from a formal or an informal institution, and (v) the household is not adequately supported by the Government or NGOs. A household must meet all these selection criteria to be eligible for the programme support."" (p.1110)",10,India TUP,India THP (Targeting Hardcore Poor),0,Not RCT,2022,Das et al. (2022) India TUP,India,,,,,,,,,,,,,,,,,,,,,,,,,,,,,,,,,,,,,,,,,,,,,,,,,,,,,,,,,,,,,,,,,,,,,,,,,,,,,,,,,,,,,,,,,,,,,,,,,,,,,,,,,,,,,,,,,,,,,,,,,,,,,,,,,,,,,,,,,,,,,,,,,,,,,,,,,,,,,,,,,,,,,,,,,,,,,,,
Farzana,P value is not reported. Observtion is not reported in the table.,121347787,121347787_2,Das et al.,Targeting Hardcore Poor (THP),0,24,1,1,1,1,1,1,1,0,Assets,Assets,"Productive assets (Number of goats/sheep)-Land, cows, goats, chickens, sewing machines, savings",0,THP,"Page 1115; Table 1: PSM impact estimates for productive assets; Rows: number of goats/sheep, Column: Difference (ATT) (Column 3) ",1.53,0.27,5.62,,,*** p < 0.01,,,,99,101,200,1,0,200,5,0.794175018,0.794175018,0.793171004,0.020788392,0.996207332,0.020709549,0.143908127,0.511111075,1.075230933,0,no mention of the control receiving components from other programs,0,"no req as lead recipient, but part of eligibility criteria: ""(i) monthly household income cannot be more than Rs.1000, (ii) the family has no physically active male member who can work and earn, (iii) the family has a physically active woman as primary earner who can undertake economic activities and can grow enterprises, (iv) the household has not taken any loans from a formal or an informal institution, and (v) the household is not adequately supported by the Government or NGOs. A household must meet all these selection criteria to be eligible for the programme support."" (p.1110)",10,India TUP,India THP (Targeting Hardcore Poor),0,Not RCT,2022,Das et al. (2022) India TUP,India,,,,,,,,,,,,,,,,,,,,,,,,,,,,,,,,,,,,,,,,,,,,,,,,,,,,,,,,,,,,,,,,,,,,,,,,,,,,,,,,,,,,,,,,,,,,,,,,,,,,,,,,,,,,,,,,,,,,,,,,,,,,,,,,,,,,,,,,,,,,,,,,,,,,,,,,,,,,,,,,,,,,,,,,,,,,,,,
Farzana,P value is not reported. Observtion is not reported in the table.,121347787,121347787_3,Das et al.,Targeting Hardcore Poor (THP),0,24,1,1,1,1,1,1,1,0,Assets,Assets,"Productive assets (Number of chickens) -Land, cows, goats, chickens, sewing machines, savings",0,THP,"Page 1115; Table 1: PSM impact estimates for productive assets; Rows: number of chickens, Column: Difference (ATT) (Column 3) ",1.19,0.55,2.17,,,** p < 0.05,,,,99,101,200,1,0,200,5,0.307464366,0.307464366,0.307075663,0.020118168,0.996207332,0.020041866,0.141569299,0.029599837,0.584551489,0,no mention of the control receiving components from other programs,0,"no req as lead recipient, but part of eligibility criteria: ""(i) monthly household income cannot be more than Rs.1000, (ii) the family has no physically active male member who can work and earn, (iii) the family has a physically active woman as primary earner who can undertake economic activities and can grow enterprises, (iv) the household has not taken any loans from a formal or an informal institution, and (v) the household is not adequately supported by the Government or NGOs. A household must meet all these selection criteria to be eligible for the programme support."" (p.1110)",10,India TUP,India THP (Targeting Hardcore Poor),0,Not RCT,2022,Das et al. (2022) India TUP,India,,,,,,,,,,,,,,,,,,,,,,,,,,,,,,,,,,,,,,,,,,,,,,,,,,,,,,,,,,,,,,,,,,,,,,,,,,,,,,,,,,,,,,,,,,,,,,,,,,,,,,,,,,,,,,,,,,,,,,,,,,,,,,,,,,,,,,,,,,,,,,,,,,,,,,,,,,,,,,,,,,,,,,,,,,,,,,,
Farzana,P value is not reported. Observtion is not reported in the table.,121347787,121347787_4,Das et al.,Targeting Hardcore Poor (THP),0,24,1,1,1,1,1,1,1,0,Assets,Assets,"Productive assets (Number of sewing machines) -Land, cows, goats, chickens, sewing machines, savings",0,THP,"Page 1115; Table 1: PSM impact estimates for productive assets; Rows: N. of sewing machines, Column: Difference (ATT) (Column 3) ",0.19,0.05,3.65,,,*** p < 0.01,,,,99,101,200,1,0,200,5,0.516757717,0.516757717,0.51610442,0.020333798,0.996207332,0.020256679,0.14232596,0.237145539,0.795063302,0,no mention of the control receiving components from other programs,0,"no req as lead recipient, but part of eligibility criteria: ""(i) monthly household income cannot be more than Rs.1000, (ii) the family has no physically active male member who can work and earn, (iii) the family has a physically active woman as primary earner who can undertake economic activities and can grow enterprises, (iv) the household has not taken any loans from a formal or an informal institution, and (v) the household is not adequately supported by the Government or NGOs. A household must meet all these selection criteria to be eligible for the programme support."" (p.1110)",10,India TUP,India THP (Targeting Hardcore Poor),0,Not RCT,2022,Das et al. (2022) India TUP,India,,,,,,,,,,,,,,,,,,,,,,,,,,,,,,,,,,,,,,,,,,,,,,,,,,,,,,,,,,,,,,,,,,,,,,,,,,,,,,,,,,,,,,,,,,,,,,,,,,,,,,,,,,,,,,,,,,,,,,,,,,,,,,,,,,,,,,,,,,,,,,,,,,,,,,,,,,,,,,,,,,,,,,,,,,,,,,,
Farzana,P value is not reported. Observtion is not reported in the table.,121347787,121347787_5,Das et al.,Targeting Hardcore Poor (THP),0,24,1,1,1,1,1,1,1,0,Assets,Assets,"Productive assets (Amount of cultivable land) -Land, cows, goats, chickens, sewing machines, savings",0,THP,"Page 1115; Table 1: PSM impact estimates for productive assets; Rows: Amount of cultivable land(deimals) , Column: Difference (ATT) (Column 3) ",0.86,0.34,2.53,,,** p < 0.05,,,,99,101,200,1,0,200,5,0.357951596,0.357951596,0.357499066,0.020160162,0.996207332,0.020083701,0.141716975,0.079733795,0.635264336,0,no mention of the control receiving components from other programs,0,"no req as lead recipient, but part of eligibility criteria: ""(i) monthly household income cannot be more than Rs.1000, (ii) the family has no physically active male member who can work and earn, (iii) the family has a physically active woman as primary earner who can undertake economic activities and can grow enterprises, (iv) the household has not taken any loans from a formal or an informal institution, and (v) the household is not adequately supported by the Government or NGOs. A household must meet all these selection criteria to be eligible for the programme support."" (p.1110)",10,India TUP,India THP (Targeting Hardcore Poor),0,Not RCT,2022,Das et al. (2022) India TUP,India,,,,,,,,,,,,,,,,,,,,,,,,,,,,,,,,,,,,,,,,,,,,,,,,,,,,,,,,,,,,,,,,,,,,,,,,,,,,,,,,,,,,,,,,,,,,,,,,,,,,,,,,,,,,,,,,,,,,,,,,,,,,,,,,,,,,,,,,,,,,,,,,,,,,,,,,,,,,,,,,,,,,,,,,,,,,,,,
Farzana,P value is not reported. Observtion is not reported in the table.,121347787,121347787_6,Das et al.,Targeting Hardcore Poor (THP),0,24,1,1,1,1,1,1,1,0,Income,Income ,Monthly household income(Rupees) -Total housheold inocme per month,0,THP,"Page 1116; Table 3: PSM impact estimates for income, savings, and food security and expenditures; Row: Monthly household income (Rs) ; Column: Difference (ATT) Column 3 ",1699.47,262.01,6.49,,,*** p < 0.01,,,,99,101,200,1,0,200,5,0.917344263,0.917344263,0.916184535,0.021051901,0.996207332,0.020972058,0.144817325,0.632342577,1.200026493,0,no mention of the control receiving components from other programs,0,"no req as lead recipient, but part of eligibility criteria: ""(i) monthly household income cannot be more than Rs.1000, (ii) the family has no physically active male member who can work and earn, (iii) the family has a physically active woman as primary earner who can undertake economic activities and can grow enterprises, (iv) the household has not taken any loans from a formal or an informal institution, and (v) the household is not adequately supported by the Government or NGOs. A household must meet all these selection criteria to be eligible for the programme support."" (p.1110)",10,India TUP,India THP (Targeting Hardcore Poor),0,Not RCT,2022,Das et al. (2022) India TUP,India,,,,,,,,,,,,,,,,,,,,,,,,,,,,,,,,,,,,,,,,,,,,,,,,,,,,,,,,,,,,,,,,,,,,,,,,,,,,,,,,,,,,,,,,,,,,,,,,,,,,,,,,,,,,,,,,,,,,,,,,,,,,,,,,,,,,,,,,,,,,,,,,,,,,,,,,,,,,,,,,,,,,,,,,,,,,,,,
Farzana,P value is not reported. Observtion is not reported in the table.,121347787,121347787_7,Das et al.,Targeting Hardcore Poor (THP),0,24,1,1,1,1,1,1,1,0,Savings,Savings ,Savings (Rupees) ,0,THP,"Page 1116; Table 3: PSM impact estimates for income, savings, and food security and expenditures; Row: Savings (Rs) ; Column: Difference (ATT) Column 3 ",5911.25,951.36,6.21,,,*** p < 0.01,,,,99,101,200,1,0,200,5,0.878761766,0.878761766,0.877650816,0.020965278,0.996207332,0.020885763,0.144519077,0.594393426,1.160908206,0,no mention of the control receiving components from other programs,0,"no req as lead recipient, but part of eligibility criteria: ""(i) monthly household income cannot be more than Rs.1000, (ii) the family has no physically active male member who can work and earn, (iii) the family has a physically active woman as primary earner who can undertake economic activities and can grow enterprises, (iv) the household has not taken any loans from a formal or an informal institution, and (v) the household is not adequately supported by the Government or NGOs. A household must meet all these selection criteria to be eligible for the programme support."" (p.1110)",10,India TUP,India THP (Targeting Hardcore Poor),0,Not RCT,2022,Das et al. (2022) India TUP,India,,,,,,,,,,,,,1,1,,,,,,,,,,,,,,,,,,,,,,,,,,,,,,,,,,,,,,,,,,,,,,,,,,,,,,,,,,,,,,,,,,,,,,,,,,,,,,,,,,,,,,,,,,,,,,,,,,,,,,,,,,,,,,,,,,,,,,,,,,,,,,,,,,,,,,,,,,,,,,,,,,,,,,,,,,,,,,,,,
Farzana,P value is not reported. Observtion is not reported in the table.,121347787,121347787_8,Das et al.,Targeting Hardcore Poor (THP),0,24,1,1,1,1,1,1,1,0,Expenditure,Expenditure ,Per capita daily food expenditure (Rupees) ,0,THP,"Page 1116; Table 3: PSM impact estimates for income, savings, and food security and expenditures; Row: Per capita daily food expenditure  (Rs) ; Column: Difference (ATT) Column 3 ",20.97,2.15,9.75,,,*** p < 0.01,,,,99,101,200,1,0,200,5,1.379420526,1.379420526,1.377676632,0.022378501,0.996207332,0.022293627,0.149310505,1.085028041,1.670325222,0,no mention of the control receiving components from other programs,0,"no req as lead recipient, but part of eligibility criteria: ""(i) monthly household income cannot be more than Rs.1000, (ii) the family has no physically active male member who can work and earn, (iii) the family has a physically active woman as primary earner who can undertake economic activities and can grow enterprises, (iv) the household has not taken any loans from a formal or an informal institution, and (v) the household is not adequately supported by the Government or NGOs. A household must meet all these selection criteria to be eligible for the programme support."" (p.1110)",10,India TUP,India THP (Targeting Hardcore Poor),0,Not RCT,2022,Das et al. (2022) India TUP,India,,,,,,,,1,Not selected for RE but selected for RVE as not longest follow up,,,,,,,,,,,,,,,,,,,,,,,,,,,,,,,,,,,,,,,,,,,,,,,,,,,,,,,,,,,,,,,,,,,,,,,,,,,,,,,,,,,,,,,,,,,,,,,,,,,,,,,,,,,,,,,,,,,,,,,,,,,,,,,,,,,,,,,,,,,,,,,,,,,,,,,,,,,,,,,,,,,,,,
Farzana,P value is not reported. Observtion is not reported in the table.,121347787,121347787_9,Das et al.,Targeting Hardcore Poor (THP),0,24,1,1,1,1,1,1,1,0,Assets,Assets,Durable assets (no. of Fans) ,0,THP,Page 1117; Table 4: PSM impact estimates for durable assets; Row: Fans ; Column: Difference (ATT) Column 3 ,0.62,0.10,6.14,,,*** p < 0.01,,,,99,101,200,1,0,200,5,0.868174508,0.868174508,0.867076942,0.020942159,0.996207332,0.020862732,0.144439372,0.583975773,1.15017811,0,no mention of the control receiving components from other programs,0,"no req as lead recipient, but part of eligibility criteria: ""(i) monthly household income cannot be more than Rs.1000, (ii) the family has no physically active male member who can work and earn, (iii) the family has a physically active woman as primary earner who can undertake economic activities and can grow enterprises, (iv) the household has not taken any loans from a formal or an informal institution, and (v) the household is not adequately supported by the Government or NGOs. A household must meet all these selection criteria to be eligible for the programme support."" (p.1110)",10,India TUP,India THP (Targeting Hardcore Poor),0,Not RCT,2022,Das et al. (2022) India TUP,India,,,,,,,,,,,,,,,,,,,,,,,,,,,,,,,,,,,,,,,,,,,,,,,,,,,,,,,,,,,,,,,,,,,,,,,,,,,,,,,,,,,,,,,,,,,,,,,,,,,,,,,,,,,,,,,,,,,,,,,,,,,,,,,,,,,,,,,,,,,,,,,,,,,,,,,,,,,,,,,,,,,,,,,,,,,,,,,
Farzana,SE and t-stat are not reported. Aslo treatmenr and control clusters are not reported. ,121294795,121294795_1,Matsuda et.al,"ACTIVO – Ahorro, Cuenta Financiera, Trabajo, Ingreso para la Vida Optimizada",1,13,1,0,1,1,1,1,1,1,Income,Income,Income from Total Income (Annual income (Lempira)) Urban sample,No,ACTIVO,"page: 153; table: 7; table label: Table 7. ITT estimation results (2) income outcomes; row label: Panel A: Urban sample, Coef.; column label: (1) Total Income",2964.4,NA,0.62,,,0.534,NA,NA,Not applicable,,,855,2,0,855,6,0.04255513,0.04255513,0.042542655,0.004678892,0.999120493,0.004674777,0.068372341,-0.091467133,0.176552442,1,"Trainings+coaching sessions+one-time asset transfer P145 to 147
""The baseline survey was conducted among approximately 2,000 households from a pool of CCT beneficiaries during June – July 2015, approximately 10 months prior to the intervention. "" p147. So all received the cash transfer.",1,Yes,11,Honduras AP,Honduras AP (ACTIVO),0,"UoA=UoA
UoR: ""In urban areas, CCT beneficiaries were stratified at the municipality level and individuals were randomly assigned to either the treatment or control groups. In rural areas, the unit of randomisation was at the village level. In total, there were 27 village clusters. "" p147
UoA: ""where the outcome is Yi (measured at the individual level in urban areas and averaged at the village level in rural areas)."" p148",2024,Matsuda et.al (2024) Honduras AP,Honduras,,,,,,,,,,,,,,,,,,,,,,,,,,,,,,,,,,,,,,,,,,,,,,,,,,,,,,,,,,,,,,,,,,,,,,,,,,,,,,,,,,,,,,,,,,,,,,,,,,,,,,,,,,,,,,,,,,,,,,,,,,,,,,,,,,,,,,,,,,,,,,,,,,,,,,,,,,,,,,,,,,,,,,,,,,,,,,,
Farzana,SE and t-stat are not reported. Aslo treatmenr and control clusters are not reported. ,121294795,121294795_2,Matsuda et.al,"ACTIVO – Ahorro, Cuenta Financiera, Trabajo, Ingreso para la Vida Optimizada",1,13,1,0,1,1,1,1,1,1,Income,Income,Income from Total Income (Annual income (Lempira)) Rural sample,No,ACTIVO,"page: 153; table: 7; table label: Table 7. ITT estimation results (2) income outcomes; row label: Panel B: Rural sample, Coef.; column label: (1) Total Income",3755.5,NA,2.39,,,0.017,NA,NA,27,,,960,2,0,960,6,0.154330709,0.154330709,0.154290425,0.004172869,0.999216915,0.004169602,0.064572452,0.027728419,0.28085243,1,"Trainings+coaching sessions+one-time asset transfer P145 to 147
""The baseline survey was conducted among approximately 2,000 households from a pool of CCT beneficiaries during June – July 2015, approximately 10 months prior to the intervention. "" p147. So all received the cash transfer.",1,Yes,11,Honduras AP,Honduras AP (ACTIVO),0,"UoA=UoA
UoR: ""In urban areas, CCT beneficiaries were stratified at the municipality level and individuals were randomly assigned to either the treatment or control groups. In rural areas, the unit of randomisation was at the village level. In total, there were 27 village clusters. "" p147
UoA: ""where the outcome is Yi (measured at the individual level in urban areas and averaged at the village level in rural areas)."" p148",2024,Matsuda et.al (2024) Honduras AP,Honduras,,,,,,,,,,,,,,,,,,,,,,,,,,,,,,,,,,,,,,,,,,,,,,,,,,,,,,,,,,,,,,,,,,,,,,,,,,,,,,,,,,,,,,,,,,,,,,,,,,,,,,,,,,,,,,,,,,,,,,,,,,,,,,,,,,,,,,,,,,,,,,,,,,,,,,,,,,,,,,,,,,,,,,,,,,,,,,,
Farzana,SE and t-stat are not reported. Aslo treatmenr and control clusters are not reported. ,121294795,121294795_3,Matsuda et.al,"ACTIVO – Ahorro, Cuenta Financiera, Trabajo, Ingreso para la Vida Optimizada",1,13,1,0,1,1,1,1,1,1,Expenditure,Expenditure,Expenditure  (Annual expenditure (Lempira)) Rural sample,0,ACTIVO,"page: 153; table: 7; table label: Table 7. ITT estimation results (2) income outcomes; row label: Panel A: Urban sample, Coef.; column label: (7) Expenditure",_92.8,NA,-0.43,,,0.665,NA,NA,Not applicable,,,855,2,0,855,6,-0.029628264,-0.029628264,-0.029619578,0.004678619,0.999120493,0.004674504,0.068370347,-0.163625459,0.104386302,1,"Trainings+coaching sessions+one-time asset transfer P145 to 147
""The baseline survey was conducted among approximately 2,000 households from a pool of CCT beneficiaries during June – July 2015, approximately 10 months prior to the intervention. "" p147. So all received the cash transfer.",1,Yes,11,Honduras AP,Honduras AP (ACTIVO),0,"UoA=UoA
UoR: ""In urban areas, CCT beneficiaries were stratified at the municipality level and individuals were randomly assigned to either the treatment or control groups. In rural areas, the unit of randomisation was at the village level. In total, there were 27 village clusters. "" p147
UoA: ""where the outcome is Yi (measured at the individual level in urban areas and averaged at the village level in rural areas)."" p148",2024,Matsuda et.al (2024) Honduras AP,Honduras,,,,,,,,,Not food expenditure outcome,,,,,,,,,,,,,,,,,,,,,,,,,,,,,,,,,,,,,,,,,,,,,,,,,,,,,,,,,,,,,,,,,,,,,,,,,,,,,,,,,,,,,,,,,,,,,,,,,,,,,,,,,,,,,,,,,,,,,,,,,,,,,,,,,,,,,,,,,,,,,,,,,,,,,,,,,,,,,,,,,,,,,,
Farzana,SE and t-stat are not reported. Aslo treatmenr and control clusters are not reported. ,121294795,121294795_4,Matsuda et.al,"ACTIVO – Ahorro, Cuenta Financiera, Trabajo, Ingreso para la Vida Optimizada",1,13,1,0,1,1,1,1,1,1,Expenditure,Expenditure,Expenditure (Annual expenditure (Lempira)) Urban sample,0,ACTIVO,"page: 153; table: 7; table label: Table 7. ITT estimation results (2) income outcomes; row label: Panel B: Rural sample, Coef.; column label: (7) Expenditure",314.5,NA,2.58,,,0.01,NA,NA,27,,,960,2,0,960,6,0.166600617,0.166600617,0.16655713,0.004173895,0.999216915,0.004170626,0.064580386,0.039979574,0.293134686,1,"Trainings+coaching sessions+one-time asset transfer P145 to 147
""The baseline survey was conducted among approximately 2,000 households from a pool of CCT beneficiaries during June – July 2015, approximately 10 months prior to the intervention. "" p147. So all received the cash transfer.",1,Yes,11,Honduras AP,Honduras AP (ACTIVO),0,"UoA=UoA
UoR: ""In urban areas, CCT beneficiaries were stratified at the municipality level and individuals were randomly assigned to either the treatment or control groups. In rural areas, the unit of randomisation was at the village level. In total, there were 27 village clusters. "" p147
UoA: ""where the outcome is Yi (measured at the individual level in urban areas and averaged at the village level in rural areas)."" p148",2024,Matsuda et.al (2024) Honduras AP,Honduras,,,,,,,,,Not food expenditure outcome,,,,,,,,,,,,,,,,,,,,,,,,,,,,,,,,,,,,,,,,,,,,,,,,,,,,,,,,,,,,,,,,,,,,,,,,,,,,,,,,,,,,,,,,,,,,,,,,,,,,,,,,,,,,,,,,,,,,,,,,,,,,,,,,,,,,,,,,,,,,,,,,,,,,,,,,,,,,,,,,,,,,,,
Shannon,,121294841,121294841_1,Premand et al.,WFP’s Integrated Resilience Programme,3,21,1,1,1,1,0,0,1,1,Expenditure,Total consumption,Not defined,0,Treatment,page: 49; table: 9: A2.1c; table label:Table 9: A2.1c Consumption; row label: Treatment Assignment; column label: Total Consumption ,118768.2,29606.6,4.011544723,,,p < .01,46,45,91,,,4326,,0,4326,6,0.121982738,0.121982738,0.121975685,0.000925502,0.999826539,0.000925341,0.030419419,0.062353623,0.181597746,0,no mention of the control receiving components from other programs,0,"No, not specifically targeting women",12,Niger IRP,Niger IRP (Integrated Resilience Programme),0,"UoR: villages. ""Many activities critical to the programme are implemented at the village level instead of at the household or individual level. Therefore, the impact evaluation uses a clustered randomized design where FFA sites and villages are assigned to the
programme group ""
UoA: households
""We cluster standard errors at the community level, given sampling was stratified per village."" p43",2024,Premand et al. (2024) Niger IRP,Niger,,,,,,,,,Not food expenditure outcome,,,,,,,,,,,,,,,,,,,,,,,,,,,,,,,,,,,,,,,,,,,,,,,,,,,,,,,,,,,,,,,,,,,,,,,,,,,,,,,,,,,,,,,,,,,,,,,,,,,,,,,,,,,,,,,,,,,,,,,,,,,,,,,,,,,,,,,,,,,,,,,,,,,,,,,,,,,,,,,,,,,,,,
Shannon,,121294841,121294841_10,Premand et al.,WFP’s Integrated Resilience Programme,3,21,1,1,1,1,0,0,1,1,Assets,HH asset value (in CFA),Not defined,0,Treatment,page: 55; table: 19: A2.11; table label:Table 19: A2.11 Assets; row label: Treatment Assignment; column label: HH asset value (in CFA),2921,1812.8,1.611319506,,,p > .1,46,45,91,,,4388,,0,4388,6,0.048649497,0.048649497,0.048646723,0.000911712,0.999828992,0.000911556,0.030191985,-0.010529567,0.107823014,0,no mention of the control receiving components from other programs,0,"No, not specifically targeting women",12,Niger IRP,Niger IRP (Integrated Resilience Programme),0,"UoR: villages. ""Many activities critical to the programme are implemented at the village level instead of at the household or individual level. Therefore, the impact evaluation uses a clustered randomized design where FFA sites and villages are assigned to the
programme group ""
UoA: households
""We cluster standard errors at the community level, given sampling was stratified per village."" p43",2024,Premand et al. (2024) Niger IRP,Niger,,,,,,,,,,,,,,,,,,,,,,,,,,,,,,,,,,,,,,,,,,,,,,,,,,,,,,,,,,,,,,,,,,,,,,,,,,,,,,,,,,,,,,,,,,,,,,,,,,,,,,,,,,,,,,,,,,,,,,,,,,,,,,,,,,,,,,,,,,,,,,,,,,,,,,,,,,,,,,,,,,,,,,,,,,,,,,,
Shannon,,121294841,121294841_11,Premand et al.,WFP’s Integrated Resilience Programme,3,21,1,1,1,1,0,0,1,1,Assets,Farm asset value (in CFA),Not defined,0,Treatment,page: 55; table: 19: A2.11; table label:Table 19: A2.11 Assets; row label: Treatment Assignment; column label: Farm Assets value (in CFA),3833.2,2046.4,1.873143081,,,p < .1,46,45,91,,,4326,,0,4326,6,0.056958388,0.056958388,0.056955095,0.000924829,0.999826539,0.000924669,0.030408367,-0.002645304,0.116555494,0,no mention of the control receiving components from other programs,0,"No, not specifically targeting women",12,Niger IRP,Niger IRP (Integrated Resilience Programme),0,"UoR: villages. ""Many activities critical to the programme are implemented at the village level instead of at the household or individual level. Therefore, the impact evaluation uses a clustered randomized design where FFA sites and villages are assigned to the
programme group ""
UoA: households
""We cluster standard errors at the community level, given sampling was stratified per village."" p43",2024,Premand et al. (2024) Niger IRP,Niger,,,,,,,,,,,,,,,,,,,,,,,,,,,,,,,,,,,,,,,,,,,,,,,,,,,,,,,,,,,,,,,,,,,,,,,,,,,,,,,,,,,,,,,,,,,,,,,,,,,,,,,,,,,,,,,,,,,,,,,,,,,,,,,,,,,,,,,,,,,,,,,,,,,,,,,,,,,,,,,,,,,,,,,,,,,,,,,
Shannon,,121294841,121294841_12,Premand et al.,WFP’s Integrated Resilience Programme,3,21,1,1,1,1,0,0,1,1,Assets,Business asset value (in CFA),Not defined,0,Treatment,"page: 55; table: 19: A2.11; table label:Table 19: A2.11 Assets; row label: Treatment Assignment; column label: Business Assets value (in CFA)
(0/1)",353,214.8,1.643389199,,,p > .1,46,45,91,,,4507,,0,4507,6,0.048958336,0.048958336,0.048955619,0.000887641,0.999833509,0.000887493,0.029790829,-0.009434406,0.107345643,0,no mention of the control receiving components from other programs,0,"No, not specifically targeting women",12,Niger IRP,Niger IRP (Integrated Resilience Programme),0,"UoR: villages. ""Many activities critical to the programme are implemented at the village level instead of at the household or individual level. Therefore, the impact evaluation uses a clustered randomized design where FFA sites and villages are assigned to the
programme group ""
UoA: households
""We cluster standard errors at the community level, given sampling was stratified per village."" p43",2024,Premand et al. (2024) Niger IRP,Niger,,,,,,,,,,,,,,,,,,,,,,,,,,,,,,,,,,,,,,,,,,,,,,,,,,,,,,,,,,,,,,,,,,,,,,,,,,,,,,,,,,,,,,,,,,,,,,,,,,,,,,,,,,,,,,,,,,,,,,,,,,,,,,,,,,,,,,,,,,,,,,,,,,,,,,,,,,,,,,,,,,,,,,,,,,,,,,,
Shannon,,121294841,121294841_13,Premand et al.,WFP’s Integrated Resilience Programme,3,21,1,1,1,1,0,0,1,1,Savings,Amount of savings (in CFA),Not defined,0,Treatment,page: 56; table: 20: A2.122; table label: Table 20: A2.12 Savings and Loans; row label: Treatment Assignment; column label: Amount of Savings (in CFA),100.9,58.96,1.711329715,,,p < .1,46,45,91,,,4507,,0,4507,6,0.050982357,0.050982357,0.050979527,0.000887652,0.999833509,0.000887505,0.029791017,-0.007410866,0.109369921,0,no mention of the control receiving components from other programs,0,"No, not specifically targeting women",12,Niger IRP,Niger IRP (Integrated Resilience Programme),0,"UoR: villages. ""Many activities critical to the programme are implemented at the village level instead of at the household or individual level. Therefore, the impact evaluation uses a clustered randomized design where FFA sites and villages are assigned to the
programme group ""
UoA: households
""We cluster standard errors at the community level, given sampling was stratified per village."" p43",2024,Premand et al. (2024) Niger IRP,Niger,,,,,,,,,,,,,1,1,,,,,,,,,,,,,,,,,,,,,,,,,,,,,,,,,,,,,,,,,,,,,,,,,,,,,,,,,,,,,,,,,,,,,,,,,,,,,,,,,,,,,,,,,,,,,,,,,,,,,,,,,,,,,,,,,,,,,,,,,,,,,,,,,,,,,,,,,,,,,,,,,,,,,,,,,,,,,,,,,
Shannon,,121294841,121294841_2,Premand et al.,WFP’s Integrated Resilience Programme,3,21,1,1,1,1,0,0,1,1,Expenditure,Nonfood consumption,Not defined,0,Treatment,page: 49; table: 9: A2.1c; table label:Table 9: A2.1c Consumption; row label: Treatment Assignment; column label: Non-Food,12293.9,7226.5,1.701224659,,,p < .1,46,45,91,,,4214,,0,4214,6,0.052413649,0.052413649,0.052410538,0.00094938,0.999821927,0.000949211,0.030809265,-0.007975621,0.112796698,0,no mention of the control receiving components from other programs,0,"No, not specifically targeting women",12,Niger IRP,Niger IRP (Integrated Resilience Programme),0,"UoR: villages. ""Many activities critical to the programme are implemented at the village level instead of at the household or individual level. Therefore, the impact evaluation uses a clustered randomized design where FFA sites and villages are assigned to the
programme group ""
UoA: households
""We cluster standard errors at the community level, given sampling was stratified per village."" p43",2024,Premand et al. (2024) Niger IRP,Niger,,,,,,,,,Not food expenditure outcome,,,,,,,,,,,,,,,,,,,,,,,,,,,,,,,,,,,,,,,,,,,,,,,,,,,,,,,,,,,,,,,,,,,,,,,,,,,,,,,,,,,,,,,,,,,,,,,,,,,,,,,,,,,,,,,,,,,,,,,,,,,,,,,,,,,,,,,,,,,,,,,,,,,,,,,,,,,,,,,,,,,,,,
Shannon,,121294841,121294841_3,Premand et al.,WFP’s Integrated Resilience Programme,3,21,1,1,1,1,0,0,1,1,Expenditure,Food consumption,Not defined,0,Treatment,page: 49; table: 9: A2.1c; table label:Table 9: A2.1c Consumption; row label: Treatment Assignment; column label: Food,109529.9,25714.7,4.259427487,,,p < .01,46,45,91,,,4507,,0,4507,6,0.126892936,0.126892936,0.126885894,0.000888401,0.999833509,0.000888254,0.029803583,0.068470871,0.185300917,0,no mention of the control receiving components from other programs,0,"No, not specifically targeting women",12,Niger IRP,Niger IRP (Integrated Resilience Programme),0,"UoR: villages. ""Many activities critical to the programme are implemented at the village level instead of at the household or individual level. Therefore, the impact evaluation uses a clustered randomized design where FFA sites and villages are assigned to the
programme group ""
UoA: households
""We cluster standard errors at the community level, given sampling was stratified per village."" p43",2024,Premand et al. (2024) Niger IRP,Niger,,,,,,,1,1,Only one food expenditure estimate,,,,,,,,,,,,,,,,,,,,,,,,,,,,,,,,,,,,,,,,,,,,,,,,,,,,,,,,,,,,,,,,,,,,,,,,,,,,,,,,,,,,,,,,,,,,,,,,,,,,,,,,,,,,,,,,,,,,,,,,,,,,,,,,,,,,,,,,,,,,,,,,,,,,,,,,,,,,,,,,,,,,,,
Shannon,,121294841,121294841_4,Premand et al.,WFP’s Integrated Resilience Programme,3,21,1,1,1,1,0,0,1,1,Assets,Owned livestock,Not defined,0,Treatment,page: 54; table: 16: A2.8; table label:Table 16: A2.8 Livestock; row label: Treatment Assignment; column label: Owned livestock,0.0894,0.0217,4.119815668,,,p < .01,46,45,91,,,4494,,0,4494,6,0.12291114,0.12291114,0.122904299,0.000890916,0.999833027,0.000890767,0.029845725,0.064406678,0.18140192,0,no mention of the control receiving components from other programs,0,"No, not specifically targeting women",12,Niger IRP,Niger IRP (Integrated Resilience Programme),0,"UoR: villages. ""Many activities critical to the programme are implemented at the village level instead of at the household or individual level. Therefore, the impact evaluation uses a clustered randomized design where FFA sites and villages are assigned to the
programme group ""
UoA: households
""We cluster standard errors at the community level, given sampling was stratified per village."" p43",2024,Premand et al. (2024) Niger IRP,Niger,,,,,,,,,,,,,,,,,,,,,,,,,,,,,,,,,,,,,,,,,,,,,,,,,,,,,,,,,,,,,,,,,,,,,,,,,,,,,,,,,,,,,,,,,,,,,,,,,,,,,,,,,,,,,,,,,,,,,,,,,,,,,,,,,,,,,,,,,,,,,,,,,,,,,,,,,,,,,,,,,,,,,,,,,,,,,,,
Shannon,,121294841,121294841_5,Premand et al.,WFP’s Integrated Resilience Programme,3,21,1,1,1,1,0,0,1,1,Assets,Livestock index,Not defined,0,Treatment,page: 54; table: 16: A2.8; table label:Table 16: A2.8 Livestock; row label: Treatment Assignment; column label: Livestock Index (TLU) ,0.0136,0.0184,0.739130435,,,p > .1,46,45,91,,,4397,,0,4397,6,0.022293222,0.022293222,0.022291954,0.000909739,0.999829342,0.000909584,0.030159313,-0.0368203,0.081404208,0,no mention of the control receiving components from other programs,0,"No, not specifically targeting women",12,Niger IRP,Niger IRP (Integrated Resilience Programme),0,"UoR: villages. ""Many activities critical to the programme are implemented at the village level instead of at the household or individual level. Therefore, the impact evaluation uses a clustered randomized design where FFA sites and villages are assigned to the
programme group ""
UoA: households
""We cluster standard errors at the community level, given sampling was stratified per village."" p43",2024,Premand et al. (2024) Niger IRP,Niger,,,,,,,,,,,,,,,,,,,,,,,,,,,,,,,,,,,,,,,,,,,,,,,,,,,,,,,,,,,,,,,,,,,,,,,,,,,,,,,,,,,,,,,,,,,,,,,,,,,,,,,,,,,,,,,,,,,,,,,,,,,,,,,,,,,,,,,,,,,,,,,,,,,,,,,,,,,,,,,,,,,,,,,,,,,,,,,
Shannon,,121294841,121294841_6,Premand et al.,WFP’s Integrated Resilience Programme,3,21,1,1,1,1,0,0,1,1,Assets,Total livestock count,Not defined,0,Treatment,page: 54; table: 16: A2.8; table label:Table 16: A2.8 Livestock; row label: Treatment Assignment; column label: Total livestock count,0.261,0.229,1.139737991,,,p > .1,46,45,91,,,4408,,0,4408,6,0.034333196,0.034333196,0.034331247,0.000907508,0.999829768,0.000907353,0.030122307,-0.024708474,0.093370969,0,no mention of the control receiving components from other programs,0,"No, not specifically targeting women",12,Niger IRP,Niger IRP (Integrated Resilience Programme),0,"UoR: villages. ""Many activities critical to the programme are implemented at the village level instead of at the household or individual level. Therefore, the impact evaluation uses a clustered randomized design where FFA sites and villages are assigned to the
programme group ""
UoA: households
""We cluster standard errors at the community level, given sampling was stratified per village."" p43",2024,Premand et al. (2024) Niger IRP,Niger,,,,,,,,,,,,,,,,,,,,,,,,,,,,,,,,,,,,,,,,,,,,,,,,,,,,,,,,,,,,,,,,,,,,,,,,,,,,,,,,,,,,,,,,,,,,,,,,,,,,,,,,,,,,,,,,,,,,,,,,,,,,,,,,,,,,,,,,,,,,,,,,,,,,,,,,,,,,,,,,,,,,,,,,,,,,,,,
Shannon,,121294841,121294841_8,Premand et al.,WFP’s Integrated Resilience Programme,3,21,1,1,1,1,0,0,1,1,Income,Monthly profit ,Not defined,0,Treatment,page: 54; table: 17: A2.9; table label:Table 17: A2.9 Off-farm Business Activities; row label: Treatment Assignment; column label: Monthly profit,20.26,57.93,0.349732436,,,p > .1,46,45,91,,,4507,,0,4507,6,0.010418906,0.010418906,0.010418328,0.000887514,0.999833509,0.000887367,0.029788699,-0.047967522,0.068804178,0,no mention of the control receiving components from other programs,0,"No, not specifically targeting women",12,Niger IRP,Niger IRP (Integrated Resilience Programme),0,"UoR: villages. ""Many activities critical to the programme are implemented at the village level instead of at the household or individual level. Therefore, the impact evaluation uses a clustered randomized design where FFA sites and villages are assigned to the
programme group ""
UoA: households
""We cluster standard errors at the community level, given sampling was stratified per village."" p43",2024,Premand et al. (2024) Niger IRP,Niger,,,,,,,,,,,,,,,,,,,,,,,,,,,,,,,,,,,,,,,,,,,,,,,,,,,,,,,,,,,,,,,,,,,,,,,,,,,,,,,,,,,,,,,,,,,,,,,,,,,,,,,,,,,,,,,,,,,,,,,,,,,,,,,,,,,,,,,,,,,,,,,,,,,,,,,,,,,,,,,,,,,,,,,,,,,,,,,
Shannon,,121294841,121294841_9,Premand et al.,WFP’s Integrated Resilience Programme,3,21,1,1,1,1,0,0,1,1,Income,Monthly revenue,Not defined,0,Treatment,page: 54; table: 17: A2.9; table label:Table 17: A2.9 Off-farm Business Activities; row label: Treatment Assignment; column label: Monthly revenue,41.29,145.6,0.283585165,,,p > .1,46,45,91,,,4507,,0,4507,6,0.008448308,0.008448308,0.008447839,0.000887512,0.999833509,0.000887365,0.029788664,-0.049937943,0.066833621,0,no mention of the control receiving components from other programs,0,"No, not specifically targeting women",12,Niger IRP,Niger IRP (Integrated Resilience Programme),0,"UoR: villages. ""Many activities critical to the programme are implemented at the village level instead of at the household or individual level. Therefore, the impact evaluation uses a clustered randomized design where FFA sites and villages are assigned to the
programme group ""
UoA: households
""We cluster standard errors at the community level, given sampling was stratified per village."" p43",2024,Premand et al. (2024) Niger IRP,Niger,,,,,,,,,,,,,,,,,,,,,,,,,,,,,,,,,,,,,,,,,,,,,,,,,,,,,,,,,,,,,,,,,,,,,,,,,,,,,,,,,,,,,,,,,,,,,,,,,,,,,,,,,,,,,,,,,,,,,,,,,,,,,,,,,,,,,,,,,,,,,,,,,,,,,,,,,,,,,,,,,,,,,,,,,,,,,,,
Jiumei,NA,121294873,121294873_1,Hoang-Duc et al.,Government support programs (Living support),60,60,1,0,1,0,1,0,0,0,Poverty,MPI,Multidimensional poverty index,0,ATET Living support,Page 1019; Table 7; Table 7 Effect of living support on multidimensional poverty; Row: ATET Human Support; Column: MPI,-0.032,0.013,-2.461538462,,,p<0.05,,,,149,787,936,1,0,936,5,-0.219919657,-0.219919657,-0.219860776,0.004286422,0.999196787,0.004282979,0.065444475,-0.348131947,-0.091589606,1,"""the Vietnamese government also rolled out social protection programmes to a wider range of beneficiaries, including the poor. Since these programmes deliver unconditional monthly cash transfers to the targeted groups, they can be put into the first category. Among these policies, it can be said that the Vietnamese government provides two primary types of aid to the poor: aid to stimulate the growth of human capital (human support) and aid to generate livelihoods and improve people’s living situations (living support)."" (p.1005)",0,no women requirement as lead recipient,13,Vietnam GSP Living support,Vietnam GSP (Government support programs (Living support)),0,Not RCT,2024,Hoang-Duc et al. (2024) Vietnam GSP Living support,Vietnam,,,,,,,,,,,,,,,,,,1,,,,,,,,,,,,,,,,,,,,,,,,,,,,,,,,,,,,,,,,,,,,,,,,,,,,,,,,,,,,,,,,,,,,,,,,,,,,,,,,,,,,,,,,,,,,,,,,,,,,,,,,,,,,,,,,,,,,,,,,,,,,,,,,,,,,,,,,,,,,,,,,,,,,,,,,,,,,,
Pierre,N/A,121294984,121294984_1,Burchi and Strupat,TEEP Tingathe Economic Empowerment Programme,7,12,1,0,1,1,0,1,0,1,Savings,Amount savings (MWK),Amount savings (MWK),0,EEP,page: 25; table: 6; table label: Table 6: Project impact on saving and loans; row label: Project; column label: (3) Amount savings (MWK),4408,1369,3.219868517,,,p < 0.01,6,24,30,256,530,786,2,0,786,5,0.245070758,0.245070758,0.244992585,0.005108161,0.999043062,0.005103273,0.071437198,0.104975677,0.385009493,1,"Treatment and control groups received the Social Cash Transfer Programme (SCTP).  Treatment received training and a lump sum to ""used to purchase livestock, thereby significantly increasing livestock
wealth""",0,"? Pierre: no sign that women were targeted here p1 ""The Tingathe EEP targets the same beneficiaries as the SCTP, namely households that live in ultra-poverty (that is, below the food poverty line) and are labour-constrained (with no or only a few household members able to work).""",14,Malawi TEEP,Malawi TEEP (Tingathe Economic Empowerment Programme),0,"UoR: villages. ""GIZ designed the project in the following way: The district of Mwanza, located in the southwest part of Malawi is divided up into 20 clusters of neighbouring villages, hereby referred to as “village clusters”. All SCTP beneficiaries that are ultra-poor and labour-constrained households living in 6 out of these 20 clusters are targeted by the EEP. "" p9
UoA: individual/households p15
Clustering of SE at the village level. ""Standard errors are corrected for clustering at the village cluster level."" p15",2018,Burchi and Strupat (2018) Malawi TEEP,Malawi,,,,,,,,,,,,,1,1,,,,,,,,,,,,,,,,,,,,,,,,,,,,,,,,,,,,,,,,,,,,,,,,,,,,,,,,,,,,,,,,,,,,,,,,,,,,,,,,,,,,,,,,,,,,,,,,,,,,,,,,,,,,,,,,,,,,,,,,,,,,,,,,,,,,,,,,,,,,,,,,,,,,,,,,,,,,,,,,,
Pierre,N/A,121294984,121294984_2,Burchi and Strupat,TEEP Tingathe Economic Empowerment Programme,7,12,1,0,1,1,0,1,0,1,Savings,Asset wealth index,"Asset-based wealth index, which is constructed by aggregating the number of different types of household assets owned (excluding livestock) by means of principal component analysis. p30",0,EEP,page: 30; table: 11; table label: Table 11: Project impact on household asset wealth index and expenditures; row label: Project; column label: (1) Asset wealth index,0.175,0.19,0.921052632,,,p > 0.10,6,24,30,256,530,786,2,0,786,5,0.070103194,0.070103194,0.070080832,0.005090622,0.999043062,0.00508575,0.071314446,-0.069695482,0.209857147,1,"Treatment and control groups received the Social Cash Transfer Programme (SCTP).  Treatment received training and a lump sum to ""used to purchase livestock, thereby significantly increasing livestock
wealth""",0,"? Pierre: no sign that women were targeted here p1 ""The Tingathe EEP targets the same beneficiaries as the SCTP, namely households that live in ultra-poverty (that is, below the food poverty line) and are labour-constrained (with no or only a few household members able to work).""",14,Malawi TEEP,Malawi TEEP (Tingathe Economic Empowerment Programme),0,"UoR: villages. ""GIZ designed the project in the following way: The district of Mwanza, located in the southwest part of Malawi is divided up into 20 clusters of neighbouring villages, hereby referred to as “village clusters”. All SCTP beneficiaries that are ultra-poor and labour-constrained households living in 6 out of these 20 clusters are targeted by the EEP. "" p9
UoA: individual/households p15
Clustering of SE at the village level. ""Standard errors are corrected for clustering at the village cluster level."" p15",2018,Burchi and Strupat (2018) Malawi TEEP,Malawi,,,,,,,,,,,,,,,,,,,,,,,,,,,,,,,,,,,,,,,,,,,,,,,,,,,,,,,,,,,,,,,,,,,,,,,,,,,,,,,,,,,,,,,,,,,,,,,,,,,,,,,,,,,,,,,,,,,,,,,,,,,,,,,,,,,,,,,,,,,,,,,,,,,,,,,,,,,,,,,,,,,,,,,,,,,,,,,
Pierre,N/A,121294984,121294984_3,Burchi and Strupat,TEEP Tingathe Economic Empowerment Programme,7,12,1,0,1,1,0,1,0,1,Income,Per capita value of harvest (MWK),Annual per capita value of harvest (MWK),0,EEP,"page: 32; table: 13; table label: Table 13: Project impact on value of agricultural production, consumption and sales; row label: Project; column label: (1) Per capita value of harvest (MWK)",3496,1933,1.808587688,,,0.05 < p < 0.1,6,24,30,unclear,unclear,778,2,0,778,6,0.12968202,0.12968202,0.129640228,0.005146792,0.999033194,0.005141816,0.071706459,-0.010904432,0.270184888,1,"Treatment and control groups received the Social Cash Transfer Programme (SCTP).  Treatment received training and a lump sum to ""used to purchase livestock, thereby significantly increasing livestock
wealth""",0,"? Pierre: no sign that women were targeted here p1 ""The Tingathe EEP targets the same beneficiaries as the SCTP, namely households that live in ultra-poverty (that is, below the food poverty line) and are labour-constrained (with no or only a few household members able to work).""",14,Malawi TEEP,Malawi TEEP (Tingathe Economic Empowerment Programme),0,"UoR: villages. ""GIZ designed the project in the following way: The district of Mwanza, located in the southwest part of Malawi is divided up into 20 clusters of neighbouring villages, hereby referred to as “village clusters”. All SCTP beneficiaries that are ultra-poor and labour-constrained households living in 6 out of these 20 clusters are targeted by the EEP. "" p9
UoA: individual/households p15
Clustering of SE at the village level. ""Standard errors are corrected for clustering at the village cluster level."" p15",2018,Burchi and Strupat (2018) Malawi TEEP,Malawi,,,,,,,,,,,,,,,,,,,,,,,,,,,,,,,,,,,,,,,,,,,,,,,,,,,,,,,,,,,,,,,,,,,,,,,,,,,,,,,,,,,,,,,,,,,,,,,,,,,,,,,,,,,,,,,,,,,,,,,,,,,,,,,,,,,,,,,,,,,,,,,,,,,,,,,,,,,,,,,,,,,,,,,,,,,,,,,
Pierre,N/A,121294984,121294984_4,Burchi and Strupat,TEEP Tingathe Economic Empowerment Programme,7,12,1,0,1,1,0,1,0,1,Expenditure,Per capita food consumption (MWK),Annual per capita food consumption (MWK),0,EEP,page: 34; table: 15; table label: Table 15: Project impact on food consumption and food security; row label: Project; column label: (1) Per capita food consumption (MWK),8385,7933,1.056977184,,,p > 0.10,6,24,30,unclear,unclear,776,2,0,776,6,0.075886539,0.075886539,0.07586202,0.005156494,0.999030695,0.005151496,0.071773924,-0.064814872,0.216538912,1,"Treatment and control groups received the Social Cash Transfer Programme (SCTP).  Treatment received training and a lump sum to ""used to purchase livestock, thereby significantly increasing livestock
wealth""",0,"? Pierre: no sign that women were targeted here p1 ""The Tingathe EEP targets the same beneficiaries as the SCTP, namely households that live in ultra-poverty (that is, below the food poverty line) and are labour-constrained (with no or only a few household members able to work).""",14,Malawi TEEP,Malawi TEEP (Tingathe Economic Empowerment Programme),0,"UoR: villages. ""GIZ designed the project in the following way: The district of Mwanza, located in the southwest part of Malawi is divided up into 20 clusters of neighbouring villages, hereby referred to as “village clusters”. All SCTP beneficiaries that are ultra-poor and labour-constrained households living in 6 out of these 20 clusters are targeted by the EEP. "" p9
UoA: individual/households p15
Clustering of SE at the village level. ""Standard errors are corrected for clustering at the village cluster level."" p15",2018,Burchi and Strupat (2018) Malawi TEEP,Malawi,,,,,,,1,1,Only one food expenditure estimate,,,,,,,,,,,,,,,,,,,,,,,,,,,,,,,,,,,,,,,,,,,,,,,,,,,,,,,,,,,,,,,,,,,,,,,,,,,,,,,,,,,,,,,,,,,,,,,,,,,,,,,,,,,,,,,,,,,,,,,,,,,,,,,,,,,,,,,,,,,,,,,,,,,,,,,,,,,,,,,,,,,,,,
Pierre,N/A,121294984,121294984_5,Burchi and Strupat,TEEP Tingathe Economic Empowerment Programme,7,12,1,0,1,1,0,1,0,1,Expenditure,Per capita non-food expenditure (MWK),Annual per capita non-food expenditure (MWK),0,EEP,page: 36; table: 16; table label: Table 16: Project impact on non-food expenditures; row label: Project; column label: (1) Per capita non-food expenditure (MWK),8857,6530,1.356355283,,,p > 0.10,6,24,30,256,530,786,2,0,786,5,0.103234966,0.103234966,0.103202036,0.005092448,0.999043062,0.005087575,0.07132724,-0.036599354,0.243003426,1,"Treatment and control groups received the Social Cash Transfer Programme (SCTP).  Treatment received training and a lump sum to ""used to purchase livestock, thereby significantly increasing livestock
wealth""",0,"? Pierre: no sign that women were targeted here p1 ""The Tingathe EEP targets the same beneficiaries as the SCTP, namely households that live in ultra-poverty (that is, below the food poverty line) and are labour-constrained (with no or only a few household members able to work).""",14,Malawi TEEP,Malawi TEEP (Tingathe Economic Empowerment Programme),0,"UoR: villages. ""GIZ designed the project in the following way: The district of Mwanza, located in the southwest part of Malawi is divided up into 20 clusters of neighbouring villages, hereby referred to as “village clusters”. All SCTP beneficiaries that are ultra-poor and labour-constrained households living in 6 out of these 20 clusters are targeted by the EEP. "" p9
UoA: individual/households p15
Clustering of SE at the village level. ""Standard errors are corrected for clustering at the village cluster level."" p15",2018,Burchi and Strupat (2018) Malawi TEEP,Malawi,,,,,,,,,Not food expenditure outcome,,,,,,,,,,,,,,,,,,,,,,,,,,,,,,,,,,,,,,,,,,,,,,,,,,,,,,,,,,,,,,,,,,,,,,,,,,,,,,,,,,,,,,,,,,,,,,,,,,,,,,,,,,,,,,,,,,,,,,,,,,,,,,,,,,,,,,,,,,,,,,,,,,,,,,,,,,,,,,,,,,,,,,
Pierre,N/A,121294984,121294984_6,Burchi and Strupat,TEEP Tingathe Economic Empowerment Programme,7,12,1,0,1,1,0,1,0,1,Expenditure,Per capita total consumption (MWK),Annual per capita total consumption (MWK),0,EEP,page: 38; table: 17; table label: Table 17: Project impact on total consumption and poverty; row label: Project; column label: (1) Per capita total consumption (MWK),17595,12611,1.39521053,,,p > 0.10,6,24,30,unclear,unclear,776,2,0,776,6,0.100170278,0.100170278,0.100137913,0.005157872,0.999030695,0.005152872,0.07178351,-0.040557766,0.240833592,1,"Treatment and control groups received the Social Cash Transfer Programme (SCTP).  Treatment received training and a lump sum to ""used to purchase livestock, thereby significantly increasing livestock
wealth""",0,"? Pierre: no sign that women were targeted here p1 ""The Tingathe EEP targets the same beneficiaries as the SCTP, namely households that live in ultra-poverty (that is, below the food poverty line) and are labour-constrained (with no or only a few household members able to work).""",14,Malawi TEEP,Malawi TEEP (Tingathe Economic Empowerment Programme),0,"UoR: villages. ""GIZ designed the project in the following way: The district of Mwanza, located in the southwest part of Malawi is divided up into 20 clusters of neighbouring villages, hereby referred to as “village clusters”. All SCTP beneficiaries that are ultra-poor and labour-constrained households living in 6 out of these 20 clusters are targeted by the EEP. "" p9
UoA: individual/households p15
Clustering of SE at the village level. ""Standard errors are corrected for clustering at the village cluster level."" p15",2018,Burchi and Strupat (2018) Malawi TEEP,Malawi,,,,,,,,,Not food expenditure outcome,,,,,,,,,,,,,,,,,,,,,,,,,,,,,,,,,,,,,,,,,,,,,,,,,,,,,,,,,,,,,,,,,,,,,,,,,,,,,,,,,,,,,,,,,,,,,,,,,,,,,,,,,,,,,,,,,,,,,,,,,,,,,,,,,,,,,,,,,,,,,,,,,,,,,,,,,,,,,,,,,,,,,,
Pierre,N/A,121294984,121294984_7,Burchi and Strupat,TEEP Tingathe Economic Empowerment Programme,7,12,1,0,1,1,0,1,0,1,Poverty,Poverty (yes/no),"""monetary poverty, we used the 2013 poverty line calculated by Abdoulayi et al (2016). Based on their estimations, a household was considered poor if it had a per capita consumption below 85,852 MWK (August 2013). To compare our estimates of household consumption with the poverty line, we first took the value of the (rural) consumer price index (CPI) in Malawi for August 2013. After that, we calculated the average (rural) CPI in the 12 months preceding our survey and divided it by the CPI for August 2013. Finally, we adjusted our estimates of household consumption by dividing them by this ratio."" p30",1,EEP,page: 38; table: 17; table label: Table 17: Project impact on total consumption and poverty; row label: Project; column label: (3) Poverty (yes/no),-0.0577,0.0439,-1.314350797,,,p > 0.10,6,24,30,unclear,unclear,776,2,0,776,6,-0.094364888,0.094364888,0.094334398,0.005157508,0.999030695,0.005152509,0.071780978,-0.046356318,0.235025115,1,"Treatment and control groups received the Social Cash Transfer Programme (SCTP).  Treatment received training and a lump sum to ""used to purchase livestock, thereby significantly increasing livestock
wealth""",0,"? Pierre: no sign that women were targeted here p1 ""The Tingathe EEP targets the same beneficiaries as the SCTP, namely households that live in ultra-poverty (that is, below the food poverty line) and are labour-constrained (with no or only a few household members able to work).""",14,Malawi TEEP,Malawi TEEP (Tingathe Economic Empowerment Programme),0,"UoR: villages. ""GIZ designed the project in the following way: The district of Mwanza, located in the southwest part of Malawi is divided up into 20 clusters of neighbouring villages, hereby referred to as “village clusters”. All SCTP beneficiaries that are ultra-poor and labour-constrained households living in 6 out of these 20 clusters are targeted by the EEP. "" p9
UoA: individual/households p15
Clustering of SE at the village level. ""Standard errors are corrected for clustering at the village cluster level."" p15",2018,Burchi and Strupat (2018) Malawi TEEP,Malawi,,,,,,,,,,,,,,,,1,,,,,,,,,,,,,,,,,,,,,,,,,,,,,,,,,,,,,,,,,,,,,,,,,,,,,,,,,,,,,,,,,,,,,,,,,,,,,,,,,,,,,,,,,,,,,,,,,,,,,,,,,,,,,,,,,,,,,,,,,,,,,,,,,,,,,,,,,,,,,,,,,,,,,,,,,,,,,,,
Farzana,The reported q-values are p-values adjusted for multiple inference based on the false discovery rate correction procedure outlined in Anderson (2008),121297660,121297660_1,Leight et.al,Building Pathways Out of Poverty for Ultra-poor IDPs and Vulnerable Host Communities in Baidoa,0,30,1,0,1,1,1,1,1,1,Expenditure,Expenditure ,Total Consumption (per capita total consumption),0,UPG,"Page: 26; Table 2: Primary experimental effects; Panel A: Consumption and food security; Row: UPG, Column: Total consumption (column 1) ",0.81,0.06,13.50,,,0.001***,,,,,,3964,1,0,3964,6,0.428841633,0.428841633,0.428814572,0.00102068,0.99981069,0.001020487,0.031945062,0.366202251,0.491426893,0,no mention of the control receiving components from other programs,0,no women requirement as lead recipient,15,Somalia BPOP,Somalia BPOP (Building Pathways Out of Poverty for Ultra-poor IDPs and Vulnerable Host Communities in Baidoa),0,"UoA=UoR, household level
""household-level randomization. "" p2 and p9",2025,Leight et.al (2025) Somalia BPOP,Somalia,,,,,,,,,Not food expenditure outcome,,,,,,,,,,,,,,,,,,,,,,,,,,,,,,,,,,,,,,,,,,,,,,,,,,,,,,,,,,,,,,,,,,,,,,,,,,,,,,,,,,,,,,,,,,,,,,,,,,,,,,,,,,,,,,,,,,,,,,,,,,,,,,,,,,,,,,,,,,,,,,,,,,,,,,,,,,,,,,,,,,,,,,
Farzana,q-valur and p-value are not reported,121297660,121297660_10,Leight et.al,Building Pathways Out of Poverty for Ultra-poor IDPs and Vulnerable Host Communities in Baidoa,0,30,1,0,1,1,1,1,1,1,Assets,Assets,Income ,0,UPG,Page: 28; Table 3: Average standard treatment effects; Row: UPG; Column: Income (column 3) ,0.047,0.037,1.27,,,Not significant,,,,,,3982,1,0,3982,6,0.04026016,0.04026016,0.040257631,0.001004622,0.999811546,0.001004433,0.031692787,-0.021860232,0.102375495,0,no mention of the control receiving components from other programs,0,no women requirement as lead recipient,15,Somalia BPOP,Somalia BPOP (Building Pathways Out of Poverty for Ultra-poor IDPs and Vulnerable Host Communities in Baidoa),0,"UoA=UoR, household level
""household-level randomization. "" p2 and p10",2025,Leight et.al (2025) Somalia BPOP,Somalia,,,,,,,,,,,,,,,,,,,,,,,,,,,,,,,,,,,,,,,,,,,,,,,,,,,,,,,,,,,,,,,,,,,,,,,,,,,,,,,,,,,,,,,,,,,,,,,,,,,,,,,,,,,,,,,,,,,,,,,,,,,,,,,,,,,,,,,,,,,,,,,,,,,,,,,,,,,,,,,,,,,,,,,,,,,,,,,
Farzana,The reported q-values are p-values adjusted for multiple inference based on the false discovery rate correction procedure outlined in Anderson (2008),121297660,121297660_2,Leight et.al,Building Pathways Out of Poverty for Ultra-poor IDPs and Vulnerable Host Communities in Baidoa,0,30,1,0,1,1,1,1,1,1,Expenditure,Expenditure ,Food consumption ,0,UPG,"Page: 26; Table 2: Primary experimental effects; Panel A: Consumption and food security; Row: UPG, Column: Food consumption (column 2) ",0.59,0.04,14.75,,,0.001***,,,,,,3964,1,0,3964,6,0.468549192,0.468549192,0.468519625,0.001022927,0.99981069,0.001022734,0.03198021,0.405838413,0.531200837,0,no mention of the control receiving components from other programs,0,no women requirement as lead recipient,15,Somalia BPOP,Somalia BPOP (Building Pathways Out of Poverty for Ultra-poor IDPs and Vulnerable Host Communities in Baidoa),0,"UoA=UoR, household level
""household-level randomization. "" p2 and p11",2025,Leight et.al (2025) Somalia BPOP,Somalia,,,,,,,1,1,Only one food expenditure estimate,,,,,,,,,,,,,,,,,,,,,,,,,,,,,,,,,,,,,,,,,,,,,,,,,,,,,,,,,,,,,,,,,,,,,,,,,,,,,,,,,,,,,,,,,,,,,,,,,,,,,,,,,,,,,,,,,,,,,,,,,,,,,,,,,,,,,,,,,,,,,,,,,,,,,,,,,,,,,,,,,,,,,,
Farzana,The reported q-values are p-values adjusted for multiple inference based on the false discovery rate correction procedure outlined in Anderson (2008),121297660,121297660_3,Leight et.al,Building Pathways Out of Poverty for Ultra-poor IDPs and Vulnerable Host Communities in Baidoa,0,30,1,0,1,1,1,1,1,1,Income,Income,Agri and Livestock Income ,0,UPG,"Page: 26; Table 2: Primary experimental effects; Panel C: Income; Row: UPG, Column: Ag+ livestock income (column 2) ",28.11,8.47,3.32,,,0.001***,,,,,,3982,1,0,3982,6,0.105185725,0.105185725,0.105179117,0.001005215,0.999811546,0.001005026,0.031702138,0.043042927,0.167315307,0,no mention of the control receiving components from other programs,0,no women requirement as lead recipient,15,Somalia BPOP,Somalia BPOP (Building Pathways Out of Poverty for Ultra-poor IDPs and Vulnerable Host Communities in Baidoa),0,"UoA=UoR, household level
""household-level randomization. "" p2 and p12",2025,Leight et.al (2025) Somalia BPOP,Somalia,,,,,,,,,,,,,,,,,,,,,,,,,,,,,,,,,,,,,,,,,,,,,,,,,,,,,,,,,,,,,,,,,,,,,,,,,,,,,,,,,,,,,,,,,,,,,,,,,,,,,,,,,,,,,,,,,,,,,,,,,,,,,,,,,,,,,,,,,,,,,,,,,,,,,,,,,,,,,,,,,,,,,,,,,,,,,,,
Farzana,The reported q-values are p-values adjusted for multiple inference based on the false discovery rate correction procedure outlined in Anderson (2008). Non-farm income is column 4 not in column 3,121297660,121297660_4,Leight et.al,Building Pathways Out of Poverty for Ultra-poor IDPs and Vulnerable Host Communities in Baidoa,0,30,1,0,1,1,1,1,1,1,Income,Income,Non-farm income ,0,UPG,"Page: 26; Table 2: Primary experimental effects; Panel C: Income; Row: UPG, Column: Non- farm income (column 3) ",3.81,25.63,0.15,,,0.317,,,,,,3982,1,0,3982,6,0.004711462,0.004711462,0.004711167,0.001004522,0.999811546,0.001004332,0.031691204,-0.057403594,0.066825927,0,no mention of the control receiving components from other programs,0,no women requirement as lead recipient,15,Somalia BPOP,Somalia BPOP (Building Pathways Out of Poverty for Ultra-poor IDPs and Vulnerable Host Communities in Baidoa),0,"UoA=UoR, household level
""household-level randomization. "" p2 and p13",2025,Leight et.al (2025) Somalia BPOP,Somalia,,,,,,,,,,,,,,,,,,,,,,,,,,,,,,,,,,,,,,,,,,,,,,,,,,,,,,,,,,,,,,,,,,,,,,,,,,,,,,,,,,,,,,,,,,,,,,,,,,,,,,,,,,,,,,,,,,,,,,,,,,,,,,,,,,,,,,,,,,,,,,,,,,,,,,,,,,,,,,,,,,,,,,,,,,,,,,,
Farzana,The reported q-values are p-values adjusted for multiple inference based on the false discovery rate correction procedure outlined in Anderson (2008),121297660,121297660_5,Leight et.al,Building Pathways Out of Poverty for Ultra-poor IDPs and Vulnerable Host Communities in Baidoa,0,30,1,0,1,1,1,1,1,1,Income,Income,Wage income,0,UPG,"Page: 26; Table 2: Primary experimental effects; Panel C: Income; Row: UPG, Column: Wage income ",21.62,36.51,0.59,,,0.206,,,,,,3982,1,0,3982,6,0.018768226,0.018768226,0.018767047,0.001004542,0.999811546,0.001004353,0.031691531,-0.043348354,0.080882448,0,no mention of the control receiving components from other programs,0,no women requirement as lead recipient,15,Somalia BPOP,Somalia BPOP (Building Pathways Out of Poverty for Ultra-poor IDPs and Vulnerable Host Communities in Baidoa),0,"UoA=UoR, household level
""household-level randomization. "" p2 and p14",2025,Leight et.al (2025) Somalia BPOP,Somalia,,,,,,,,,,,,,,,,,,,,,,,,,,,,,,,,,,,,,,,,,,,,,,,,,,,,,,,,,,,,,,,,,,,,,,,,,,,,,,,,,,,,,,,,,,,,,,,,,,,,,,,,,,,,,,,,,,,,,,,,,,,,,,,,,,,,,,,,,,,,,,,,,,,,,,,,,,,,,,,,,,,,,,,,,,,,,,,
Farzana,The reported q-values are p-values adjusted for multiple inference based on the false discovery rate correction procedure outlined in Anderson (2008),121297660,121297660_6,Leight et.al,Building Pathways Out of Poverty for Ultra-poor IDPs and Vulnerable Host Communities in Baidoa,0,30,1,0,1,1,1,1,1,1,Assets,Assets,Asset value ,0,UPG,"Page: 26; Table 2: Primary experimental effects; Panel B: Assets and financial inclusion; Row: UPG, Column: Asset value (column 1) ",603.14,21.25,28.38,,,p < .01,,,,,,3982,1,0,3982,6,0.89957746,0.89957746,0.89952095,0.001055326,0.999811546,0.001055128,0.032482727,0.835854805,0.963187095,0,no mention of the control receiving components from other programs,0,no women requirement as lead recipient,15,Somalia BPOP,Somalia BPOP (Building Pathways Out of Poverty for Ultra-poor IDPs and Vulnerable Host Communities in Baidoa),0,"UoA=UoR, household level
""household-level randomization. "" p2 and p15",2025,Leight et.al (2025) Somalia BPOP,Somalia,,,,,,,,,,,,,,,,,,,,,,,,,,,,,,,,,,,,,,,,,,,,,,,,,,,,,,,,,,,,,,,,,,,,,,,,,,,,,,,,,,,,,,,,,,,,,,,,,,,,,,,,,,,,,,,,,,,,,,,,,,,,,,,,,,,,,,,,,,,,,,,,,,,,,,,,,,,,,,,,,,,,,,,,,,,,,,,
Farzana,The reported q-values are p-values adjusted for multiple inference based on the false discovery rate correction procedure outlined in Anderson (2008),121297660,121297660_7,Leight et.al,Building Pathways Out of Poverty for Ultra-poor IDPs and Vulnerable Host Communities in Baidoa,0,30,1,0,1,1,1,1,1,1,Assets,Assets,Tropical Livestock Units (TLU),0,UPG,"Page: 26; Table 2: Primary experimental effects; Panel B: Assets and financial inclusion; Row: UPG, Column: TLU (column 2)",0.35,0.02,17.50,,,0.001***,,,,,,3982,1,0,3982,6,0.554647956,0.554647956,0.554613114,0.001023834,0.999811546,0.001023641,0.031994397,0.491904095,0.617322132,0,no mention of the control receiving components from other programs,0,no women requirement as lead recipient,15,Somalia BPOP,Somalia BPOP (Building Pathways Out of Poverty for Ultra-poor IDPs and Vulnerable Host Communities in Baidoa),0,"UoA=UoR, household level
""household-level randomization. "" p2 and p16",2025,Leight et.al (2025) Somalia BPOP,Somalia,,,,,,,,,,,,,,,,,,,,,,,,,,,,,,,,,,,,,,,,,,,,,,,,,,,,,,,,,,,,,,,,,,,,,,,,,,,,,,,,,,,,,,,,,,,,,,,,,,,,,,,,,,,,,,,,,,,,,,,,,,,,,,,,,,,,,,,,,,,,,,,,,,,,,,,,,,,,,,,,,,,,,,,,,,,,,,,
Farzana,q-valur and p-value are not reported,121297660,121297660_8,Leight et.al,Building Pathways Out of Poverty for Ultra-poor IDPs and Vulnerable Host Communities in Baidoa,0,30,1,0,1,1,1,1,1,1,Assets,Assets,Consumption and food security ,0,UPG,Page: 28; Table 3: Average standard treatment effects; Row: UPG; Column: Consumption and food  security (column 1) ,0.287,0.035,8.20,,,*** p < 0.01,,,,,,3964,1,0,3964,6,0.260481585,0.260481585,0.260465147,0.001013361,0.99981069,0.001013169,0.031830317,0.198077726,0.322852568,0,no mention of the control receiving components from other programs,0,no women requirement as lead recipient,15,Somalia BPOP,Somalia BPOP (Building Pathways Out of Poverty for Ultra-poor IDPs and Vulnerable Host Communities in Baidoa),0,"UoA=UoR, household level
""household-level randomization. "" p2 and p17",2025,Leight et.al (2025) Somalia BPOP,Somalia,,,,,,,,,,,,,,,,,,,,,,,,,,,,,,,,,,,,,,,,,,,,,,,,,,,,,,,,,,,,,,,,,,,,,,,,,,,,,,,,,,,,,,,,,,,,,,,,,,,,,,,,,,,,,,,,,,,,,,,,,,,,,,,,,,,,,,,,,,,,,,,,,,,,,,,,,,,,,,,,,,,,,,,,,,,,,,,
Farzana,q-valur and p-value are not reported,121297660,121297660_9,Leight et.al,Building Pathways Out of Poverty for Ultra-poor IDPs and Vulnerable Host Communities in Baidoa,0,30,1,0,1,1,1,1,1,1,Assets,Assets,Assets and financial inclusion ,0,UPG,Page: 28; Table 3: Average standard treatment effects; Row: UPG; Column: Assets and financial inclusion (column 2) ,1.436,0.043,33.40,,,*** p < 0.01,,,,,,3961,1,0,3961,6,1.061239873,1.061239873,1.061172854,0.001080928,0.999810546,0.001080724,0.032874362,0.996739105,1.125606603,0,no mention of the control receiving components from other programs,0,no women requirement as lead recipient,15,Somalia BPOP,Somalia BPOP (Building Pathways Out of Poverty for Ultra-poor IDPs and Vulnerable Host Communities in Baidoa),0,"UoA=UoR, household level
""household-level randomization. "" p2 and p18",2025,Leight et.al (2025) Somalia BPOP,Somalia,,,,,,,,,,,,,,,,,,,,,,,,,,,,,,,,,,,,,,,,,,,,,,,,,,,,,,,,,,,,,,,,,,,,,,,,,,,,,,,,,,,,,,,,,,,,,,,,,,,,,,,,,,,,,,,,,,,,,,,,,,,,,,,,,,,,,,,,,,,,,,,,,,,,,,,,,,,,,,,,,,,,,,,,,,,,,,,
Andrea,,121378494,121378494_1,Leight,Building Pathways Out of Poverty for Ultra-poor IDPs and Vulnerable Host Communities in Baidoa,0,14,1,0,1,1,1,1,1,1,Assets,Asset Ownership,Asset Ownership,0,,page: 6; table: 3; table label: Table 3: Treatment effects on multiple domains of resilience; row label: Treatment; column label: Asset ownership,1.77,0.4,4.425,,,p<.001,,,,,,4089,2,0,4089,6,0.138399562,0.138399562,0.138391096,0.000979405,0.99981648,0.000979226,0.031292581,0.077057636,0.199724555,0,no mention of the control receiving components from other programs,0,no women requirement as lead recipient,15,Somalia BPOP,Somalia BPOP (Building Pathways Out of Poverty for Ultra-poor IDPs and Vulnerable Host Communities in Baidoa),0,"UoA=UoR, household level p2",2024,Leight (2024) Somalia BPOP,Somalia,,,,,,,,,,,,,,,,,,,,,,,,,,,,,,,,,,,,,,,,,,,,,,,,,,,,,,,,,,,,,,,,,,,,,,,,,,,,,,,,,,,,,,,,,,,,,,,,,,,,,,,,,,,,,,,,,,,,,,,,,,,,,,,,,,,,,,,,,,,,,,,,,,,,,,,,,,,,,,,,,,,,,,,,,,,,,,,
Jiumei,NA,121305126,121305126_1,Giligan et al.,"Disarmament, Demobilization, and Reintegration (DDR) program",7,7,1,1,1,1,0,1,0,0,Income,Income,log(income/month + 1),0,"No econometric equations were provided; OLS was employed, with no distinction of multiple treatment arms.""Africare"" (P.8).",page: 59; table: 4; table label: able 4: Estimates from OLS regressions on log(income/month + 1); row label: Africare; column label: Matching & regression,-0.59,0.53,-1.113207547,,,0.26,,,,,,177,1,0,177,6,-0.167347606,-0.167347606,-0.167108196,0.022638425,0.995708155,0.022541265,0.150137486,-0.46137767,0.127161277,1,"""administered a reinsertion subsistence allowance... This assistance was provided in 4 tranches over 18 months. Documentation from the program shows that at the time of our fieldwork in 2007, receipt of at least the first tranche was nearly universal among ex-combatants... in nearly all communes, ex-combatants had access to various forms of counseling, including psychological counseling. These too were universally available. Thus, reinsertion allowances and counseling are not sources of variation in our study."" (p.13)",0,"no, ""We focus on the reintegration of adult (18 years old or more) male former rebel combatants""",16,Burundi DDR,"Burundi DDR program (Disarmament, Demobilization, and Reintegration program)",0,Not RCT,2013,Giligan et al. (2013) Burundi DDR,Burundi,,,,,,,,,,,,,,,,,,,,,,,,,,,,,,,,,,,,,,,,,,,,,,,,,,,,,,,,,,,,,,,,,,,,,,,,,,,,,,,,,,,,,,,,,,,,,,,,,,,,,,,,,,,,,,,,,,,,,,,,,,,,,,,,,,,,,,,,,,,,,,,,,,,,,,,,,,,,,,,,,,,,,,,,,,,,,,,
Farzana,p-value is not reported,121307773,121307773_1,Macours et.al,Atencion a Crisis program,29,12,1,1,1,0,0,0,0,1,Expenditure,Expenditure,ln (per capita expenditures),0,Grant,page: 22; table: 1; table label: Table 1: Average impacts of business grant and training on household expenditures and non-agricultural economic activities; row label: grant; column label: (1) ln (per capita expenditures),0.0836,0.0208,4.02,,,***p < 0.01,56,50,106,,,2954,3,0,2954,6,0.147899836,0.147899836,0.14788731,0.001355947,0.999745913,0.001355603,0.036818512,0.075723025,0.220051594,0,"During a first lottery, to which the mayors of the municipalities were invited to attend and participate, 44 blocks were randomly selected and half of the communities in each block were randomly assigned to treatment, and the other half to the control. ...""In the treatment communities, the principal caregiver in each eligible household (typically a woman) was then invited to a registration assembly, where the program objectives and various components were explained. At the end of the assembly, a second lottery took place in each community. During this lottery, all eligible households within each community were assigned to one of three treatment packages: (1) a basic CCT; (2) a basic CCT plus a scholarship for a vocational training; or (3) a basic CCT plus a business grant."" p6-7",1,Targeting the main caregiver of the household. Authors indicated that most of the time this was women,17,Nicaragua AaC Grant,Nicaragua AaC (Atencion a Crisis program),0,"UoR: communites.
UoA: households
""All errors are clustered at the community level. "" p8
During a first lottery, to which the mayors of the municipalities were invited to attend and participate, 44 blocks were randomly selected and half of the communities in each block were randomly assigned to treatment, and the other half to the control. ...""In the treatment communities, the principal caregiver in each eligible household (typically a woman) was then invited to a registration assembly, where the program objectives and various components were explained. At the end of the assembly, a second lottery took place in each community. During this lottery, all eligible households within each community were assigned to one of three treatment packages: (1) a basic CCT; (2) a basic CCT plus a scholarship for a vocational training; or (3) a basic CCT plus a business grant."" p6-7",2013,Macours et.al (2013) Nicaragua AaC Grant,Nicaragua,,,,,,,,,Not food expenditure outcome,,,,,,,,,,,,,,,,,,,,,,,,,,,,,,,,,,,,,,,,,,,,,,,,,,,,,,,,,,,,,,,,,,,,,,,,,,,,,,,,,,,,,,,,,,,,,,,,,,,,,,,,,,,,,,,,,,,,,,,,,,,,,,,,,,,,,,,,,,,,,,,,,,,,,,,,,,,,,,,,,,,,,,
Farzana,"The original row and column labels in Table 2 (page 2447), titled “Impact on Different Indicators of Economic Returns”, were identified as incorrect. Specifically, the entries for Non-agr. wage income, Value business assets, and Expected increase in profits in twelve months had been mistakenly used as row labels, while CCT + grant (T3) had been used as the column label. These have now been corrected so that CCT + grant (T3) appears as the row label, with the corresponding outcome indicators—Non-agr. wage income, Value business assets, and Expected increase in profits in twelve months",121475071,121475071_1,Macours et.al,Atención a Crisis (AC) programme,29,12,1,1,1,0,0,0,0,1,Income,Income,Non-agr. wage income,0,CCT + grant (T3),page: 2447; table: 2; table label: Table 2. Impact on Different Indicators of Economic Returns; row label: CCT + grant (T3) ; column label: Non-agr. wage income,-179.3,454,-0.39,,,0.016**,56,50,106,,,"3,880",3,0,3880,6,-0.012680564,-0.012680564,-0.012679746,0.001030938,0.999806589,0.001030739,0.032105121,-0.075605784,0.050246291,0,"During a first lottery, to which the mayors of the municipalities were invited to attend and participate, 44 blocks were randomly selected and half of the communities in each block were randomly assigned to treatment, and the other half to the control. ...""In the treatment communities, the principal caregiver in each eligible household (typically a woman) was then invited to a registration assembly, where the program objectives and various components were explained. At the end of the assembly, a second lottery took place in each community. During this lottery, all eligible households within each community were assigned to one of three treatment packages: (1) a basic CCT; (2) a basic CCT plus a scholarship for a vocational training; or (3) a basic CCT plus a business grant."" p2442",1,Targeting the main caregiver of the household. Authors indicated that most of the time this was women,17,Nicaragua AaC Grant,Nicaragua AaC (Atencion a Crisis program),0,"UoR: communites.
UoA: households
SE clustered at the community level.",2022,Macours et.al (2022) Nicaragua AaC Grant,Nicaragua,,,,,,,,,,,,,,,,,,,,,,,,,,,,,,,,,,,,,,,,,,,,,,,,,,,,,,,,,,,,,,,,,,,,,,,,,,,,,,,,,,,,,,,,,,,,,,,,,,,,,,,,,,,,,,,,,,,,,,,,,,,,,,,,,,,,,,,,,,,,,,,,,,,,,,,,,,,,,,,,,,,,,,,,,,,,,,,
Farzana,"The original row and column labels in Table 2 (page 2447), titled “Impact on Different Indicators of Economic Returns”, were identified as incorrect. Specifically, the entries for Non-agr. wage income, Value business assets, and Expected increase in profits in twelve months had been mistakenly used as row labels, while CCT + grant (T3) had been used as the column label. These have now been corrected so that CCT + grant (T3) appears as the row label, with the corresponding outcome indicators—Non-agr. wage income, Value business assets, and Expected increase in profits in twelve months",121475071,121475071_2,Macours et.al,Atención a Crisis (AC) programme,29,12,1,1,1,0,0,0,0,1,Assets,Assets,Value business assets,0,CCT + grant (T3),"page: 2447; table: 2; table label: Table 2. Impact on Different Indicators of Economic Returns; row label: CCT + grant (T3); column label Value business assets

",233.1,83.2,2.80,,,0.001***,56,50,106,,,"3,882",3,0,3882,6,0.089933434,0.089933434,0.089927639,0.001030918,0.999806689,0.001030718,0.032104802,0.027002228,0.15285305,0,"During a first lottery, to which the mayors of the municipalities were invited to attend and participate, 44 blocks were randomly selected and half of the communities in each block were randomly assigned to treatment, and the other half to the control. ...""In the treatment communities, the principal caregiver in each eligible household (typically a woman) was then invited to a registration assembly, where the program objectives and various components were explained. At the end of the assembly, a second lottery took place in each community. During this lottery, all eligible households within each community were assigned to one of three treatment packages: (1) a basic CCT; (2) a basic CCT plus a scholarship for a vocational training; or (3) a basic CCT plus a business grant."" p2442",1,Targeting the main caregiver of the household. Authors indicated that most of the time this was women,17,Nicaragua AaC Grant,Nicaragua AaC (Atencion a Crisis program),0,"UoR: communites.
UoA: households
SE clustered at the community level.",2022,Macours et.al (2022) Nicaragua AaC Grant,Nicaragua,,,,,,,,,,,,,,,,,,,,,,,,,,,,,,,,,,,,,,,,,,,,,,,,,,,,,,,,,,,,,,,,,,,,,,,,,,,,,,,,,,,,,,,,,,,,,,,,,,,,,,,,,,,,,,,,,,,,,,,,,,,,,,,,,,,,,,,,,,,,,,,,,,,,,,,,,,,,,,,,,,,,,,,,,,,,,,,
Farzana,"The original row and column labels in Table 2 (page 2447), titled “Impact on Different Indicators of Economic Returns”, were identified as incorrect. Specifically, the entries for Non-agr. wage income, Value business assets, and Expected increase in profits in twelve months had been mistakenly used as row labels, while CCT + grant (T3) had been used as the column label. These have now been corrected so that CCT + grant (T3) appears as the row label, with the corresponding outcome indicators—Non-agr. wage income, Value business assets, and Expected increase in profits in twelve months",121475071,121475071_3,Macours et.al,Atención a Crisis (AC) programme,29,12,1,1,1,0,0,0,0,1,Income,Income,Exp. increase in profits in twelve months,0,CCT + grant (T3),page: 2447; table: 2; table label: Table 2. Impact on Different Indicators of Economic Returns; row label: CCT + grant (T3); column label: Exp. increase in profits in twelve months,178.4,65.6,2.719512195,,,0.00***,56,50,106,,,"1,204",3,0,1204,6,0.156750077,0.156750077,0.156717468,0.003327361,0.99937591,0.003325284,0.057665279,0.043693521,0.269741416,0,"During a first lottery, to which the mayors of the municipalities were invited to attend and participate, 44 blocks were randomly selected and half of the communities in each block were randomly assigned to treatment, and the other half to the control. ...""In the treatment communities, the principal caregiver in each eligible household (typically a woman) was then invited to a registration assembly, where the program objectives and various components were explained. At the end of the assembly, a second lottery took place in each community. During this lottery, all eligible households within each community were assigned to one of three treatment packages: (1) a basic CCT; (2) a basic CCT plus a scholarship for a vocational training; or (3) a basic CCT plus a business grant."" p2442",1,Targeting the main caregiver of the household. Authors indicated that most of the time this was women,17,Nicaragua AaC Grant,Nicaragua AaC (Atencion a Crisis program),0,"UoR: communites.
UoA: households
SE clustered at the community level.",2022,Macours et.al (2022) Nicaragua AaC Grant,Nicaragua,,,,,,,,,,,,,,,,,,,,,,,,,,,,,,,,,,,,,,,,,,,,,,,,,,,,,,,,,,,,,,,,,,,,,,,,,,,,,,,,,,,,,,,,,,,,,,,,,,,,,,,,,,,,,,,,,,,,,,,,,,,,,,,,,,,,,,,,,,,,,,,,,,,,,,,,,,,,,,,,,,,,,,,,,,,,,,,
Farzana,No Comments,121295641,121295641_1,Bedoya et. al,Targeting the Ultra Poor program (TUP),17,12,1,1,1,1,1,1,1,1,Expenditure,Expenditure,"Consumption per Capita (USD), Month",0,TUP,"page: 38; table: 3; table label: Table 3: Impact on Consumption, Food Security and Assets; row label: Consumption per Capita (USD), Month; column label: Treatment Effect, Level (2)",24.027,4.24,5.67,,,0.00***,,,133,,,1147,2,0,1147,6,0.33464318,0.33464318,0.334570098,0.003511767,0.999344835,0.003509466,0.059240746,0.218458235,0.45068196,0,no mention of the control receiving components from other programs,0,no women requirement as lead recipient,18,Afghanistan TUP RCT/Balkh,Afghanistan TUP RCT/Balkh (Targeting the Ultra Poor),0,"UoA=UoR, household level
""n our experiment, 1,219 of the poorest households across 80  villages were randomly assigned through a public lottery to either a treatment or a control group. "" p3 and p18",2019,Bedoya et. al (2019) Afghanistan TUP RCT/Balkh,Afghanistan,,,,,,,,,Not food expenditure outcome,,,,,,,,,,,,,,,,,,,,,,,,,,,,,,,,,,,,,,,,,,,,,,,,,,,,,,,,,,,,,,,,,,,,,,,,,,,,,,,,,,,,,,,,,,,,,,,,,,,,,,,,,,,,,,,,,,,,,,,,,,,,,,,,,,,,,,,,,,,,,,,,,,,,,,,,,,,,,,,,,,,,,,
Farzana,No Comments,121295641,121295641_2,Bedoya et. al,Targeting the Ultra Poor program (TUP),17,12,1,1,1,1,1,1,1,1,Poverty,Poverty,Household Is Below National Poverty Line,0,TUP,"page: 38; table: 3; table label: Table 3: Impact on Consumption, Food Security and Assets; row label: Household Is Below National Poverty Line; column label: Treatment Effect, Level (2)",-0.199,0.027,-7.37,,,0.00***,,,133,,,1147,2,0,1147,6,-0.435248817,-0.435248817,-0.435153763,0.003528649,0.999344835,0.003526337,0.05938297,-0.551544385,-0.318763142,0,no mention of the control receiving components from other programs,0,no women requirement as lead recipient,18,Afghanistan TUP RCT/Balkh,Afghanistan TUP RCT/Balkh (Targeting the Ultra Poor),0,"UoA=UoR, household level
""n our experiment, 1,219 of the poorest households across 80  villages were randomly assigned through a public lottery to either a treatment or a control group. "" p3 and p18",2019,Bedoya et. al (2019) Afghanistan TUP RCT/Balkh,Afghanistan,,,,,,,,,,,,,,,,1,,,,,,,,,,,,,,,,,,,,,,,,,,,,,,,,,,,,,,,,,,,,,,,,,,,,,,,,,,,,,,,,,,,,,,,,,,,,,,,,,,,,,,,,,,,,,,,,,,,,,,,,,,,,,,,,,,,,,,,,,,,,,,,,,,,,,,,,,,,,,,,,,,,,,,,,,,,,,,,
Farzana,No Comments,121295641,121295641_3,Bedoya et. al,Targeting the Ultra Poor program (TUP),17,12,1,1,1,1,1,1,1,1,Assets,Assets,Value of Livestock (USD),0,TUP,"page: 38; table: 3; table label: Table 3: Impact on Consumption, Food Security and Assets; row label: Value of Livestock (USD); column label: Treatment Effect, Level (2)",839.076,58.65,14.31,,,0.00***,,,133,,,1111,2,0,1111,6,0.858432693,0.858432693,0.858239134,0.003766181,0.999323563,0.003763633,0.061348456,0.73799616,0.978482107,0,no mention of the control receiving components from other programs,0,no women requirement as lead recipient,18,Afghanistan TUP RCT/Balkh,Afghanistan TUP RCT/Balkh (Targeting the Ultra Poor),0,"UoA=UoR, household level
""n our experiment, 1,219 of the poorest households across 80  villages were randomly assigned through a public lottery to either a treatment or a control group. "" p3 and p18",2019,Bedoya et. al (2019) Afghanistan TUP RCT/Balkh,Afghanistan,,,,,,,,,,,,,,,,,,,,,,,,,,,,,,,,,,,,,,,,,,,,,,,,,,,,,,,,,,,,,,,,,,,,,,,,,,,,,,,,,,,,,,,,,,,,,,,,,,,,,,,,,,,,,,,,,,,,,,,,,,,,,,,,,,,,,,,,,,,,,,,,,,,,,,,,,,,,,,,,,,,,,,,,,,,,,,,
Farzana,No Comments,121295641,121295641_4,Bedoya et. al,Targeting the Ultra Poor program (TUP),17,12,1,1,1,1,1,1,1,1,Assets,Assets,HH Asset Ownership Index (PCA),0,TUP,"page: 38; table: 3; table label: Table 3: Impact on Consumption, Food Security and Assets; row label: HH Asset Ownership Index (PCA); column label: Treatment Effect, Level (2)",0.357,0.061,5.85,,,0.00***,,,133,,,1147,2,0,1147,6,0.345610293,0.345610293,0.345534815,0.003513393,0.999344835,0.003511091,0.05925446,0.229396074,0.461673557,0,no mention of the control receiving components from other programs,0,no women requirement as lead recipient,18,Afghanistan TUP RCT/Balkh,Afghanistan TUP RCT/Balkh (Targeting the Ultra Poor),0,"UoA=UoR, household level
""n our experiment, 1,219 of the poorest households across 80  villages were randomly assigned through a public lottery to either a treatment or a control group. "" p3 and p18",2019,Bedoya et. al (2019) Afghanistan TUP RCT/Balkh,Afghanistan,,,,,,,,,,,,,,,,,,,,,,,,,,,,,,,,,,,,,,,,,,,,,,,,,,,,,,,,,,,,,,,,,,,,,,,,,,,,,,,,,,,,,,,,,,,,,,,,,,,,,,,,,,,,,,,,,,,,,,,,,,,,,,,,,,,,,,,,,,,,,,,,,,,,,,,,,,,,,,,,,,,,,,,,,,,,,,,
Farzana,No Comments,121295641,121295641_5,Bedoya et. al,Targeting the Ultra Poor program (TUP),17,12,1,1,1,1,1,1,1,1,Savings,Savings,HH Total Savings (USD),0,TUP,"page: 40; table: 5; table label: Table 5: Impact on Financial Inclusion and Income and Revenues from Productive Activities; row label: HH Total Savings (USD); column label: Treatment Effect, Level (2)",106.066,10.488,10.11,,,0.00***,,,133,,,1140,2,0,1140,6,0.599047255,0.599047255,0.598915625,0.003587469,0.999340804,0.003585104,0.059875737,0.48155918,0.71627207,0,no mention of the control receiving components from other programs,0,no women requirement as lead recipient,18,Afghanistan TUP RCT/Balkh,Afghanistan TUP RCT/Balkh (Targeting the Ultra Poor),0,"UoA=UoR, household level
""n our experiment, 1,219 of the poorest households across 80  villages were randomly assigned through a public lottery to either a treatment or a control group. "" p3 and p18",2019,Bedoya et. al (2019) Afghanistan TUP RCT/Balkh,Afghanistan,,,,,,,,,,,,,,1,,,,,,,,,,,,,,,,,,,,,,,,,,,,,,,,,,,,,,,,,,,,,,,,,,,,,,,,,,,,,,,,,,,,,,,,,,,,,,,,,,,,,,,,,,,,,,,,,,,,,,,,,,,,,,,,,,,,,,,,,,,,,,,,,,,,,,,,,,,,,,,,,,,,,,,,,,,,,,,,,
Farzana,No Comments,121295641,121295641_6,Bedoya et. al,Targeting the Ultra Poor program (TUP),17,12,1,1,1,1,1,1,1,1,Income,INcome,Total Household Income and Revenues (USD),0,TUP,"page: 40; table: 5; table label: Table 5: Impact on Financial Inclusion and Income and Revenues from Productive Activities; row label: Total Household Income and Revenues
(USD); column label: Treatment Effect, Level (2)",68.801,25.426,2.71,,,0.007***,,,133,,,1145,2,0,1145,6,0.159935164,0.159935164,0.159900175,0.003499035,0.999343688,0.003496738,0.059133225,0.043999054,0.275801296,0,no mention of the control receiving components from other programs,0,no women requirement as lead recipient,18,Afghanistan TUP RCT/Balkh,Afghanistan TUP RCT/Balkh (Targeting the Ultra Poor),0,"UoA=UoR, household level
""n our experiment, 1,219 of the poorest households across 80  villages were randomly assigned through a public lottery to either a treatment or a control group. "" p3 and p18",2019,Bedoya et. al (2019) Afghanistan TUP RCT/Balkh,Afghanistan,,,,,,,,,,,,,,,,,,,,,,,,,,,,,,,,,,,,,,,,,,,,,,,,,,,,,,,,,,,,,,,,,,,,,,,,,,,,,,,,,,,,,,,,,,,,,,,,,,,,,,,,,,,,,,,,,,,,,,,,,,,,,,,,,,,,,,,,,,,,,,,,,,,,,,,,,,,,,,,,,,,,,,,,,,,,,,,
Farzana,No Comments,121326790,121326790_1,Bedoya et. al,Targeting the Ultra Poor program (TUP),44,12,1,1,1,1,1,1,1,1,Expenditure,Expenditure,"Consumption Index Proxy (Endline Control = 1), Month",0,TUP,"page: 19; table: 2; table label: Table 2: Impacts on Consumption, Food Security and Nutritional Diversity; row label: Consumption Index Proxy (Endline Control = 1), Month; column label: Level (SE)",0.161,0.06,2.68,,,0.015**,,,80,,,"2,182",3,1,727,6,0.198993035,0.198993035,0.198924424,0.005513152,0.998965636,0.00550745,0.074212195,0.053468523,0.344380326,0,no mention of the control receiving components from other programs,0,no women requirement as lead recipient,18,Afghanistan TUP RCT/Balkh,Afghanistan TUP RCT/Balkh (Targeting the Ultra Poor),0,"UoA=UoR, household level
""A public lottery was then held in May 2016 where 1,219 UP households in the study villages were randomly assigned into one treatment group (491 households) and one control group (728 households)."" p11
When analysis is at the individual level, SE are clustered at the household level",2023,Bedoya et. al (2023) Afghanistan TUP RCT/Balkh,Afghanistan,,,,,,,,,Not food expenditure outcome,,,,,,,,,,,,,,,,,,,,,,,,,,,,,,,,,,,,,,,,,,,,,,,,,,,,,,,,,,,,,,,,,,,,,,,,,,,,,,,,,,,,,,,,,,,,,,,,,,,,,,,,,,,,,,,,,,,,,,,,,,,,,,,,,,,,,,,,,,,,,,,,,,,,,,,,,,,,,,,,,,,,,,
Farzana,No Comments,121326790,121326790_2,Bedoya et. al,Targeting the Ultra Poor program (TUP),44,12,1,1,1,1,1,1,1,1,Savings,Savings,HH Total Savings (USD),0,TUP,"page: 21; table: 3; table label: Table 3: Impacts on Household Finances; row label: HH Total Savings (USD), Month; column label: Level (SE)",9.3,5.6,1.66,,,0.100*,,,80,,,504,3,0,504,6,0.147948187,0.147948187,0.147874471,0.007947365,0.998505232,0.007935486,0.089081345,-0.026724964,0.322473907,0,no mention of the control receiving components from other programs,0,no women requirement as lead recipient,18,Afghanistan TUP RCT/Balkh,Afghanistan TUP RCT/Balkh (Targeting the Ultra Poor),0,"UoA=UoR, household level
""A public lottery was then held in May 2016 where 1,219 UP households in the study villages were randomly assigned into one treatment group (491 households) and one control group (728 households)."" p11
When analysis is at the individual level, SE are clustered at the household level",2023,Bedoya et. al (2023) Afghanistan TUP RCT/Balkh,Afghanistan,,,,,,,,,,,,,1,1,Selected as longest follo up period,,,,,,,,,,,,,,,,,,,,,,,,,,,,,,,,,,,,,,,,,,,,,,,,,,,,,,,,,,,,,,,,,,,,,,,,,,,,,,,,,,,,,,,,,,,,,,,,,,,,,,,,,,,,,,,,,,,,,,,,,,,,,,,,,,,,,,,,,,,,,,,,,,,,,,,,,,,,,,,,
Farzana,No Comments,121326790,121326790_3,Bedoya et. al,Targeting the Ultra Poor program (TUP),44,12,1,1,1,1,1,1,1,1,Assets,Assets,HH Asset Ownership Index,0,TUP,"page: 23; table: 4; table label: Table 4: Impacts on Household Durable and Productive Assets; row label: HH Asset Ownership Index, Month; column label: Level (SE)",0.292,0.074,3.95,,,0.00***,,,80,,,"1,412",3,1,471,6,0.363767928,0.363767928,0.36357378,0.008568871,0.998398861,0.008555151,0.092494058,0.182285428,0.544862133,0,no mention of the control receiving components from other programs,0,no women requirement as lead recipient,18,Afghanistan TUP RCT/Balkh,Afghanistan TUP RCT/Balkh (Targeting the Ultra Poor),0,"UoA=UoR, household level
""A public lottery was then held in May 2016 where 1,219 UP households in the study villages were randomly assigned into one treatment group (491 households) and one control group (728 households)."" p11
When analysis is at the individual level, SE are clustered at the household level",2023,Bedoya et. al (2023) Afghanistan TUP RCT/Balkh,Afghanistan,,,,,,,,,,,,,,,,,,,,,,,,,,,,,,,,,,,,,,,,,,,,,,,,,,,,,,,,,,,,,,,,,,,,,,,,,,,,,,,,,,,,,,,,,,,,,,,,,,,,,,,,,,,,,,,,,,,,,,,,,,,,,,,,,,,,,,,,,,,,,,,,,,,,,,,,,,,,,,,,,,,,,,,,,,,,,,,
Farzana,No Comments,121326790,121326790_4,Bedoya et. al,Targeting the Ultra Poor program (TUP),44,12,1,1,1,1,1,1,1,1,Assets,Assets,Total Value of Livestock (USD),0,TUP,"page: 23; table: 4; table label: Table 4: Impacts on Household Durable and Productive Assets; row label: Total Value of Livestock (USD), Month; column label: Level (SE)",328,50.4,6.51,,,0.00***,,,80,,,721,3,0,721,6,0.484736442,0.484736442,0.484567838,0.005629324,0.998956522,0.00562345,0.074989663,0.337588098,0.631547578,0,no mention of the control receiving components from other programs,0,no women requirement as lead recipient,18,Afghanistan TUP RCT/Balkh,Afghanistan TUP RCT/Balkh (Targeting the Ultra Poor),0,"UoA=UoR, household level
""A public lottery was then held in May 2016 where 1,219 UP households in the study villages were randomly assigned into one treatment group (491 households) and one control group (728 households)."" p11
When analysis is at the individual level, SE are clustered at the household level",2023,Bedoya et. al (2023) Afghanistan TUP RCT/Balkh,Afghanistan,,,,,,,,,,,,,,,,,,,,,,,,,,,,,,,,,,,,,,,,,,,,,,,,,,,,,,,,,,,,,,,,,,,,,,,,,,,,,,,,,,,,,,,,,,,,,,,,,,,,,,,,,,,,,,,,,,,,,,,,,,,,,,,,,,,,,,,,,,,,,,,,,,,,,,,,,,,,,,,,,,,,,,,,,,,,,,,
Farzana,No Comments,121326790,121326790_5,Bedoya et. al,Targeting the Ultra Poor program (TUP),44,12,1,1,1,1,1,1,1,1,Income,Income,Total HH Income and Revenues Proxy,0,TUP,"page: 25; table: 6; table label: Table 6: Impacts on Total Household Income and Revenues Proxy (USD), Month; row label: Total HH Income and Revenues Proxy, Month; column label: Level (SE)",13.40,4.00,3.35,,,0.00***,,,80,,,750,3,0,750,6,0.244649409,0.244649409,0.244567614,0.005353284,0.998996991,0.005347915,0.07312944,0.101233911,0.387901317,0,no mention of the control receiving components from other programs,0,no women requirement as lead recipient,18,Afghanistan TUP RCT/Balkh,Afghanistan TUP RCT/Balkh (Targeting the Ultra Poor),0,"UoA=UoR, household level
""A public lottery was then held in May 2016 where 1,219 UP households in the study villages were randomly assigned into one treatment group (491 households) and one control group (728 households)."" p11
When analysis is at the individual level, SE are clustered at the household level",2023,Bedoya et. al (2023) Afghanistan TUP RCT/Balkh,Afghanistan,,,,,,,,,,,,,,,,,,,,,,,,,,,,,,,,,,,,,,,,,,,,,,,,,,,,,,,,,,,,,,,,,,,,,,,,,,,,,,,,,,,,,,,,,,,,,,,,,,,,,,,,,,,,,,,,,,,,,,,,,,,,,,,,,,,,,,,,,,,,,,,,,,,,,,,,,,,,,,,,,,,,,,,,,,,,,,,
Pierre,,121327437,121327437_1,Botea et al.,SWL Supporting Women’s Livelihoods program,12,8,1,0,1,1,1,1,0,1,Expenditure,Total consumption ,"Consumption outcomes are calculated per adult equivalent. ""Sum of value of food and non-food consumption. Individuals report crop-unit combinations (e.g. bushel of maize): We calculate the value of food consumed using median prices for smallest region with at least 10 reported prices for the given crop-unit."" p55",0,"12 month impact. Full package ( The SWL initiative
provided selected poor, rural women with a bundled “big push” package comprising a productive grant
equivalent to US$225, a 21 session life and business skill training, support to form savings groups, and six
months of group mentoring ) + Cash (small amount of consumption support, 3 transfers totaling approximately $16) (p. 4 and 5)",Page 42: Table B5: Consumption Support Impacts: Aggregate measures; Panel A: 12 month impacts; Row: Total consumption; Column: Package w/CS (Column 4) ,0.24,0.07,3.428571429,,,Not provided but SE are,,,298,,,3782,2,0,3782,6,0.111501943,0.111501943,0.111494568,0.001058463,0.999801574,0.001058253,0.032530805,0.04773419,0.175254946,0,"“The program targeted extremely poor women in rural areas, offering a package that included: (i) a productive grant equivalent to US$225, (ii) a 21-session life and business skills training, (iii) support to form savings groups, and (iv) six months of group mentoring. “ p1 “An additional arm received the “Full Package Plus” which included a small amount of consumption support, 3 transfers totaling approximately $16.6 ” p3. Estimates of this Full package plus programme were extracted.
""In collaboration with the government, we randomized 298 SWL communities across 10 of the 51 districts in the program into one of four implementation packages: (i) a Full Package with all program elements; (ii) a Financial Capital bundle offering productive grants and savings groups; (iii) A Human Capital package offering training and mentorship; and (iv) a Control arm."" p4",1,"Yes targeting women: ""The program targeted extremely poor women in rural areas"" p1",19,Zambia SWL,Zambia SWL (Supporting Women's Livelihoods),0,"UoR: community level
UoA: household level
""In collaboration with the government, we randomized 298 SWL communities across 10 of the 51 districts in the program into one of four implementation packages: (i) a Full Package with all program elements; (ii) a Financial Capital bundle offering productive grants and savings groups; (iii) A Human Capital package offering training and mentorship; and (iv) a Control arm."" p4
Standard errors are clustered at the community level.",2023,Botea et al. (2023) Zambia SWL,Zambia,,,,,,,,1,Not selected for RE but selected for RVE as not longest follow up,,,,,,,,,,,,,,,,,,,,,,,,,,,,,,,,,,,,,,,,,,,,,,,,,,,,,,,,,,,,,,,,,,,,,,,,,,,,,,,,,,,,,,,,,,,,,,,,,,,,,,,,,,,,,,,,,,,,,,,,,,,,,,,,,,,,,,,,,,,,,,,,,,,,,,,,,,,,,,,,,,,,,,
Pierre,,121327437,121327437_2,Botea et al.,SWL Supporting Women’s Livelihoods program,38,8,1,0,1,1,1,1,0,1,Expenditure,Total consumption,"Consumption outcomes are calculated per adult equivalent. ""Sum of value of food and non-food consumption. Individuals report crop-unit combinations (e.g. bushel of maize): We calculate the value of food consumed using median prices for smallest region with at least 10 reported prices for the given crop-unit."" p55",0,"38 month impact. Full package ( The SWL initiative
provided selected poor, rural women with a bundled “big push” package comprising a productive grant
equivalent to US$225, a 21 session life and business skill training, support to form savings groups, and six
months of group mentoring ) + Cash (small amount of consumption support, 3 transfers totaling approximately $16) (p. 4 and 5)",Page 42: Table B5: Consumption Support Impacts: Aggregate measures; Panel B: 38 month impacts; Row: Total consumption; Column: Package w/CS (Column 4) ,0.27,0.11,2.454545455,,,Not provided but SE are,,,298,,,3748,2,0,3748,6,0.080186505,0.080186505,0.080181153,0.001067665,0.999799773,0.001067451,0.032671868,0.016144291,0.144218015,0,"“The program targeted extremely poor women in rural areas, offering a package that included: (i) a productive grant equivalent to US$225, (ii) a 21-session life and business skills training, (iii) support to form savings groups, and (iv) six months of group mentoring. “ p1 “An additional arm received the “Full Package Plus” which included a small amount of consumption support, 3 transfers totaling approximately $16.6 ” p3. Estimates of this Full package plus programme were extracted.
""In collaboration with the government, we randomized 298 SWL communities across 10 of the 51 districts in the program into one of four implementation packages: (i) a Full Package with all program elements; (ii) a Financial Capital bundle offering productive grants and savings groups; (iii) A Human Capital package offering training and mentorship; and (iv) a Control arm."" p4",1,"Yes targeting women: ""The program targeted extremely poor women in rural areas"" p1",19,Zambia SWL,Zambia SWL (Supporting Women's Livelihoods),0,"UoR: community level
UoA: household level
""In collaboration with the government, we randomized 298 SWL communities across 10 of the 51 districts in the program into one of four implementation packages: (i) a Full Package with all program elements; (ii) a Financial Capital bundle offering productive grants and savings groups; (iii) A Human Capital package offering training and mentorship; and (iv) a Control arm."" p4
Standard errors are clustered at the community level.",2023,Botea et al. (2023) Zambia SWL,Zambia,,,,,,,1,1,Selected as longest follow up period,,,,,,,,,,,,,,,,,,,,,,,,,,,,,,,,,,,,,,,,,,,,,,,,,,,,,,,,,,,,,,,,,,,,,,,,,,,,,,,,,,,,,,,,,,,,,,,,,,,,,,,,,,,,,,,,,,,,,,,,,,,,,,,,,,,,,,,,,,,,,,,,,,,,,,,,,,,,,,,,,,,,,,
Pierre,,121327437,121327437_3,Botea et al.,SWL Supporting Women’s Livelihoods program,12,8,1,0,1,1,1,1,0,1,Assets,Assets,Asset index. First principal component of indicator variables for owning the following assets: clock; radio; bicycle; bed; mattress; sofa; chair; table; oxcart; plough; oxharrow; hammer mill; treadle pump; canoe; boat; fishnet; axe; hoe; scooter; mobile phone; mosquito net; crop sprayer; brazier; iron; house; pick; hammer; and shovel  p55,0,"12 month impact. Full package ( The SWL initiative
provided selected poor, rural women with a bundled “big push” package comprising a productive grant
equivalent to US$225, a 21 session life and business skill training, support to form savings groups, and six
months of group mentoring ) + Cash (small amount of consumption support, 3 transfers totaling approximately $16) (p. 4 and 5)",Page 42: Table B5: Consumption Support Impacts: Aggregate measures; Panel A: 12 month impacts; Row: Assets; Column: Package w/CS (Column 4) ,0.26,0.07,3.714285714,,,Not provided but SE are,,,298,,,3782,2,0,3782,6,0.120793772,0.120793772,0.120785782,0.001058606,0.999801574,0.001058396,0.032532997,0.057021107,0.184550457,0,"“The program targeted extremely poor women in rural areas, offering a package that included: (i) a productive grant equivalent to US$225, (ii) a 21-session life and business skills training, (iii) support to form savings groups, and (iv) six months of group mentoring. “ p1 “An additional arm received the “Full Package Plus” which included a small amount of consumption support, 3 transfers totaling approximately $16.6 ” p3. Estimates of this Full package plus programme were extracted.
""In collaboration with the government, we randomized 298 SWL communities across 10 of the 51 districts in the program into one of four implementation packages: (i) a Full Package with all program elements; (ii) a Financial Capital bundle offering productive grants and savings groups; (iii) A Human Capital package offering training and mentorship; and (iv) a Control arm."" p4",1,"Yes targeting women: ""The program targeted extremely poor women in rural areas"" p1",19,Zambia SWL,Zambia SWL (Supporting Women's Livelihoods),0,"UoR: community level
UoA: household level
""In collaboration with the government, we randomized 298 SWL communities across 10 of the 51 districts in the program into one of four implementation packages: (i) a Full Package with all program elements; (ii) a Financial Capital bundle offering productive grants and savings groups; (iii) A Human Capital package offering training and mentorship; and (iv) a Control arm."" p4
Standard errors are clustered at the community level.",2023,Botea et al. (2023) Zambia SWL,Zambia,,,,,,,,,,,,,,,,,,,,,,,,,,,,,,,,,,,,,,,,,,,,,,,,,,,,,,,,,,,,,,,,,,,,,,,,,,,,,,,,,,,,,,,,,,,,,,,,,,,,,,,,,,,,,,,,,,,,,,,,,,,,,,,,,,,,,,,,,,,,,,,,,,,,,,,,,,,,,,,,,,,,,,,,,,,,,,,
Pierre,,121327437,121327437_4,Botea et al.,SWL Supporting Women’s Livelihoods program,38,8,1,0,1,1,1,1,0,1,Assets,Assets,Asset index. First principal component of indicator variables for owning the following assets: clock; radio; bicycle; bed; mattress; sofa; chair; table; oxcart; plough; oxharrow; hammer mill; treadle pump; canoe; boat; fishnet; axe; hoe; scooter; mobile phone; mosquito net; crop sprayer; brazier; iron; house; pick; hammer; and shovel  p55,0,"38 month impact. Full package ( The SWL initiative
provided selected poor, rural women with a bundled “big push” package comprising a productive grant
equivalent to US$225, a 21 session life and business skill training, support to form savings groups, and six
months of group mentoring ) + Cash (small amount of consumption support, 3 transfers totaling approximately $16) (p. 4 and 5)",Page 42: Table B5: Consumption Support Impacts: Aggregate measures; Panel B: 38 month impacts; Row: Assets; Column: Package w/CS (Column 4) ,0.25,0.08,3.125,,,Not provided but SE are,,,298,,,3748,2,0,3748,6,0.1020893,0.1020893,0.102082486,0.001067931,0.999799773,0.001067717,0.032675942,0.038037639,0.166127334,0,"“The program targeted extremely poor women in rural areas, offering a package that included: (i) a productive grant equivalent to US$225, (ii) a 21-session life and business skills training, (iii) support to form savings groups, and (iv) six months of group mentoring. “ p1 “An additional arm received the “Full Package Plus” which included a small amount of consumption support, 3 transfers totaling approximately $16.6 ” p3. Estimates of this Full package plus programme were extracted.
""In collaboration with the government, we randomized 298 SWL communities across 10 of the 51 districts in the program into one of four implementation packages: (i) a Full Package with all program elements; (ii) a Financial Capital bundle offering productive grants and savings groups; (iii) A Human Capital package offering training and mentorship; and (iv) a Control arm."" p4",1,"Yes targeting women: ""The program targeted extremely poor women in rural areas"" p1",19,Zambia SWL,Zambia SWL (Supporting Women's Livelihoods),0,"UoR: community level
UoA: household level
""In collaboration with the government, we randomized 298 SWL communities across 10 of the 51 districts in the program into one of four implementation packages: (i) a Full Package with all program elements; (ii) a Financial Capital bundle offering productive grants and savings groups; (iii) A Human Capital package offering training and mentorship; and (iv) a Control arm."" p4
Standard errors are clustered at the community level.",2023,Botea et al. (2023) Zambia SWL,Zambia,,,,,,,,,,,,,,,,,,,,,,,,,,,,,,,,,,,,,,,,,,,,,,,,,,,,,,,,,,,,,,,,,,,,,,,,,,,,,,,,,,,,,,,,,,,,,,,,,,,,,,,,,,,,,,,,,,,,,,,,,,,,,,,,,,,,,,,,,,,,,,,,,,,,,,,,,,,,,,,,,,,,,,,,,,,,,,,
Pierre,,121327437,121327437_5,Botea et al.,SWL Supporting Women’s Livelihoods program,12,8,1,0,1,1,1,1,0,1,Savings,Savings,"Annual savings in local currency. ""Aggregate savings across formal, informal, and savings-group accounts."" p55",0,"12 month impact. Full package ( The SWL initiative
provided selected poor, rural women with a bundled “big push” package comprising a productive grant
equivalent to US$225, a 21 session life and business skill training, support to form savings groups, and six
months of group mentoring ) + Cash (small amount of consumption support, 3 transfers totaling approximately $16) (p. 4 and 5)",Page 42: Table B5: Consumption Support Impacts: Aggregate measures; Panel A: 12 month impacts; Row: Savings Column: Package w/CS (Column 4) ,0.43,0.08,5.375,,,Not provided but SE are,,,298,,,3782,2,0,3782,6,0.174802525,0.174802525,0.174790963,0.001059661,0.999801574,0.001059451,0.032549209,0.110994513,0.238587413,0,"“The program targeted extremely poor women in rural areas, offering a package that included: (i) a productive grant equivalent to US$225, (ii) a 21-session life and business skills training, (iii) support to form savings groups, and (iv) six months of group mentoring. “ p1 “An additional arm received the “Full Package Plus” which included a small amount of consumption support, 3 transfers totaling approximately $16.6 ” p3. Estimates of this Full package plus programme were extracted.
""In collaboration with the government, we randomized 298 SWL communities across 10 of the 51 districts in the program into one of four implementation packages: (i) a Full Package with all program elements; (ii) a Financial Capital bundle offering productive grants and savings groups; (iii) A Human Capital package offering training and mentorship; and (iv) a Control arm."" p4",1,"Yes targeting women: ""The program targeted extremely poor women in rural areas"" p1",19,Zambia SWL,Zambia SWL (Supporting Women's Livelihoods),0,"UoR: community level
UoA: household level
""In collaboration with the government, we randomized 298 SWL communities across 10 of the 51 districts in the program into one of four implementation packages: (i) a Full Package with all program elements; (ii) a Financial Capital bundle offering productive grants and savings groups; (iii) A Human Capital package offering training and mentorship; and (iv) a Control arm."" p4
Standard errors are clustered at the community level.",2023,Botea et al. (2023) Zambia SWL,Zambia,,,,,,,,,,,,,,1,,,,,,,,,,,,,,,,,,,,,,,,,,,,,,,,,,,,,,,,,,,,,,,,,,,,,,,,,,,,,,,,,,,,,,,,,,,,,,,,,,,,,,,,,,,,,,,,,,,,,,,,,,,,,,,,,,,,,,,,,,,,,,,,,,,,,,,,,,,,,,,,,,,,,,,,,,,,,,,,,
Pierre,,121327437,121327437_6,Botea et al.,SWL Supporting Women’s Livelihoods program,38,8,1,0,1,1,1,1,0,1,Savings,Savings,"Annual savings in local currency. ""Aggregate savings across formal, informal, and savings-group accounts."" p55",0,"38 month impact. Full package ( The SWL initiative
provided selected poor, rural women with a bundled “big push” package comprising a productive grant
equivalent to US$225, a 21 session life and business skill training, support to form savings groups, and six
months of group mentoring ) + Cash (small amount of consumption support, 3 transfers totaling approximately $16) (p. 4 and 5)",Page 42: Table B5: Consumption Support Impacts: Aggregate measures; Panel B: 38 month impacts; Row: Savings Column: Package w/CS (Column 4) ,0.35,0.1,3.5,,,Not provided but SE are,,,298,,,3748,2,0,3748,6,0.114340016,0.114340016,0.114332385,0.001068108,0.999799773,0.001067894,0.032678648,0.050282235,0.178382535,0,"“The program targeted extremely poor women in rural areas, offering a package that included: (i) a productive grant equivalent to US$225, (ii) a 21-session life and business skills training, (iii) support to form savings groups, and (iv) six months of group mentoring. “ p1 “An additional arm received the “Full Package Plus” which included a small amount of consumption support, 3 transfers totaling approximately $16.6 ” p3. Estimates of this Full package plus programme were extracted.
""In collaboration with the government, we randomized 298 SWL communities across 10 of the 51 districts in the program into one of four implementation packages: (i) a Full Package with all program elements; (ii) a Financial Capital bundle offering productive grants and savings groups; (iii) A Human Capital package offering training and mentorship; and (iv) a Control arm."" p4",1,"Yes targeting women: ""The program targeted extremely poor women in rural areas"" p1",19,Zambia SWL,Zambia SWL (Supporting Women's Livelihoods),0,"UoR: community level
UoA: household level
""In collaboration with the government, we randomized 298 SWL communities across 10 of the 51 districts in the program into one of four implementation packages: (i) a Full Package with all program elements; (ii) a Financial Capital bundle offering productive grants and savings groups; (iii) A Human Capital package offering training and mentorship; and (iv) a Control arm."" p4
Standard errors are clustered at the community level.",2023,Botea et al. (2023) Zambia SWL,Zambia,,,,,,,,,,,,,1,1,Selected as longest follo up period,,,,,,,,,,,,,,,,,,,,,,,,,,,,,,,,,,,,,,,,,,,,,,,,,,,,,,,,,,,,,,,,,,,,,,,,,,,,,,,,,,,,,,,,,,,,,,,,,,,,,,,,,,,,,,,,,,,,,,,,,,,,,,,,,,,,,,,,,,,,,,,,,,,,,,,,,,,,,,,,
Pierre,,121327437,121327437_7,Botea et al.,SWL Supporting Women’s Livelihoods program,12,8,1,0,1,1,1,1,0,1,Income,Aggregate Income,"Annual total income in local currency. ""Sum of household business profits, labor income, livestock sales, and crop sales. "" p55",0,"12 month impact. Full package ( The SWL initiative
provided selected poor, rural women with a bundled “big push” package comprising a productive grant
equivalent to US$225, a 21 session life and business skill training, support to form savings groups, and six
months of group mentoring ) + Cash (small amount of consumption support, 3 transfers totaling approximately $16) (p. 4 and 5)",Page 42: Table B5: Consumption Support Impacts: Aggregate measures; Panel A: 12 month impacts; Row: Aggregate Income; Column: Package w/CS (Column 4) ,0.28,0.07,4,,,Not provided but SE are,,,298,,,3782,2,0,3782,6,0.1300856,0.1300856,0.130076996,0.00105876,0.999801574,0.00105855,0.032535365,0.06630768,0.193846312,0,"“The program targeted extremely poor women in rural areas, offering a package that included: (i) a productive grant equivalent to US$225, (ii) a 21-session life and business skills training, (iii) support to form savings groups, and (iv) six months of group mentoring. “ p1 “An additional arm received the “Full Package Plus” which included a small amount of consumption support, 3 transfers totaling approximately $16.6 ” p3. Estimates of this Full package plus programme were extracted.
""In collaboration with the government, we randomized 298 SWL communities across 10 of the 51 districts in the program into one of four implementation packages: (i) a Full Package with all program elements; (ii) a Financial Capital bundle offering productive grants and savings groups; (iii) A Human Capital package offering training and mentorship; and (iv) a Control arm."" p4",1,"Yes targeting women: ""The program targeted extremely poor women in rural areas"" p1",19,Zambia SWL,Zambia SWL (Supporting Women's Livelihoods),0,"UoR: community level
UoA: household level
""In collaboration with the government, we randomized 298 SWL communities across 10 of the 51 districts in the program into one of four implementation packages: (i) a Full Package with all program elements; (ii) a Financial Capital bundle offering productive grants and savings groups; (iii) A Human Capital package offering training and mentorship; and (iv) a Control arm."" p4
Standard errors are clustered at the community level.",2023,Botea et al. (2023) Zambia SWL,Zambia,,,,,,,,,,,,,,,,,,,,,,,,,,,,,,,,,,,,,,,,,,,,,,,,,,,,,,,,,,,,,,,,,,,,,,,,,,,,,,,,,,,,,,,,,,,,,,,,,,,,,,,,,,,,,,,,,,,,,,,,,,,,,,,,,,,,,,,,,,,,,,,,,,,,,,,,,,,,,,,,,,,,,,,,,,,,,,,
Pierre,,121327437,121327437_8,Botea et al.,SWL Supporting Women’s Livelihoods program,38,8,1,0,1,1,1,1,0,1,Income,Aggregate Income,"Annual total income in local currency. ""Sum of household business profits, labor income, livestock sales, and crop sales. "" p55",0,"38 month impact. Full package ( The SWL initiative
provided selected poor, rural women with a bundled “big push” package comprising a productive grant
equivalent to US$225, a 21 session life and business skill training, support to form savings groups, and six
months of group mentoring ) + Cash (small amount of consumption support, 3 transfers totaling approximately $16) (p. 4 and 5)",Page 42: Table B5: Consumption Support Impacts: Aggregate measures; Panel B: 38 month impacts; Row:Aggregate Income Column: Package w/CS (Column 4) ,0.19,0.07,2.714285714,,,Not provided but SE are,,,298,,,3748,2,0,3748,6,0.088671849,0.088671849,0.088665931,0.00106776,0.999799773,0.001067547,0.03267333,0.024626203,0.152705659,0,"“The program targeted extremely poor women in rural areas, offering a package that included: (i) a productive grant equivalent to US$225, (ii) a 21-session life and business skills training, (iii) support to form savings groups, and (iv) six months of group mentoring. “ p1 “An additional arm received the “Full Package Plus” which included a small amount of consumption support, 3 transfers totaling approximately $16.6 ” p3. Estimates of this Full package plus programme were extracted.
""In collaboration with the government, we randomized 298 SWL communities across 10 of the 51 districts in the program into one of four implementation packages: (i) a Full Package with all program elements; (ii) a Financial Capital bundle offering productive grants and savings groups; (iii) A Human Capital package offering training and mentorship; and (iv) a Control arm."" p4",1,"Yes targeting women: ""The program targeted extremely poor women in rural areas"" p1",19,Zambia SWL,Zambia SWL (Supporting Women's Livelihoods),0,"UoR: community level
UoA: household level
""In collaboration with the government, we randomized 298 SWL communities across 10 of the 51 districts in the program into one of four implementation packages: (i) a Full Package with all program elements; (ii) a Financial Capital bundle offering productive grants and savings groups; (iii) A Human Capital package offering training and mentorship; and (iv) a Control arm."" p4
Standard errors are clustered at the community level.",2023,Botea et al. (2023) Zambia SWL,Zambia,,,,,,,,,,,,,,,,,,,,,,,,,,,,,,,,,,,,,,,,,,,,,,,,,,,,,,,,,,,,,,,,,,,,,,,,,,,,,,,,,,,,,,,,,,,,,,,,,,,,,,,,,,,,,,,,,,,,,,,,,,,,,,,,,,,,,,,,,,,,,,,,,,,,,,,,,,,,,,,,,,,,,,,,,,,,,,,
Jiumei,NA,121330141,121330141_1,Sabates-Wheeler et al.,Enhancing the Productive Capacity of Extremely Poor People,36,36,1,0,1,1,1,0,1,0,Assets,Value of assets,"""...asset index...These include casseroles, basins, jerrycans, spoons, chairs/benches, plates, hoes and radios. For each item, respondents provided the number owned by the household"" (P.11).",0,"No econometric equations were provided; DID was employed, with no multiple treatment arms.""The Concern Worldwide programme"" (P.8).","page: 12; table: 1; table label: Table 1. Difference-in-difference estimate of programme impact for different outcomes; row label: Value of assets, D-in-D 36 months; column label: Trend",9.43,0.82,11.5,,,p<0.01,,,,400,200,600,2,0,600,5,0.995929214,0.995929214,0.995512682,0.007079948,0.998745295,0.007071065,0.084089623,0.830697021,1.160328343,0,"""The programme has adapted the Graduation Model4 to the Rwandan context, combining protection and promotion aspects and including cash transfers to meet basic needs. Other elements of the programme include sensitisation and reinforcement of savings promotion activities, skills development and the provision of resources to enable the development of productive income generating activities, facilitating of community-based support mechanisms to enhance non-farm employment and capacity development to graduate into access to credit."" p9
no mention of the control receiving components from other programs",0,"Targeting poorer household. ""Eligible households were defined as those assigned to one of the bottom two"" poverty levels they defined",20,Rwanda EPC,Rwanda EPC (Enhancing the Productive Capacity of Extremely Poor People),0,Not RCT,2018,Sabates-Wheeler et al. (2018) Rwanda EPC,Rwanda,,,,,,,,,,,,,,,,,,,,,,,,,,,,,,,,,,,,,,,,,,,,,,,,,,,,,,,,,,,,,,,,,,,,,,,,,,,,,,,,,,,,,,,,,,,,,,,,,,,,,,,,,,,,,,,,,,,,,,,,,,,,,,,,,,,,,,,,,,,,,,,,,,,,,,,,,,,,,,,,,,,,,,,,,,,,,,,
Jiumei,NA,121330141,121330141_2,Sabates-Wheeler et al.,Enhancing the Productive Capacity of Extremely Poor People,36,36,1,0,1,1,1,0,1,0,Assets,TLU,"""The main productive assets for which data was collected relate to livestock. We construct a tropical livestock units (TLUs) variable that is additive across different internationally agreed weights given to different categories of livestock.7 / Footnote 7: Tropical Livestock Units are livestock numbers converted to a common unit (in 2005). Conversion factors are: cattle = 0.7, sheep = 0.1, goats = 0.1, pigs = 0.2, chicken = 0.01. Factors taken mostly from http://www.lrrd.org/lrrd18/8/chil18117.htm, except for cattle."" (P.11).",0,"No econometric equations were provided; DID was employed, with no multiple treatment arms.""The Concern Worldwide programme"" (P.8).","page: 12; table: 1; table label: Table 1. Difference-in-difference estimate of programme impact for different outcomes; row label: TLU, D-in-D 36 months; column label: Trend",0.26,0.02,13,,,p<0.01,,,,400,200,600,2,0,600,5,1.125833025,1.125833025,1.125362162,0.007194792,0.998745295,0.007185764,0.084768888,0.959215142,1.291509182,0,"""The programme has adapted the Graduation Model4 to the Rwandan context, combining protection and promotion aspects and including cash transfers to meet basic needs. Other elements of the programme include sensitisation and reinforcement of savings promotion activities, skills development and the provision of resources to enable the development of productive income generating activities, facilitating of community-based support mechanisms to enhance non-farm employment and capacity development to graduate into access to credit."" p9
no mention of the control receiving components from other programs",0,"Targeting poorer household. ""Eligible households were defined as those assigned to one of the bottom two"" poverty levels they defined",20,Rwanda EPC,Rwanda EPC (Enhancing the Productive Capacity of Extremely Poor People),0,Not RCT,2018,Sabates-Wheeler et al. (2018) Rwanda EPC,Rwanda,,,,,,,,,,,,,,,,,,,,,,,,,,,,,,,,,,,,,,,,,,,,,,,,,,,,,,,,,,,,,,,,,,,,,,,,,,,,,,,,,,,,,,,,,,,,,,,,,,,,,,,,,,,,,,,,,,,,,,,,,,,,,,,,,,,,,,,,,,,,,,,,,,,,,,,,,,,,,,,,,,,,,,,,,,,,,,,
Shannon,,121354848,121354848_1,Bouguen and Dillon,Unnamed program,0,12,1,0,1,0,0,0,0,1,Savings,Saving,""" The saving index encompasses different measures of net savings
 (e.g., the number of saving accounts, amount saved)."" (p. 7)",0,T2-C,page: 5; table: 2; table label: Table 2 Wealth indexes and poverty impacts; row label: Saving; column label: 1-year results T2-C,0.02,0.043,0.465116279,,,p > .1,41,43,84,697,908,1605,,0,1605,5,0.02342285,0.02342285,0.023419197,0.002492297,0.999532054,0.002491131,0.049911232,-0.074406817,0.121245211,0,no mention of the control receiving components from other programs,0,"no req for T2 (receiving monetary and asset transfers) but yes for T3 (receiving the full treatment package, including cash transfers, asset transfers, and nutrition interventions)",21,Burkina Faso MP T2,Burkina Faso MP (Multifaceted program),0,"UoR: villages p4. UoA: households p4
Clustered SE at village level p4",2025,Bouguen and Dillon (2025) Burkina Faso MP T2,Burkina,,,,,,,,,,,,,,1,,,,,,,,,,,,,,,,,,,,,,,,,,,,,,,,,,,,,,,,,,,,,,,,,,,,,,,,,,,,,,,,,,,,,,,,,,,,,,,,,,,,,,,,,,,,,,,,,,,,,,,,,,,,,,,,,,,,,,,,,,,,,,,,,,,,,,,,,,,,,,,,,,,,,,,,,,,,,,,,,
Shannon,,121354848,121354848_10,Bouguen and Dillon,Unnamed program,12,24,1,1,1,1,0,0,0,1,Assets,Agriculture index,"""The agricultural equipment index consolidates measures of agricultural equipment owned by households (e.g., the number of pickaxes owned)"" p7",0,T3-C,page: 5; table: 2; table label: Table 2 Wealth indexes and poverty impacts; row label: Agriculture; column label: 2-years results T3-C,0.409,0.087,4.701149425,,,p < .01,42,43,85,712,913,1625,,0,1625,5,0.235047346,0.235047346,0.235011135,0.002470038,0.999537822,0.002468896,0.049687991,0.137622673,0.332399597,0,no mention of the control receiving components from other programs,1,"no req for T2 (receiving monetary and asset transfers) but yes for T3 (receiving the full treatment package, including cash transfers, asset transfers, and nutrition interventions)",21,Burkina Faso MP T3,Burkina Faso MP (Multifaceted program),0,"UoR: villages p4. UoA: households p4
Clustered SE at village level p4",2025,Bouguen and Dillon (2025) Burkina Faso MP T3,Burkina,,,,,,,,,,,,,,,,,,,,,,,,,,,,,,,,,,,,,,,,,,,,,,,,,,,,,,,,,,,,,,,,,,,,,,,,,,,,,,,,,,,,,,,,,,,,,,,,,,,,,,,,,,,,,,,,,,,,,,,,,,,,,,,,,,,,,,,,,,,,,,,,,,,,,,,,,,,,,,,,,,,,,,,,,,,,,,,
Shannon,,121354848,121354848_11,Bouguen and Dillon,Unnamed program,0,12,1,0,1,0,0,0,0,1,Assets,Agriculture index,"""The agricultural equipment index consolidates measures of agricultural equipment owned by households (e.g., the number of pickaxes owned)"" p7",0,T3-C,page: 5; table: 2; table label: Table 2 Wealth indexes and poverty impacts; row label: Agriculture; column label: 1-year results T3-C,0.445,0.089,5,,,p < .01,42,43,85,764,908,1672,,0,1672,5,0.245470065,0.245470065,0.245433312,0.002401354,0.999550831,0.002400275,0.048992605,0.149407806,0.341458819,0,no mention of the control receiving components from other programs,1,"no req for T2 (receiving monetary and asset transfers) but yes for T3 (receiving the full treatment package, including cash transfers, asset transfers, and nutrition interventions)",21,Burkina Faso MP T3,Burkina Faso MP (Multifaceted program),0,"UoR: villages p4. UoA: households p4
Clustered SE at village level p4",2025,Bouguen and Dillon (2025) Burkina Faso MP T3,Burkina,,,,,,,,,,,,,,,,,,,,,,,,,,,,,,,,,,,,,,,,,,,,,,,,,,,,,,,,,,,,,,,,,,,,,,,,,,,,,,,,,,,,,,,,,,,,,,,,,,,,,,,,,,,,,,,,,,,,,,,,,,,,,,,,,,,,,,,,,,,,,,,,,,,,,,,,,,,,,,,,,,,,,,,,,,,,,,,
Shannon,,121354848,121354848_12,Bouguen and Dillon,Unnamed program,12,24,1,1,1,1,0,0,0,1,Assets,Livestock index,"""The livestock index combines measures of animals owned (e.g., the number of chickens owned)"" p7",0,T3-C,page: 5; table: 2; table label: Table 2 Wealth indexes and poverty impacts; row label: Livestock; column label: 2-years results T3-C,0.099,0.093,1.064516129,,,p > .1,42,43,85,712,913,1625,,0,1625,5,0.053223514,0.053223514,0.053215314,0.002461974,0.999537822,0.002460836,0.049606818,-0.044014049,0.150444678,0,no mention of the control receiving components from other programs,1,"no req for T2 (receiving monetary and asset transfers) but yes for T3 (receiving the full treatment package, including cash transfers, asset transfers, and nutrition interventions)",21,Burkina Faso MP T3,Burkina Faso MP (Multifaceted program),0,"UoR: villages p4. UoA: households p4
Clustered SE at village level p4",2025,Bouguen and Dillon (2025) Burkina Faso MP T3,Burkina,,,,,,,,,,,,,,,,,,,,,,,,,,,,,,,,,,,,,,,,,,,,,,,,,,,,,,,,,,,,,,,,,,,,,,,,,,,,,,,,,,,,,,,,,,,,,,,,,,,,,,,,,,,,,,,,,,,,,,,,,,,,,,,,,,,,,,,,,,,,,,,,,,,,,,,,,,,,,,,,,,,,,,,,,,,,,,,
Shannon,,121354848,121354848_13,Bouguen and Dillon,Unnamed program,0,12,1,0,1,0,0,0,0,1,Assets,Livestock index,"""The livestock index combines measures of animals owned (e.g., the number of chickens owned)"" p7",0,T3-C,page: 5; table: 2; table label: Table 2 Wealth indexes and poverty impacts; row label: Livestock; column label: 1-year results T3-C,0.382,0.118,3.237288136,,,p < .01,42,43,85,764,908,1672,,0,1672,5,0.158931466,0.158931466,0.15890767,0.002396121,0.999550831,0.002395045,0.048939197,0.062986843,0.254828497,0,no mention of the control receiving components from other programs,1,"no req for T2 (receiving monetary and asset transfers) but yes for T3 (receiving the full treatment package, including cash transfers, asset transfers, and nutrition interventions)",21,Burkina Faso MP T3,Burkina Faso MP (Multifaceted program),0,"UoR: villages p4. UoA: households p4
Clustered SE at village level p4",2025,Bouguen and Dillon (2025) Burkina Faso MP T3,Burkina,,,,,,,,,,,,,,,,,,,,,,,,,,,,,,,,,,,,,,,,,,,,,,,,,,,,,,,,,,,,,,,,,,,,,,,,,,,,,,,,,,,,,,,,,,,,,,,,,,,,,,,,,,,,,,,,,,,,,,,,,,,,,,,,,,,,,,,,,,,,,,,,,,,,,,,,,,,,,,,,,,,,,,,,,,,,,,,
Shannon,,121354848,121354848_14,Bouguen and Dillon,Unnamed program,12,24,1,1,1,1,0,0,0,1,Assets,Farming index,""" The farming index aggregates various measures related to the agricultural property of the household (e.g., the number of parcels, overall size of agricultural property)."" p7",0,T3-C,page: 5; table: 2; table label: Table 2 Wealth indexes and poverty impacts; row label: Farming; column label: 2-years results T3-C,0.142,0.104,1.365384615,,,p > .1,42,43,85,712,913,1625,,0,1625,5,0.06826629,0.06826629,0.068255773,0.002462255,0.999537822,0.002461117,0.049609651,-0.028979142,0.165490688,0,no mention of the control receiving components from other programs,1,"no req for T2 (receiving monetary and asset transfers) but yes for T3 (receiving the full treatment package, including cash transfers, asset transfers, and nutrition interventions)",21,Burkina Faso MP T3,Burkina Faso MP (Multifaceted program),0,"UoR: villages p4. UoA: households p4
Clustered SE at village level p4",2025,Bouguen and Dillon (2025) Burkina Faso MP T3,Burkina,,,,,,,,,,,,,,,,,,,,,,,,,,,,,,,,,,,,,,,,,,,,,,,,,,,,,,,,,,,,,,,,,,,,,,,,,,,,,,,,,,,,,,,,,,,,,,,,,,,,,,,,,,,,,,,,,,,,,,,,,,,,,,,,,,,,,,,,,,,,,,,,,,,,,,,,,,,,,,,,,,,,,,,,,,,,,,,
Shannon,,121354848,121354848_15,Bouguen and Dillon,Unnamed program,0,12,1,0,1,0,0,0,0,1,Assets,Farming index,""" The farming index aggregates various measures related to the agricultural property of the household (e.g., the number of parcels, overall size of agricultural property)."" p7",0,T3-C,page: 5; table: 2; table label: Table 2 Wealth indexes and poverty impacts; row label: Farming; column label: 1-year results T3-C,0.231,0.096,2.40625,,,0.01 < p < 0.05,42,43,85,764,908,1672,,0,1672,5,0.118132469,0.118132469,0.118114782,0.002394431,0.999550831,0.002393356,0.048921934,0.022227791,0.214001772,0,no mention of the control receiving components from other programs,1,"no req for T2 (receiving monetary and asset transfers) but yes for T3 (receiving the full treatment package, including cash transfers, asset transfers, and nutrition interventions)",21,Burkina Faso MP T3,Burkina Faso MP (Multifaceted program),0,"UoR: villages p4. UoA: households p4
Clustered SE at village level p4",2025,Bouguen and Dillon (2025) Burkina Faso MP T3,Burkina,,,,,,,,,,,,,,,,,,,,,,,,,,,,,,,,,,,,,,,,,,,,,,,,,,,,,,,,,,,,,,,,,,,,,,,,,,,,,,,,,,,,,,,,,,,,,,,,,,,,,,,,,,,,,,,,,,,,,,,,,,,,,,,,,,,,,,,,,,,,,,,,,,,,,,,,,,,,,,,,,,,,,,,,,,,,,,,
Shannon,,121354848,121354848_16,Bouguen and Dillon,Unnamed program,24,24,1,0,1,0,0,0,0,1,Assets,Agriculture index,"""The agricultural equipment index consolidates measures of agricultural equipment owned by households (e.g., the number of pickaxes owned)"" p7",0,T2-C,page: 5; table: 2; table label: Table 2 Wealth indexes and poverty impacts; row label: Agriculture; column label: 3-years results T2-C,0.092,0.069,1.333333333,,,p > .1,41,43,84,580,870,1450,,0,1450,5,0.071474169,0.071474169,0.071461827,0.002759501,0.999481955,0.002758072,0.052517349,-0.031472177,0.17439583,0,no mention of the control receiving components from other programs,0,"no req for T2 (receiving monetary and asset transfers) but yes for T3 (receiving the full treatment package, including cash transfers, asset transfers, and nutrition interventions)",21,Burkina Faso MP T2,Burkina Faso MP (Multifaceted program),0,"UoR: villages p4. UoA: households p4
Clustered SE at village level p4",2025,Bouguen and Dillon (2025) Burkina Faso MP T2,Burkina,,,,,,,,,,,,,,,,,,,,,,,,,,,,,,,,,,,,,,,,,,,,,,,,,,,,,,,,,,,,,,,,,,,,,,,,,,,,,,,,,,,,,,,,,,,,,,,,,,,,,,,,,,,,,,,,,,,,,,,,,,,,,,,,,,,,,,,,,,,,,,,,,,,,,,,,,,,,,,,,,,,,,,,,,,,,,,,
Shannon,,121354848,121354848_17,Bouguen and Dillon,Unnamed program,12,24,1,0,1,0,0,0,0,1,Assets,Agriculture index,"""The agricultural equipment index consolidates measures of agricultural equipment owned by households (e.g., the number of pickaxes owned)"" p7",0,T2-C,page: 5; table: 2; table label: Table 2 Wealth indexes and poverty impacts; row label: Agriculture; column label: 2-years results T2-C,0.146,0.061,2.393442623,,,0.01 < p < 0.05,41,43,84,658,913,1571,,0,1571,5,0.122394747,0.122394747,0.122375242,0.002548533,0.999521912,0.002547314,0.050470927,0.023452225,0.221298258,0,no mention of the control receiving components from other programs,0,"no req for T2 (receiving monetary and asset transfers) but yes for T3 (receiving the full treatment package, including cash transfers, asset transfers, and nutrition interventions)",21,Burkina Faso MP T2,Burkina Faso MP (Multifaceted program),0,"UoR: villages p4. UoA: households p4
Clustered SE at village level p4",2025,Bouguen and Dillon (2025) Burkina Faso MP T2,Burkina,,,,,,,,,,,,,,,,,,,,,,,,,,,,,,,,,,,,,,,,,,,,,,,,,,,,,,,,,,,,,,,,,,,,,,,,,,,,,,,,,,,,,,,,,,,,,,,,,,,,,,,,,,,,,,,,,,,,,,,,,,,,,,,,,,,,,,,,,,,,,,,,,,,,,,,,,,,,,,,,,,,,,,,,,,,,,,,
Shannon,,121354848,121354848_18,Bouguen and Dillon,Unnamed program,24,24,1,0,1,0,0,0,0,1,Assets,Livestock index,"""The livestock index combines measures of animals owned (e.g., the number of chickens owned)"" p7",0,T2-C,page: 5; table: 2; table label: Table 2 Wealth indexes and poverty impacts; row label: Livestock; column label: 3-years results T2-C,0.066,0.081,0.814814815,,,p > .1,41,43,84,580,870,1450,,0,1450,5,0.043678659,0.043678659,0.043671116,0.00275895,0.999481955,0.00275752,0.052512097,-0.059252594,0.146594827,0,no mention of the control receiving components from other programs,0,"no req for T2 (receiving monetary and asset transfers) but yes for T3 (receiving the full treatment package, including cash transfers, asset transfers, and nutrition interventions)",21,Burkina Faso MP T2,Burkina Faso MP (Multifaceted program),0,"UoR: villages p4. UoA: households p4
Clustered SE at village level p4",2025,Bouguen and Dillon (2025) Burkina Faso MP T2,Burkina,,,,,,,,,,,,,,,,,,,,,,,,,,,,,,,,,,,,,,,,,,,,,,,,,,,,,,,,,,,,,,,,,,,,,,,,,,,,,,,,,,,,,,,,,,,,,,,,,,,,,,,,,,,,,,,,,,,,,,,,,,,,,,,,,,,,,,,,,,,,,,,,,,,,,,,,,,,,,,,,,,,,,,,,,,,,,,,
Shannon,,121354848,121354848_19,Bouguen and Dillon,Unnamed program,12,24,1,0,1,0,0,0,0,1,Assets,Livestock index,"""The livestock index combines measures of animals owned (e.g., the number of chickens owned)"" p7",0,T2-C,page: 5; table: 2; table label: Table 2 Wealth indexes and poverty impacts; row label: Livestock; column label: 2-years results T2-C,0.075,0.079,0.949367089,,,p > .1,41,43,84,658,913,1571,,0,1571,5,0.048548289,0.048548289,0.048540552,0.002546524,0.999521912,0.002545307,0.050451031,-0.050343469,0.147424574,0,no mention of the control receiving components from other programs,0,"no req for T2 (receiving monetary and asset transfers) but yes for T3 (receiving the full treatment package, including cash transfers, asset transfers, and nutrition interventions)",21,Burkina Faso MP T2,Burkina Faso MP (Multifaceted program),0,"UoR: villages p4. UoA: households p4
Clustered SE at village level p4",2025,Bouguen and Dillon (2025) Burkina Faso MP T2,Burkina,,,,,,,,,,,,,,,,,,,,,,,,,,,,,,,,,,,,,,,,,,,,,,,,,,,,,,,,,,,,,,,,,,,,,,,,,,,,,,,,,,,,,,,,,,,,,,,,,,,,,,,,,,,,,,,,,,,,,,,,,,,,,,,,,,,,,,,,,,,,,,,,,,,,,,,,,,,,,,,,,,,,,,,,,,,,,,,
Shannon,,121354848,121354848_2,Bouguen and Dillon,Unnamed program,0,12,1,1,1,1,0,0,0,1,Savings,Saving,""" The saving index encompasses different measures of net savings
 (e.g., the number of saving accounts, amount saved)."" (p. 7)",0,T3-C,page: 5; table: 2; table label: Table 2 Wealth indexes and poverty impacts; row label: Saving; column label: 1-year results T3-C,0.02,0.037,0.540540541,,,p > .1,42,43,85,764,908,1672,,0,1672,5,0.026537304,0.026537304,0.026533331,0.00239245,0.999550831,0.002391375,0.048901689,-0.069313979,0.122380641,0,no mention of the control receiving components from other programs,1,"no req for T2 (receiving monetary and asset transfers) but yes for T3 (receiving the full treatment package, including cash transfers, asset transfers, and nutrition interventions)",21,Burkina Faso MP T3,Burkina Faso MP (Multifaceted program),0,"UoR: villages p4. UoA: households p4
Clustered SE at village level p4",2025,Bouguen and Dillon (2025) Burkina Faso MP T3,Burkina,,,,,,,,,,,,,,1,,,,,,,,,,,,,,,,,,,,,,,,,,,,,,,,,,,,,,,,,,,,,,,,,,,,,,,,,,,,,,,,,,,,,,,,,,,,,,,,,,,,,,,,,,,,,,,,,,,,,,,,,,,,,,,,,,,,,,,,,,,,,,,,,,,,,,,,,,,,,,,,,,,,,,,,,,,,,,,,,
Shannon,,121354848,121354848_20,Bouguen and Dillon,Unnamed program,24,24,1,0,1,0,0,0,0,1,Assets,Farming index,""" The farming index aggregates various measures related to the agricultural property of the household (e.g., the number of parcels, overall size of agricultural property)."" p7",0,T2-C,page: 5; table: 2; table label: Table 2 Wealth indexes and poverty impacts; row label: Farming; column label: 3-years results T2-C,0.033,0.088,0.375,,,p > .1,41,43,84,580,870,1450,,0,1450,5,0.02010211,0.02010211,0.020098639,0.00275869,0.999481955,0.002757261,0.05250963,-0.082820236,0.123017513,0,no mention of the control receiving components from other programs,0,"no req for T2 (receiving monetary and asset transfers) but yes for T3 (receiving the full treatment package, including cash transfers, asset transfers, and nutrition interventions)",21,Burkina Faso MP T2,Burkina Faso MP (Multifaceted program),0,"UoR: villages p4. UoA: households p4
Clustered SE at village level p4",2025,Bouguen and Dillon (2025) Burkina Faso MP T2,Burkina,,,,,,,,,,,,,,,,,,,,,,,,,,,,,,,,,,,,,,,,,,,,,,,,,,,,,,,,,,,,,,,,,,,,,,,,,,,,,,,,,,,,,,,,,,,,,,,,,,,,,,,,,,,,,,,,,,,,,,,,,,,,,,,,,,,,,,,,,,,,,,,,,,,,,,,,,,,,,,,,,,,,,,,,,,,,,,,
Shannon,,121354848,121354848_21,Bouguen and Dillon,Unnamed program,12,24,1,0,1,0,0,0,0,1,Assets,Farming index,""" The farming index aggregates various measures related to the agricultural property of the household (e.g., the number of parcels, overall size of agricultural property)."" p7",0,T2-C,page: 5; table: 2; table label: Table 2 Wealth indexes and poverty impacts; row label: Farming; column label: 2-years results T2-C,0.204,0.187,1.090909091,,,p > .1,41,43,84,658,913,1571,,0,1571,5,0.055786398,0.055786398,0.055777507,0.002546644,0.999521912,0.002545427,0.050452222,-0.043108847,0.154663862,0,no mention of the control receiving components from other programs,0,"no req for T2 (receiving monetary and asset transfers) but yes for T3 (receiving the full treatment package, including cash transfers, asset transfers, and nutrition interventions)",21,Burkina Faso MP T2,Burkina Faso MP (Multifaceted program),0,"UoR: villages p4. UoA: households p4
Clustered SE at village level p4",2025,Bouguen and Dillon (2025) Burkina Faso MP T2,Burkina,,,,,,,,,,,,,,,,,,,,,,,,,,,,,,,,,,,,,,,,,,,,,,,,,,,,,,,,,,,,,,,,,,,,,,,,,,,,,,,,,,,,,,,,,,,,,,,,,,,,,,,,,,,,,,,,,,,,,,,,,,,,,,,,,,,,,,,,,,,,,,,,,,,,,,,,,,,,,,,,,,,,,,,,,,,,,,,
Shannon,,121354848,121354848_22,Bouguen and Dillon,Unnamed program,24,24,1,0,1,0,0,0,0,1,Assets,Agriculture index,"""The agricultural equipment index consolidates measures of agricultural equipment owned by households (e.g., the number of pickaxes owned)"" p7",0,T3-C,page: 5; table: 2; table label: Table 2 Wealth indexes and poverty impacts; row label: Agriculture; column label: 3-years results T3-C,0.194,0.072,2.694444444,,,p < .01,42,43,85,690,870,1560,,0,1560,5,0.137355913,0.137355913,0.137333869,0.002567126,0.999518536,0.00256589,0.050654616,0.038050823,0.236616916,0,no mention of the control receiving components from other programs,1,"no req for T2 (receiving monetary and asset transfers) but yes for T3 (receiving the full treatment package, including cash transfers, asset transfers, and nutrition interventions)",21,Burkina Faso MP T3,Burkina Faso MP (Multifaceted program),0,"UoR: villages p4. UoA: households p4
Clustered SE at village level p4",2025,Bouguen and Dillon (2025) Burkina Faso MP T3,Burkina,,,,,,,,,,,,,,,,,,,,,,,,,,,,,,,,,,,,,,,,,,,,,,,,,,,,,,,,,,,,,,,,,,,,,,,,,,,,,,,,,,,,,,,,,,,,,,,,,,,,,,,,,,,,,,,,,,,,,,,,,,,,,,,,,,,,,,,,,,,,,,,,,,,,,,,,,,,,,,,,,,,,,,,,,,,,,,,
Shannon,,121354848,121354848_23,Bouguen and Dillon,Unnamed program,24,24,1,0,1,0,0,0,0,1,Assets,Livestock index,"""The livestock index combines measures of animals owned (e.g., the number of chickens owned)"" p7",0,T3-C,page: 5; table: 2; table label: Table 2 Wealth indexes and poverty impacts; row label: Livestock; column label: 3-years results T3-C,0.049,0.106,0.462264151,,,p > .1,42,43,85,690,870,1560,,0,1560,5,0.023565049,0.023565049,0.023561267,0.002564192,0.999518536,0.002562957,0.050625655,-0.075665018,0.122787552,0,no mention of the control receiving components from other programs,1,"no req for T2 (receiving monetary and asset transfers) but yes for T3 (receiving the full treatment package, including cash transfers, asset transfers, and nutrition interventions)",21,Burkina Faso MP T3,Burkina Faso MP (Multifaceted program),0,"UoR: villages p4. UoA: households p4
Clustered SE at village level p4",2025,Bouguen and Dillon (2025) Burkina Faso MP T3,Burkina,,,,,,,,,,,,,,,,,,,,,,,,,,,,,,,,,,,,,,,,,,,,,,,,,,,,,,,,,,,,,,,,,,,,,,,,,,,,,,,,,,,,,,,,,,,,,,,,,,,,,,,,,,,,,,,,,,,,,,,,,,,,,,,,,,,,,,,,,,,,,,,,,,,,,,,,,,,,,,,,,,,,,,,,,,,,,,,
Shannon,,121354848,121354848_24,Bouguen and Dillon,Unnamed program,24,24,1,0,1,0,0,0,0,1,Assets,Farming index,""" The farming index aggregates various measures related to the agricultural property of the household (e.g., the number of parcels, overall size of agricultural property)."" p7",0,T3-C,page: 5; table: 2; table label: Table 2 Wealth indexes and poverty impacts; row label: Farming; column label: 3-years results T3-C,0.042,0.097,0.432989691,,,p > .1,42,43,85,690,870,1560,,0,1560,5,0.022072711,0.022072711,0.022069169,0.002564181,0.999518536,0.002562946,0.050625548,-0.077156905,0.121295242,0,no mention of the control receiving components from other programs,1,"no req for T2 (receiving monetary and asset transfers) but yes for T3 (receiving the full treatment package, including cash transfers, asset transfers, and nutrition interventions)",21,Burkina Faso MP T3,Burkina Faso MP (Multifaceted program),0,"UoR: villages p4. UoA: households p4
Clustered SE at village level p4",2025,Bouguen and Dillon (2025) Burkina Faso MP T3,Burkina,,,,,,,,,,,,,,,,,,,,,,,,,,,,,,,,,,,,,,,,,,,,,,,,,,,,,,,,,,,,,,,,,,,,,,,,,,,,,,,,,,,,,,,,,,,,,,,,,,,,,,,,,,,,,,,,,,,,,,,,,,,,,,,,,,,,,,,,,,,,,,,,,,,,,,,,,,,,,,,,,,,,,,,,,,,,,,,
Shannon,,121354848,121354848_25,Bouguen and Dillon,Unnamed program,0,12,1,0,1,0,0,0,0,1,Poverty,Poverty,"""The Poverty aggregated index is predicted using the Machine Learning approach described in Section 4.2."" Table 2 note. ""Using the qualitative and quantitative categorization established during the HEA and the extensive baseline dataset collected before the beginning of interventions, we predict the probability of being classified as ultra-poor (instead of simply poor) in successive surveys. This approach ensures transparency and grounds the poverty assessment largely on the qualitative categorization determined by households themselves during the HEA. "" p. 8",0,T2-C,page: 5; table: 2; table label: Table 2 Wealth indexes and poverty impacts; row label: Poverty; column label: 1-year results T2-C,-0.068,0.017,-4,,,p < .01,41,43,84,697,908,1605,,0,1605,5,-0.201436514,-0.201436514,-0.201405093,0.002498532,0.999532054,0.002497363,0.049973623,-0.299353395,-0.103456792,0,no mention of the control receiving components from other programs,0,"no req for T2 (receiving monetary and asset transfers) but yes for T3 (receiving the full treatment package, including cash transfers, asset transfers, and nutrition interventions)",21,Burkina Faso MP T2,Burkina Faso MP (Multifaceted program),0,"UoR: villages p4. UoA: households p4
Clustered SE at village level p4",2025,Bouguen and Dillon (2025) Burkina Faso MP T2,Burkina,,,,,,,,,,,,,,,,,,,,,,,,,,,,,,,,,,,,,,,,,,,,,,,,,,,,,,,,,,,,,,,,,,,,,,,,,,,,,,,,,,,,,,,,,,,,,,,,,,,,,,,,,,,,,,,,,,,,,,,,,,,,,,,,,,,,,,,,,,,,,,,,,,,,,,,,,,,,,,,,,,,,,,,,,,,,,,,
Shannon,,121354848,121354848_26,Bouguen and Dillon,Unnamed program,0,12,1,1,1,1,0,0,0,1,Poverty,Poverty,"""The Poverty aggregated index is predicted using the Machine Learning approach described in Section 4.2."" Table 2 note. ""Using the qualitative and quantitative categorization established during the HEA and the extensive baseline dataset collected before the beginning of interventions, we predict the probability of being classified as ultra-poor (instead of simply poor) in successive surveys. This approach ensures transparency and grounds the poverty assessment largely on the qualitative categorization determined by households themselves during the HEA. "" p. 8",0,T3-C,page: 5; table: 2; table label: Table 2 Wealth indexes and poverty impacts; row label: Poverty; column label: 1-year results T3-C,-0.054,0.016,-3.375,,,p < .01,42,43,85,764,908,1672,,0,1672,5,-0.165692294,-0.165692294,-0.165667486,0.002396449,0.999550831,0.002395373,0.048942548,-0.261594881,-0.069740091,0,no mention of the control receiving components from other programs,1,"no req for T2 (receiving monetary and asset transfers) but yes for T3 (receiving the full treatment package, including cash transfers, asset transfers, and nutrition interventions)",21,Burkina Faso MP T3,Burkina Faso MP (Multifaceted program),0,"UoR: villages p4. UoA: households p4
Clustered SE at village level p4",2025,Bouguen and Dillon (2025) Burkina Faso MP T3,Burkina,,,,,,,,,,,,,,,,,,,,,,,,,,,,,,,,,,,,,,,,,,,,,,,,,,,,,,,,,,,,,,,,,,,,,,,,,,,,,,,,,,,,,,,,,,,,,,,,,,,,,,,,,,,,,,,,,,,,,,,,,,,,,,,,,,,,,,,,,,,,,,,,,,,,,,,,,,,,,,,,,,,,,,,,,,,,,,,
Shannon,,121354848,121354848_27,Bouguen and Dillon,Unnamed program,12,24,1,0,1,0,0,0,0,1,Poverty,Poverty,"""The Poverty aggregated index is predicted using the Machine Learning approach described in Section 4.2."" Table 2 note. ""Using the qualitative and quantitative categorization established during the HEA and the extensive baseline dataset collected before the beginning of interventions, we predict the probability of being classified as ultra-poor (instead of simply poor) in successive surveys. This approach ensures transparency and grounds the poverty assessment largely on the qualitative categorization determined by households themselves during the HEA. "" p. 8",0,T2-C,page: 5; table: 2; table label: Table 2 Wealth indexes and poverty impacts; row label: Poverty; column label: 2-years results T2-C,-0.008,0.014,-0.571428571,,,p > .1,41,43,84,658,913,1571,,0,1571,5,-0.029221446,-0.029221446,-0.02921679,0.002546285,0.999521912,0.002545067,0.050448662,-0.128096167,0.069662588,0,no mention of the control receiving components from other programs,0,"no req for T2 (receiving monetary and asset transfers) but yes for T3 (receiving the full treatment package, including cash transfers, asset transfers, and nutrition interventions)",21,Burkina Faso MP T2,Burkina Faso MP (Multifaceted program),0,"UoR: villages p4. UoA: households p4
Clustered SE at village level p4",2025,Bouguen and Dillon (2025) Burkina Faso MP T2,Burkina,,,,,,,,,,,,,,,,,,,,,,,,,,,,,,,,,,,,,,,,,,,,,,,,,,,,,,,,,,,,,,,,,,,,,,,,,,,,,,,,,,,,,,,,,,,,,,,,,,,,,,,,,,,,,,,,,,,,,,,,,,,,,,,,,,,,,,,,,,,,,,,,,,,,,,,,,,,,,,,,,,,,,,,,,,,,,,,
Shannon,,121354848,121354848_28,Bouguen and Dillon,Unnamed program,12,24,1,1,1,1,0,0,0,1,Poverty,Poverty,"""The Poverty aggregated index is predicted using the Machine Learning approach described in Section 4.2."" Table 2 note. ""Using the qualitative and quantitative categorization established during the HEA and the extensive baseline dataset collected before the beginning of interventions, we predict the probability of being classified as ultra-poor (instead of simply poor) in successive surveys. This approach ensures transparency and grounds the poverty assessment largely on the qualitative categorization determined by households themselves during the HEA. "" p. 8",0,T3-C,page: 5; table: 2; table label: Table 2 Wealth indexes and poverty impacts; row label: Poverty; column label: 2-years results T3-C,-0.03,0.016,-1.875,,,p < .1,42,43,85,712,913,1625,,0,1625,5,-0.093745962,-0.093745962,-0.093731519,0.002462891,0.999537822,0.002461752,0.049616048,-0.190978973,0.003515935,0,no mention of the control receiving components from other programs,1,"no req for T2 (receiving monetary and asset transfers) but yes for T3 (receiving the full treatment package, including cash transfers, asset transfers, and nutrition interventions)",21,Burkina Faso MP T3,Burkina Faso MP (Multifaceted program),0,"UoR: villages p4. UoA: households p4
Clustered SE at village level p4",2025,Bouguen and Dillon (2025) Burkina Faso MP T3,Burkina,,,,,,,,,,,,,,,,,,,,,,,,,,,,,,,,,,,,,,,,,,,,,,,,,,,,,,,,,,,,,,,,,,,,,,,,,,,,,,,,,,,,,,,,,,,,,,,,,,,,,,,,,,,,,,,,,,,,,,,,,,,,,,,,,,,,,,,,,,,,,,,,,,,,,,,,,,,,,,,,,,,,,,,,,,,,,,,
Shannon,,121354848,121354848_29,Bouguen and Dillon,Unnamed program,24,24,1,0,1,0,0,0,0,1,Poverty,Poverty,"""The Poverty aggregated index is predicted using the Machine Learning approach described in Section 4.2."" Table 2 note. ""Using the qualitative and quantitative categorization established during the HEA and the extensive baseline dataset collected before the beginning of interventions, we predict the probability of being classified as ultra-poor (instead of simply poor) in successive surveys. This approach ensures transparency and grounds the poverty assessment largely on the qualitative categorization determined by households themselves during the HEA. "" p. 8",0,T2-C,page: 5; table: 2; table label: Table 2 Wealth indexes and poverty impacts; row label: Poverty; column label: 3-years results T2-C,-0.012,0.016,-0.75,,,p > .1,41,43,84,580,870,1450,,0,1450,5,-0.04020422,-0.04020422,-0.040197278,0.002758899,0.999481955,0.00275747,0.052511619,-0.143120051,0.062725496,0,no mention of the control receiving components from other programs,0,"no req for T2 (receiving monetary and asset transfers) but yes for T3 (receiving the full treatment package, including cash transfers, asset transfers, and nutrition interventions)",21,Burkina Faso MP T2,Burkina Faso MP (Multifaceted program),0,"UoR: villages p4. UoA: households p4
Clustered SE at village level p4",2025,Bouguen and Dillon (2025) Burkina Faso MP T2,Burkina,,,,,,,,,,,,,,,,1,Selected as longest legnth of follow up. WHY T2 over T3>,,,,,,,,,,,,,,,,,,,,,,,,,,,,,,,,,,,,,,,,,,,,,,,,,,,,,,,,,,,,,,,,,,,,,,,,,,,,,,,,,,,,,,,,,,,,,,,,,,,,,,,,,,,,,,,,,,,,,,,,,,,,,,,,,,,,,,,,,,,,,,,,,,,,,,,,,,,,,,
Shannon,,121354848,121354848_3,Bouguen and Dillon,Unnamed program,12,24,1,0,1,0,0,0,0,1,Savings,Saving,""" The saving index encompasses different measures of net savings
 (e.g., the number of saving accounts, amount saved)."" (p. 7)",0,T2-C,page: 5; table: 2; table label: Table 2 Wealth indexes and poverty impacts; row label: Saving; column label: 2-years results T2-C,0.03,0.069,0.434782609,,,p > .1,41,43,84,658,913,1571,,0,1571,5,0.022233709,0.022233709,0.022230166,0.002546228,0.999521912,0.00254501,0.050448095,-0.0766481,0.121108432,0,no mention of the control receiving components from other programs,0,"no req for T2 (receiving monetary and asset transfers) but yes for T3 (receiving the full treatment package, including cash transfers, asset transfers, and nutrition interventions)",21,Burkina Faso MP T2,Burkina Faso MP (Multifaceted program),0,"UoR: villages p4. UoA: households p4
Clustered SE at village level p4",2025,Bouguen and Dillon (2025) Burkina Faso MP T2,Burkina,,,,,,,,,,,,,,1,,,,,,,,,,,,,,,,,,,,,,,,,,,,,,,,,,,,,,,,,,,,,,,,,,,,,,,,,,,,,,,,,,,,,,,,,,,,,,,,,,,,,,,,,,,,,,,,,,,,,,,,,,,,,,,,,,,,,,,,,,,,,,,,,,,,,,,,,,,,,,,,,,,,,,,,,,,,,,,,,
Shannon,,121354848,121354848_30,Bouguen and Dillon,Unnamed program,24,24,1,1,1,1,0,0,0,1,Poverty,Poverty,"""The Poverty aggregated index is predicted using the Machine Learning approach described in Section 4.2."" Table 2 note. ""Using the qualitative and quantitative categorization established during the HEA and the extensive baseline dataset collected before the beginning of interventions, we predict the probability of being classified as ultra-poor (instead of simply poor) in successive surveys. This approach ensures transparency and grounds the poverty assessment largely on the qualitative categorization determined by households themselves during the HEA. "" p. 8",0,T3-C,page: 5; table: 2; table label: Table 2 Wealth indexes and poverty impacts; row label: Poverty; column label: 3-years results T3-C,-0.023,0.013,-1.769230769,,,p < .1,42,43,85,690,870,1560,,0,1560,5,-0.090190877,-0.090190877,-0.090176403,0.002565406,0.999518536,0.002564171,0.050637644,-0.189426185,0.00907338,0,no mention of the control receiving components from other programs,1,"no req for T2 (receiving monetary and asset transfers) but yes for T3 (receiving the full treatment package, including cash transfers, asset transfers, and nutrition interventions)",21,Burkina Faso MP T3,Burkina Faso MP (Multifaceted program),0,"UoR: villages p4. UoA: households p4
Clustered SE at village level p4",2025,Bouguen and Dillon (2025) Burkina Faso MP T3,Burkina,,,,,,,,,,,,,,,,,,,,,,,,,,,,,,,,,,,,,,,,,,,,,,,,,,,,,,,,,,,,,,,,,,,,,,,,,,,,,,,,,,,,,,,,,,,,,,,,,,,,,,,,,,,,,,,,,,,,,,,,,,,,,,,,,,,,,,,,,,,,,,,,,,,,,,,,,,,,,,,,,,,,,,,,,,,,,,,
Shannon,,121354848,121354848_4,Bouguen and Dillon,Unnamed program,12,24,1,1,1,1,0,0,0,1,Savings,Saving,""" The saving index encompasses different measures of net savings
 (e.g., the number of saving accounts, amount saved)."" (p. 7)",0,T3-C,page: 5; table: 2; table label: Table 2 Wealth indexes and poverty impacts; row label: Saving; column label: 2-years results T3-C,-0.012,0.044,-0.272727273,,,p > .1,42,43,85,712,913,1625,,0,1625,5,-0.013635776,-0.013635776,-0.013633676,0.002461567,0.999537822,0.002460429,0.049602715,-0.110854998,0.083587647,0,no mention of the control receiving components from other programs,1,"no req for T2 (receiving monetary and asset transfers) but yes for T3 (receiving the full treatment package, including cash transfers, asset transfers, and nutrition interventions)",21,Burkina Faso MP T3,Burkina Faso MP (Multifaceted program),0,"UoR: villages p4. UoA: households p4
Clustered SE at village level p4",2025,Bouguen and Dillon (2025) Burkina Faso MP T3,Burkina,,,,,,,,,,,,,,1,,,,,,,,,,,,,,,,,,,,,,,,,,,,,,,,,,,,,,,,,,,,,,,,,,,,,,,,,,,,,,,,,,,,,,,,,,,,,,,,,,,,,,,,,,,,,,,,,,,,,,,,,,,,,,,,,,,,,,,,,,,,,,,,,,,,,,,,,,,,,,,,,,,,,,,,,,,,,,,,,
Shannon,,121354848,121354848_5,Bouguen and Dillon,Unnamed program,24,24,1,0,1,0,0,0,0,1,Savings,Saving,""" The saving index encompasses different measures of net savings
 (e.g., the number of saving accounts, amount saved)."" (p. 7)",0,T2-C,page: 5; table: 2; table label: Table 2 Wealth indexes and poverty impacts; row label: Saving; column label: 3-years results T2-C,-0.007,0.034,-0.205882353,,,p > .1,41,43,84,580,870,1450,,0,1450,5,-0.011036453,-0.011036453,-0.011034547,0.002758642,0.999481955,0.002757213,0.052509167,-0.113952514,0.09188342,0,no mention of the control receiving components from other programs,0,"no req for T2 (receiving monetary and asset transfers) but yes for T3 (receiving the full treatment package, including cash transfers, asset transfers, and nutrition interventions)",21,Burkina Faso MP T2,Burkina Faso MP (Multifaceted program),0,"UoR: villages p4. UoA: households p4
Clustered SE at village level p4",2025,Bouguen and Dillon (2025) Burkina Faso MP T2,Burkina,,,,,,,,,,,,,,1,,,,,,,,,,,,,,,,,,,,,,,,,,,,,,,,,,,,,,,,,,,,,,,,,,,,,,,,,,,,,,,,,,,,,,,,,,,,,,,,,,,,,,,,,,,,,,,,,,,,,,,,,,,,,,,,,,,,,,,,,,,,,,,,,,,,,,,,,,,,,,,,,,,,,,,,,,,,,,,,,
Shannon,,121354848,121354848_6,Bouguen and Dillon,Unnamed program,24,24,1,1,1,1,0,0,0,1,Savings,Saving,""" The saving index encompasses different measures of net savings
 (e.g., the number of saving accounts, amount saved)."" (p. 7)",0,T3-C,page: 5; table: 2; table label: Table 2 Wealth indexes and poverty impacts; row label: Saving; column label: 3-years results T3-C,-0.038,0.039,-0.974358974,,,p > .1,42,43,85,690,870,1560,,0,1560,5,-0.049670338,-0.049670338,-0.049662367,0.002564498,0.999518536,0.002563263,0.05062868,-0.148894579,0.049569846,0,no mention of the control receiving components from other programs,1,"no req for T2 (receiving monetary and asset transfers) but yes for T3 (receiving the full treatment package, including cash transfers, asset transfers, and nutrition interventions)",21,Burkina Faso MP T3,Burkina Faso MP (Multifaceted program),0,"UoR: villages p4. UoA: households p4
Clustered SE at village level p4",2025,Bouguen and Dillon (2025) Burkina Faso MP T3,Burkina,,,,,,,,,,,,,1,1,Selected as longest follo up period. WHY T2 or T3?,,,,,,,,,,,,,,,,,,,,,,,,,,,,,,,,,,,,,,,,,,,,,,,,,,,,,,,,,,,,,,,,,,,,,,,,,,,,,,,,,,,,,,,,,,,,,,,,,,,,,,,,,,,,,,,,,,,,,,,,,,,,,,,,,,,,,,,,,,,,,,,,,,,,,,,,,,,,,,,,
Shannon,,121354848,121354848_7,Bouguen and Dillon,Unnamed program,0,12,1,0,1,0,0,0,0,1,Assets,Agriculture index,"""The agricultural equipment index consolidates measures of agricultural equipment owned by households (e.g., the number of pickaxes owned)"" p7",0,T2-C,page: 5; table: 2; table label: Table 2 Wealth indexes and poverty impacts; row label: Agriculture; column label: 1-year results T2-C,0.27,0.072,3.75,,,p < .01,41,43,84,697,908,1605,,0,1605,5,0.188846732,0.188846732,0.188817275,0.002497767,0.999532054,0.002496598,0.049965969,0.090883976,0.286750573,0,no mention of the control receiving components from other programs,0,"no req for T2 (receiving monetary and asset transfers) but yes for T3 (receiving the full treatment package, including cash transfers, asset transfers, and nutrition interventions)",21,Burkina Faso MP T2,Burkina Faso MP (Multifaceted program),0,"UoR: villages p4. UoA: households p4
Clustered SE at village level p4",2025,Bouguen and Dillon (2025) Burkina Faso MP T2,Burkina,,,,,,,,,,,,,,,,,,,,,,,,,,,,,,,,,,,,,,,,,,,,,,,,,,,,,,,,,,,,,,,,,,,,,,,,,,,,,,,,,,,,,,,,,,,,,,,,,,,,,,,,,,,,,,,,,,,,,,,,,,,,,,,,,,,,,,,,,,,,,,,,,,,,,,,,,,,,,,,,,,,,,,,,,,,,,,,
Shannon,,121354848,121354848_8,Bouguen and Dillon,Unnamed program,0,12,1,0,1,0,0,0,0,1,Assets,Livestock index,"""The livestock index combines measures of animals owned (e.g., the number of chickens owned)"" p7",0,T2-C,page: 5; table: 2; table label: Table 2 Wealth indexes and poverty impacts; row label: Livestock; column label: 1-year results T2-C,0.313,0.071,4.408450704,,,p < .01,41,43,84,697,908,1605,,0,1605,5,0.222005735,0.222005735,0.221971106,0.002499889,0.999532054,0.002498719,0.049987189,0.123996216,0.319945997,0,no mention of the control receiving components from other programs,0,"no req for T2 (receiving monetary and asset transfers) but yes for T3 (receiving the full treatment package, including cash transfers, asset transfers, and nutrition interventions)",21,Burkina Faso MP T2,Burkina Faso MP (Multifaceted program),0,"UoR: villages p4. UoA: households p4
Clustered SE at village level p4",2025,Bouguen and Dillon (2025) Burkina Faso MP T2,Burkina,,,,,,,,,,,,,,,,,,,,,,,,,,,,,,,,,,,,,,,,,,,,,,,,,,,,,,,,,,,,,,,,,,,,,,,,,,,,,,,,,,,,,,,,,,,,,,,,,,,,,,,,,,,,,,,,,,,,,,,,,,,,,,,,,,,,,,,,,,,,,,,,,,,,,,,,,,,,,,,,,,,,,,,,,,,,,,,
Shannon,,121354848,121354848_9,Bouguen and Dillon,Unnamed program,0,12,1,0,1,0,0,0,0,1,Assets,Farming index,""" The farming index aggregates various measures related to the agricultural property of the household (e.g., the number of parcels, overall size of agricultural property)."" p7",0,T2-C,page: 5; table: 2; table label: Table 2 Wealth indexes and poverty impacts; row label: Farming; column label: 1-year results T2-C,0.298,0.258,1.15503876,,,p > .1,41,43,84,697,908,1605,,0,1605,5,0.058166745,0.058166745,0.058157672,0.002492739,0.999532054,0.002491572,0.049915653,-0.039677007,0.155992351,0,no mention of the control receiving components from other programs,0,"no req for T2 (receiving monetary and asset transfers) but yes for T3 (receiving the full treatment package, including cash transfers, asset transfers, and nutrition interventions)",21,Burkina Faso MP T2,Burkina Faso MP (Multifaceted program),0,"UoR: villages p4. UoA: households p4
Clustered SE at village level p4",2025,Bouguen and Dillon (2025) Burkina Faso MP T2,Burkina,,,,,,,,,,,,,,,,,,,,,,,,,,,,,,,,,,,,,,,,,,,,,,,,,,,,,,,,,,,,,,,,,,,,,,,,,,,,,,,,,,,,,,,,,,,,,,,,,,,,,,,,,,,,,,,,,,,,,,,,,,,,,,,,,,,,,,,,,,,,,,,,,,,,,,,,,,,,,,,,,,,,,,,,,,,,,,,
Pierre,,121378172,121378172_1,Gilligan et al.,SPIR-II Strengthen PSNP Institutions and Resilience,0,13,1,0,1,1,1,0,1,1,Expenditure,Daily per-capita consumption-expenditure,Daily per capita consumption  values transformed into 2011 purchasing power parity (PPP) term,0,"(T2), SPIR-II programming is rolled out to PSNP beneficiary households in conjunction with nurturing care groups targeting enhanced infant and young child nutritional practices. ""A thirty percent of households in T2 and T3 arms is also targeted for a one-time $300 livelihood grant."" p4","page: 85; table: A6; table label: Table A6. Treatment effects on key livelihood outcomes, disaggregated treatment arms; row label: Daily per-capita consumption-expenditure, conditional estimates (ANCOVA) T2; column labels: coefficient, Standard error, p-value, N",0.01,0.03,0.333333333,,,0.82,,,237,,,2954,2,0,2954,6,0.012266015,0.012266015,0.012264976,0.001354109,0.999745913,0.001353765,0.036793543,-0.059850368,0.084380321,1,"SPIR II ""Core SPIR graduation programming includes the organization of village economic and social associations (VESAs), used as a platform for trainings and other project activities around financial literacy, promotion of savings and credit use, agriculture, livestock value chain development (e.g., developing business skills and production skills), improving social capital, and catalyzing women’s empowerment. A thirty percent of households in T2 and T3 arms is also targeted for a one-time $300 livelihood grant. ""
""The project is situated within Ethiopia’s Productive Safety Net Program (PSNP), one of the largest safety net programs in Africa."" piv
""In the first arm (T1; the control group), PSNP is implemented by the government with SPIR II support for the provision of cash and food transfers only (no supplemental programming)."" pv",1,"Yes. ""the inclusion criteria required that households were PSNP beneficiaries reporting the presence of an infant under nine months of age (along with his / her mother or primary caretaker), or a pregnant woman."" pv",22,Ethiopia SPIR II T2,Ethiopia SPIR II (Strengthen PSNP4 Institutions; Resilience Development Food Security Activity),0,"UoR: kebele. ""This evaluation is a cluster randomized control trial (cRCT) where the cluster is defined as the kebele (the lowest administrative level in Ethiopia). "" p3
UoA: households p11
""the standard errors in our regressions are clustered at the kebele level to account for the randomized design"" p11",2024,Gilligan et al. (2024) Ethiopia SPIR II T2,Ethiopia,,,,,,,,,Not food expenditure outcome,,,,,,,,,,,,,,,,,,,,,,,,,,,,,,,,,,,,,,,,,,,,,,,,,,,,,,,,,,,,,,,,,,,,,,,,,,,,,,,,,,,,,,,,,,,,,,,,,,,,,,,,,,,,,,,,,,,,,,,,,,,,,,,,,,,,,,,,,,,,,,,,,,,,,,,,,,,,,,,,,,,,,,
Pierre,,121378172,121378172_2,Gilligan et al.,SPIR-II Strengthen PSNP Institutions and Resilience,0,13,1,0,1,1,1,0,1,1,Poverty,Prevalence of extreme poverty,Poverty headcount 0-1 (threshold was baseline household daily per capita consumption (dashed line) on the 1.90 $PPP poverty line),0,"(T2), SPIR-II programming is rolled out to PSNP beneficiary households in conjunction with nurturing care groups targeting enhanced infant and young child nutritional practices. ""A thirty percent of households in T2 and T3 arms is also targeted for a one-time $300 livelihood grant."" p4","page: 85; table: A6; table label: Table A6. Treatment effects on key livelihood outcomes, disaggregated treatment arms; row label: Prevalence of extreme poverty, conditional estimates (ANCOVA) T2; column labels: coefficient, Standard error, p-value, N",0.13,1.79,0.072625698,,,0.94,,,237,,,"17,041",2,0,17041,6,0.001112686,0.001112686,0.00111267,0.000234728,0.999955983,0.000234718,0.015320499,-0.028915508,0.031140848,1,"SPIR II ""Core SPIR graduation programming includes the organization of village economic and social associations (VESAs), used as a platform for trainings and other project activities around financial literacy, promotion of savings and credit use, agriculture, livestock value chain development (e.g., developing business skills and production skills), improving social capital, and catalyzing women’s empowerment. A thirty percent of households in T2 and T3 arms is also targeted for a one-time $300 livelihood grant. ""
""The project is situated within Ethiopia’s Productive Safety Net Program (PSNP), one of the largest safety net programs in Africa."" piv
""In the first arm (T1; the control group), PSNP is implemented by the government with SPIR II support for the provision of cash and food transfers only (no supplemental programming)."" pv",1,"Yes. ""the inclusion criteria required that households were PSNP beneficiaries reporting the presence of an infant under nine months of age (along with his / her mother or primary caretaker), or a pregnant woman."" pv",22,Ethiopia SPIR II T2,Ethiopia SPIR II (Strengthen PSNP4 Institutions; Resilience Development Food Security Activity),0,"UoR: kebele. ""This evaluation is a cluster randomized control trial (cRCT) where the cluster is defined as the kebele (the lowest administrative level in Ethiopia). "" p3
UoA: households p11
""the standard errors in our regressions are clustered at the kebele level to account for the randomized design"" p11",2024,Gilligan et al. (2024) Ethiopia SPIR II T2,Ethiopia,,,,,,,,,,,,,,,,1,,,,,,,,,,,,,,,,,,,,,,,,,,,,,,,,,,,,,,,,,,,,,,,,,,,,,,,,,,,,,,,,,,,,,,,,,,,,,,,,,,,,,,,,,,,,,,,,,,,,,,,,,,,,,,,,,,,,,,,,,,,,,,,,,,,,,,,,,,,,,,,,,,,,,,,,,,,,,,,
Guy,NA,121378216,121378216_1,Allen et al.,Forsa,18,4.5,1,0,1,1,0,0,0,1,Assets,Assets,Indicator if Household Owns Sheep & Goats (1/0),0,Forsa Treatment,page: 35; table: 5.3.1; table label: Table 5.3.1: Impacts of Forsa Program on Household Ownership of Sheep and Goats; row label: Forsa Treatment; column label: Indicator if Household Owns Sheep & Goats (1/0),0.076,0.011,6.909090909,,,p<0.01,160,163,323,,,7754,1,0,7754,6,0.156923507,0.156923507,0.156918446,0.000516657,0.999903248,0.000516607,0.022728985,0.112369636,0.201467255,1,"The Government of Egypt has designed a graduation model program, called Forsa (which means “opportunity” in Arabic), to directly provide a mechanism to support graduation from the national Takaful safety net program. Takaful provides beneficiaries monthly cash transfers",0,no,23,Egypt Forsa,Egypt Forsa,0,"UoR: subvillages ""eligible communities were randomized at the sub-village level between control and treatment to determine where Forsa was offered (treatment) or not (control)."" p4
UoA: households p4
""which we will cluster at the community level"" p34",2023,Allen et al. (2023) Egypt Forsa,Egypt,,,,,,,,,,,,,,,,,,,,,,,,,,,,,,,,,,,,,,,,,,,,,,,,,,,,,,,,,,,,,,,,,,,,,,,,,,,,,,,,,,,,,,,,,,,,,,,,,,,,,,,,,,,,,,,,,,,,,,,,,,,,,,,,,,,,,,,,,,,,,,,,,,,,,,,,,,,,,,,,,,,,,,,,,,,,,,,
Guy,NA,121378216,121378216_2,Allen et al.,Forsa,18,4.5,1,0,1,1,0,0,0,1,Assets,Assets,Quantity of Sheep & Goats Owned,0,Forsa Treatment,page: 35; table: 5.3.1; table label: Table 5.3.1: Impacts of Forsa Program on Household Ownership of Sheep and Goats; row label: Forsa Treatment; column label: Quantity of Sheep & Goats Owned,0.167,0.028,5.964285714,,,p<0.01,160,163,323,,,7754,1,0,7754,6,0.135464512,0.135464512,0.135460143,0.000516454,0.999903248,0.000516404,0.022724534,0.090920056,0.180000231,1,"The Government of Egypt has designed a graduation model program, called Forsa (which means “opportunity” in Arabic), to directly provide a mechanism to support graduation from the national Takaful safety net program. Takaful provides beneficiaries monthly cash transfers",0,no,23,Egypt Forsa,Egypt Forsa,0,"UoR: subvillages ""eligible communities were randomized at the sub-village level between control and treatment to determine where Forsa was offered (treatment) or not (control)."" p4
UoA: households p4
""which we will cluster at the community level"" p34",2023,Allen et al. (2023) Egypt Forsa,Egypt,,,,,,,,,,,,,,,,,,,,,,,,,,,,,,,,,,,,,,,,,,,,,,,,,,,,,,,,,,,,,,,,,,,,,,,,,,,,,,,,,,,,,,,,,,,,,,,,,,,,,,,,,,,,,,,,,,,,,,,,,,,,,,,,,,,,,,,,,,,,,,,,,,,,,,,,,,,,,,,,,,,,,,,,,,,,,,,
Guy,NA,121378216,121378216_3,Allen et al.,Forsa,18,4.5,1,0,1,1,0,0,0,1,Assets,Assets,Indicator if Household Owns Poultry (1/0),0,Forsa Treatment,page: 36; table: 5.3.3; table label: Table 5.3.3: Impacts of Forsa Program on Poultry Ownership & Quantity; row label: Forsa Treatment; column label: Indicator if Household Owns Poultry (1/0),-0.011,0.015,-0.733333333,,,p>0.1,160,163,323,,,7754,1,0,7754,6,-0.016655916,-0.016655916,-0.016655379,0.000515872,0.999903248,0.000515822,0.022711711,-0.061170332,0.027859575,1,"The Government of Egypt has designed a graduation model program, called Forsa (which means “opportunity” in Arabic), to directly provide a mechanism to support graduation from the national Takaful safety net program. Takaful provides beneficiaries monthly cash transfers",0,no,23,Egypt Forsa,Egypt Forsa,0,"UoR: subvillages ""eligible communities were randomized at the sub-village level between control and treatment to determine where Forsa was offered (treatment) or not (control)."" p4
UoA: households p4
""which we will cluster at the community level"" p34",2023,Allen et al. (2023) Egypt Forsa,Egypt,,,,,,,,,,,,,,,,,,,,,,,,,,,,,,,,,,,,,,,,,,,,,,,,,,,,,,,,,,,,,,,,,,,,,,,,,,,,,,,,,,,,,,,,,,,,,,,,,,,,,,,,,,,,,,,,,,,,,,,,,,,,,,,,,,,,,,,,,,,,,,,,,,,,,,,,,,,,,,,,,,,,,,,,,,,,,,,
Guy,NA,121378216,121378216_4,Allen et al.,Forsa,18,4.5,1,0,1,1,0,0,0,1,Assets,Assets,Quantity of Egg-Laying Chickens,0,Forsa Treatment,page: 36; table: 5.3.3; table label: Table 5.3.3: Impacts of Forsa Program on Poultry Ownership & Quantity; row label: Forsa Treatment; column label: Quantity of Egg-Laying Chickens,-0.123,0.085,-1.447058824,,,p>0.1,160,163,323,,,7754,1,0,7754,6,-0.032866487,-0.032866487,-0.032865427,0.000515898,0.999903248,0.000515848,0.022712281,-0.077381497,0.011650643,1,"The Government of Egypt has designed a graduation model program, called Forsa (which means “opportunity” in Arabic), to directly provide a mechanism to support graduation from the national Takaful safety net program. Takaful provides beneficiaries monthly cash transfers",0,no,23,Egypt Forsa,Egypt Forsa,0,"UoR: subvillages ""eligible communities were randomized at the sub-village level between control and treatment to determine where Forsa was offered (treatment) or not (control)."" p4
UoA: households p4
""which we will cluster at the community level"" p34",2023,Allen et al. (2023) Egypt Forsa,Egypt,,,,,,,,,,,,,,,,,,,,,,,,,,,,,,,,,,,,,,,,,,,,,,,,,,,,,,,,,,,,,,,,,,,,,,,,,,,,,,,,,,,,,,,,,,,,,,,,,,,,,,,,,,,,,,,,,,,,,,,,,,,,,,,,,,,,,,,,,,,,,,,,,,,,,,,,,,,,,,,,,,,,,,,,,,,,,,,
Guy,NA,121378216,121378216_5,Allen et al.,Forsa,18,4.5,1,0,1,1,0,0,0,1,Assets,Assets,Quantity of Non- Egg-Laying Chickens,0,Forsa Treatment,page: 36; table: 5.3.3; table label: Table 5.3.3: Impacts of Forsa Program on Poultry Ownership & Quantity; row label: Forsa Treatment; column label: Quantity of Non- Egg-Laying Chickens,0.122,0.111,1.099099099,,,p>0.1,160,163,323,,,7754,1,0,7754,6,0.024963412,0.024963412,0.024962607,0.000515883,0.999903248,0.000515833,0.022711956,-0.019552827,0.069478042,1,"The Government of Egypt has designed a graduation model program, called Forsa (which means “opportunity” in Arabic), to directly provide a mechanism to support graduation from the national Takaful safety net program. Takaful provides beneficiaries monthly cash transfers",0,no,23,Egypt Forsa,Egypt Forsa,0,"UoR: subvillages ""eligible communities were randomized at the sub-village level between control and treatment to determine where Forsa was offered (treatment) or not (control)."" p4
UoA: households p4
""which we will cluster at the community level"" p34",2023,Allen et al. (2023) Egypt Forsa,Egypt,,,,,,,,,,,,,,,,,,,,,,,,,,,,,,,,,,,,,,,,,,,,,,,,,,,,,,,,,,,,,,,,,,,,,,,,,,,,,,,,,,,,,,,,,,,,,,,,,,,,,,,,,,,,,,,,,,,,,,,,,,,,,,,,,,,,,,,,,,,,,,,,,,,,,,,,,,,,,,,,,,,,,,,,,,,,,,,
Guy,NA,121378216,121378216_6,Allen et al.,Forsa,18,4.5,1,0,1,1,0,0,0,1,Assets,Assets,"Quantity of Geese, Ducks & Pigeons",0,Forsa Treatment,"page: 36; table: 5.3.3; table label: Table 5.3.3: Impacts of Forsa Program on Poultry Ownership & Quantity; row label: Forsa Treatment; column label: Quantity of Geese, Ducks & Pigeons",0.064,0.091,0.703296703,,,p>0.1,160,163,323,,,7754,1,0,7754,6,0.015973706,0.015973706,0.015973191,0.000515871,0.999903248,0.000515821,0.022711695,-0.028541732,0.060488113,1,"The Government of Egypt has designed a graduation model program, called Forsa (which means “opportunity” in Arabic), to directly provide a mechanism to support graduation from the national Takaful safety net program. Takaful provides beneficiaries monthly cash transfers",0,no,23,Egypt Forsa,Egypt Forsa,0,"UoR: subvillages ""eligible communities were randomized at the sub-village level between control and treatment to determine where Forsa was offered (treatment) or not (control)."" p4
UoA: households p4
""which we will cluster at the community level"" p34",2023,Allen et al. (2023) Egypt Forsa,Egypt,,,,,,,,,,,,,,,,,,,,,,,,,,,,,,,,,,,,,,,,,,,,,,,,,,,,,,,,,,,,,,,,,,,,,,,,,,,,,,,,,,,,,,,,,,,,,,,,,,,,,,,,,,,,,,,,,,,,,,,,,,,,,,,,,,,,,,,,,,,,,,,,,,,,,,,,,,,,,,,,,,,,,,,,,,,,,,,
Farzana,P value is not reported,121475285,121475285_1,Chowdhury et.al,Transfers to the Ultra-Poor (TUP),6,14,1,0,1,1,1,0,0,1,Expenditure,Expenditure ,Total household Consumption ,0,TUP*2014,"Page 9: Table 2: Average treatment effects by Group-Year, controlling for baseline levels; Row: TUP*2014; Column: Tot",9.34,2.26,4.13,,,*** p < 0.01,,,,,,1305,3,0,1305,6,0.22880377,0.22880377,0.228759863,0.003075163,0.999424295,0.003073393,0.055438188,0.120101014,0.337418711,0,no mention of the control receiving components from other programs,0,"No, not specifically targeting women",24,South Sudan TUP,South Sudan TUP (Targeting the Ultra Poor),0,UoR=UoA households p2-3,2016,Chowdhury et.al (2016) South Sudan TUP,South Sudan,,,,,,,,,Not food expenditure outcome,,,,,,,,,,,,,,,,,,,,,,,,,,,,,,,,,,,,,,,,,,,,,,,,,,,,,,,,,,,,,,,,,,,,,,,,,,,,,,,,,,,,,,,,,,,,,,,,,,,,,,,,,,,,,,,,,,,,,,,,,,,,,,,,,,,,,,,,,,,,,,,,,,,,,,,,,,,,,,,,,,,,,,
Farzana,P value is not reported. I corrected TUP*2015. ,121475285,121475285_10,Chowdhury et.al,Transfers to the Ultra-Poor (TUP),17,14,1,0,1,1,1,0,0,1,Assets,Assets,Total Asset holdings,0,TUP*2015,"Page 11: Table 4: Average treatment e_ects by group-year on total
value (in SSP) of all assets measured and of productive
assets measured ; Row: TUP*2015; Column: Total",624.79,146.01,4.28,,,*** p < 0.01,,,,,,1305,3,0,1305,6,0.236906081,0.236906081,0.236860618,0.003075886,0.999424295,0.003074115,0.055444703,0.128189,0.345532237,0,no mention of the control receiving components from other programs,0,"No, not specifically targeting women",24,South Sudan TUP,South Sudan TUP (Targeting the Ultra Poor),0,UoR=UoA households p2-3,2016,Chowdhury et.al (2016) South Sudan TUP,South Sudan,,,,,,,,,,,,,,,,,,,,,,,,,,,,,,,,,,,,,,,,,,,,,,,,,,,,,,,,,,,,,,,,,,,,,,,,,,,,,,,,,,,,,,,,,,,,,,,,,,,,,,,,,,,,,,,,,,,,,,,,,,,,,,,,,,,,,,,,,,,,,,,,,,,,,,,,,,,,,,,,,,,,,,,,,,,,,,,
Farzana,P value is not reported. ,121475285,121475285_11,Chowdhury et.al,Transfers to the Ultra-Poor (TUP),6,14,1,0,1,1,1,0,0,1,Savings,Savings,Savings value ,0,TUP*2014,"Page 14: Table 6: Average treatment e_ects by group-year on total
value (in SSP) of all cash and food savings and area (in
fedan) of land being cultiviated by the household (includ-
ing rented or temporary-use) and owned by the house-
hold.; Row: TUP*2014; Column: Savings",28.74,42.93,0.67,,,Not significant,,,,,,671,3,0,671,6,0.051688581,0.051688581,0.051669258,0.005962247,0.998878505,0.005955561,0.077172279,-0.099588409,0.202926925,0,no mention of the control receiving components from other programs,0,"No, not specifically targeting women",24,South Sudan TUP,South Sudan TUP (Targeting the Ultra Poor),0,UoR=UoA households p2-3,2016,Chowdhury et.al (2016) South Sudan TUP,South Sudan,,,,,,,,,,,,,,1,,,,,,,,,,,,,,,,,,,,,,,,,,,,,,,,,,,,,,,,,,,,,,,,,,,,,,,,,,,,,,,,,,,,,,,,,,,,,,,,,,,,,,,,,,,,,,,,,,,,,,,,,,,,,,,,,,,,,,,,,,,,,,,,,,,,,,,,,,,,,,,,,,,,,,,,,,,,,,,,,
Farzana,P value is not reported. ,121475285,121475285_12,Chowdhury et.al,Transfers to the Ultra-Poor (TUP),17,14,1,0,1,1,1,0,0,1,Savings,Savings,Savings value ,0,TUP*2015,"Page 14: Table 6: Average treatment e_ects by group-year on total
value (in SSP) of all cash and food savings and area (in
fedan) of land being cultiviated by the household (includ-
ing rented or temporary-use) and owned by the house-
hold.; Row: TUP*2015; Column: Savings",91.4,40.89,2.24,,,** p < 0.05,,,,,,671,3,0,671,6,0.172582923,0.172582923,0.172518406,0.005972349,0.998878505,0.005965651,0.077237627,0.021132656,0.323904156,0,no mention of the control receiving components from other programs,0,"No, not specifically targeting women",24,South Sudan TUP,South Sudan TUP (Targeting the Ultra Poor),0,UoR=UoA households p2-3,2016,Chowdhury et.al (2016) South Sudan TUP,South Sudan,,,,,,,,,,,,,1,1,Selected as longest follo up period,,,,,,,,,,,,,,,,,,,,,,,,,,,,,,,,,,,,,,,,,,,,,,,,,,,,,,,,,,,,,,,,,,,,,,,,,,,,,,,,,,,,,,,,,,,,,,,,,,,,,,,,,,,,,,,,,,,,,,,,,,,,,,,,,,,,,,,,,,,,,,,,,,,,,,,,,,,,,,,,
Farzana,P value is not reported. ,121475285,121475285_13,Chowdhury et.al,Transfers to the Ultra-Poor (TUP),17,14,1,0,1,1,1,0,0,1,Income,Income,Total income ,0,TUP,"Page 16: Table 7: Average treatment e_ects by group-year on total
value (in SSP) of income reported in 2015 by sector; Row: TUP; Column: Total ",327.83,455.95,0.72,,,Not significant,,,,,,671,3,0,671,6,0.055513704,0.055513704,0.055492952,0.0059624,0.998878505,0.005955713,0.077173268,-0.095766653,0.206752557,0,no mention of the control receiving components from other programs,0,"No, not specifically targeting women",24,South Sudan TUP,South Sudan TUP (Targeting the Ultra Poor),0,UoR=UoA households p2-3,2016,Chowdhury et.al (2016) South Sudan TUP,South Sudan,,,,,,,,,,,,,,,,,,,,,,,,,,,,,,,,,,,,,,,,,,,,,,,,,,,,,,,,,,,,,,,,,,,,,,,,,,,,,,,,,,,,,,,,,,,,,,,,,,,,,,,,,,,,,,,,,,,,,,,,,,,,,,,,,,,,,,,,,,,,,,,,,,,,,,,,,,,,,,,,,,,,,,,,,,,,,,,
Farzana,P value is not reported. ,121475285,121475285_14,Chowdhury et.al,Transfers to the Ultra-Poor (TUP),17,14,1,0,1,1,1,0,0,1,Income,Income,Farm income,0,TUP,"Page 16: Table 7: Average treatment e_ects by group-year on total
value (in SSP) of income reported in 2015 by sector; Row: TUP; Column: Farm ",-142.2,77.21,-1.84,,,* p < 0.10,,,,,,531,3,0,531,6,-0.159848579,-0.159848579,-0.159773,0.007544987,0.99858156,0.007534285,0.086800256,-0.329901503,0.010355502,0,no mention of the control receiving components from other programs,0,"No, not specifically targeting women",24,South Sudan TUP,South Sudan TUP (Targeting the Ultra Poor),0,UoR=UoA households p2-3,2016,Chowdhury et.al (2016) South Sudan TUP,South Sudan,,,,,,,,,,,,,,,,,,,,,,,,,,,,,,,,,,,,,,,,,,,,,,,,,,,,,,,,,,,,,,,,,,,,,,,,,,,,,,,,,,,,,,,,,,,,,,,,,,,,,,,,,,,,,,,,,,,,,,,,,,,,,,,,,,,,,,,,,,,,,,,,,,,,,,,,,,,,,,,,,,,,,,,,,,,,,,,
Farzana,P value is not reported. ,121475285,121475285_15,Chowdhury et.al,Transfers to the Ultra-Poor (TUP),17,14,1,0,1,1,1,0,0,1,Income,Income,Livestock income,0,TUP,"Page 16: Table 7: Average treatment e_ects by group-year on total
value (in SSP) of income reported in 2015 by sector; Row: TUP; Column: Livestock",281.12,126.3,2.23,,,** p < 0.05,,,,,,380,3,0,380,6,0.228363448,0.228363448,0.228212314,0.010560625,0.99801456,0.010539657,0.102662834,0.02699316,0.429431468,0,no mention of the control receiving components from other programs,0,"No, not specifically targeting women",24,South Sudan TUP,South Sudan TUP (Targeting the Ultra Poor),0,UoR=UoA households p2-3,2016,Chowdhury et.al (2016) South Sudan TUP,South Sudan,,,,,,,,,,,,,,,,,,,,,,,,,,,,,,,,,,,,,,,,,,,,,,,,,,,,,,,,,,,,,,,,,,,,,,,,,,,,,,,,,,,,,,,,,,,,,,,,,,,,,,,,,,,,,,,,,,,,,,,,,,,,,,,,,,,,,,,,,,,,,,,,,,,,,,,,,,,,,,,,,,,,,,,,,,,,,,,
Farzana,P value is not reported. ,121475285,121475285_16,Chowdhury et.al,Transfers to the Ultra-Poor (TUP),17,14,1,0,1,1,1,0,0,1,Income,Income,Non farm income ,0,TUP,"Page 16: Table 7: Average treatment e_ects by group-year on total
value (in SSP) of income reported in 2015 by sector; Row: TUP; Column: Non-farm ",86.24,469.48,0.18,,,Not significant,,,,,,606,3,0,606,6,0.014924003,0.014924003,0.014917824,0.006600752,0.998757764,0.006592552,0.081194533,-0.144223462,0.174059109,0,no mention of the control receiving components from other programs,0,"No, not specifically targeting women",24,South Sudan TUP,South Sudan TUP (Targeting the Ultra Poor),0,UoR=UoA households p2-3,2016,Chowdhury et.al (2016) South Sudan TUP,South Sudan,,,,,,,,,,,,,,,,,,,,,,,,,,,,,,,,,,,,,,,,,,,,,,,,,,,,,,,,,,,,,,,,,,,,,,,,,,,,,,,,,,,,,,,,,,,,,,,,,,,,,,,,,,,,,,,,,,,,,,,,,,,,,,,,,,,,,,,,,,,,,,,,,,,,,,,,,,,,,,,,,,,,,,,,,,,,,,,
Farzana,P value is not reported,121475285,121475285_2,Chowdhury et.al,Transfers to the Ultra-Poor (TUP),17,14,1,0,1,1,1,0,0,1,Expenditure,Expenditure ,Total household Consumption ,0,TUP*2015,"Page 9: Table 2: Average treatment effects by Group-Year, controlling for baseline levels; Row: TUP*2015; Column: Tot",1.69,2.15,0.79,,,Not significant,,,,,,1305,3,0,1305,6,0.043518406,0.043518406,0.043510055,0.003065497,0.999424295,0.003063732,0.05535099,-0.064977885,0.151997995,0,no mention of the control receiving components from other programs,0,"No, not specifically targeting women",24,South Sudan TUP,South Sudan TUP (Targeting the Ultra Poor),0,UoR=UoA households p2-3,2016,Chowdhury et.al (2016) South Sudan TUP,South Sudan,,,,,,,,,Not food expenditure outcome,,,,,,,,,,,,,,,,,,,,,,,,,,,,,,,,,,,,,,,,,,,,,,,,,,,,,,,,,,,,,,,,,,,,,,,,,,,,,,,,,,,,,,,,,,,,,,,,,,,,,,,,,,,,,,,,,,,,,,,,,,,,,,,,,,,,,,,,,,,,,,,,,,,,,,,,,,,,,,,,,,,,,,
Farzana,P value is not reported,121475285,121475285_3,Chowdhury et.al,Transfers to the Ultra-Poor (TUP),6,14,1,0,1,1,1,0,0,1,Expenditure,Expenditure ,household Consumption (log) ,0,TUP*2014,"Page 9: Table 2: Average treatment effects by Group-Year, controlling for baseline levels; Row: TUP*2014; Column: logTot",0.23,0.06,3.83,,,*** p < 0.01,,,,,,1305,3,0,1305,6,0.212227337,0.212227337,0.212186611,0.003073763,0.999424295,0.003071993,0.055425562,0.103552509,0.320820713,0,no mention of the control receiving components from other programs,0,"No, not specifically targeting women",24,South Sudan TUP,South Sudan TUP (Targeting the Ultra Poor),0,UoR=UoA households p2-3,2016,Chowdhury et.al (2016) South Sudan TUP,South Sudan,,,,,,,,,Not food expenditure outcome,,,,,,,,,,,,,,,,,,,,,,,,,,,,,,,,,,,,,,,,,,,,,,,,,,,,,,,,,,,,,,,,,,,,,,,,,,,,,,,,,,,,,,,,,,,,,,,,,,,,,,,,,,,,,,,,,,,,,,,,,,,,,,,,,,,,,,,,,,,,,,,,,,,,,,,,,,,,,,,,,,,,,,
Farzana,P value is not reported,121475285,121475285_4,Chowdhury et.al,Transfers to the Ultra-Poor (TUP),17,14,1,0,1,1,1,0,0,1,Expenditure,Expenditure ,household Consumption (log) ,0,TUP*2015,"Page 9: Table 2: Average treatment effects by Group-Year, controlling for baseline levels; Row: TUP*2015; Column: logTot",0.04,0.05,0.80,,,Not significant,,,,,,1305,3,0,1305,6,0.044290923,0.044290923,0.044282423,0.00306551,0.999424295,0.003063745,0.055351107,-0.064205747,0.152770593,0,no mention of the control receiving components from other programs,0,"No, not specifically targeting women",24,South Sudan TUP,South Sudan TUP (Targeting the Ultra Poor),0,UoR=UoA households p2-3,2016,Chowdhury et.al (2016) South Sudan TUP,South Sudan,,,,,,,,,Not food expenditure outcome,,,,,,,,,,,,,,,,,,,,,,,,,,,,,,,,,,,,,,,,,,,,,,,,,,,,,,,,,,,,,,,,,,,,,,,,,,,,,,,,,,,,,,,,,,,,,,,,,,,,,,,,,,,,,,,,,,,,,,,,,,,,,,,,,,,,,,,,,,,,,,,,,,,,,,,,,,,,,,,,,,,,,,
Farzana,P value is not reported,121475285,121475285_5,Chowdhury et.al,Transfers to the Ultra-Poor (TUP),6,14,1,0,1,1,1,0,0,1,Expenditure,Expenditure ,Food consumption expenditure ,0,TUP*2014,"Page 9: Table 2: Average treatment effects by Group-Year, controlling for baseline levels; Row: TUP*2014; Column: Food",6.12,1.57,3.90,,,*** p < 0.01,,,,,,1295,3,0,1295,6,0.216644108,0.216644108,0.216602212,0.003097864,0.999419841,0.003096067,0.055642309,0.107543285,0.325661138,0,no mention of the control receiving components from other programs,0,"No, not specifically targeting women",24,South Sudan TUP,South Sudan TUP (Targeting the Ultra Poor),0,UoR=UoA households p2-3,2016,Chowdhury et.al (2016) South Sudan TUP,South Sudan,,,,,,,,1,Not selected for RE but selected for RVE as not longest follow up,,,,,,,,,,,,,,,,,,,,,,,,,,,,,,,,,,,,,,,,,,,,,,,,,,,,,,,,,,,,,,,,,,,,,,,,,,,,,,,,,,,,,,,,,,,,,,,,,,,,,,,,,,,,,,,,,,,,,,,,,,,,,,,,,,,,,,,,,,,,,,,,,,,,,,,,,,,,,,,,,,,,,,
Farzana,P value is not reported,121475285,121475285_6,Chowdhury et.al,Transfers to the Ultra-Poor (TUP),17,14,1,0,1,1,1,0,0,1,Expenditure,Expenditure ,Food consumption expenditure ,0,TUP*2015,"Page 9: Table 2: Average treatment effects by Group-Year, controlling for baseline levels; Row: TUP*2015; Column: Food",0.72,1.5,0.48,,,Not significant,,,,,,1295,3,0,1295,6,0.026676961,0.026676961,0.026671802,0.00308894,0.999419841,0.003087148,0.055562113,-0.08222994,0.135573543,0,no mention of the control receiving components from other programs,0,"No, not specifically targeting women",24,South Sudan TUP,South Sudan TUP (Targeting the Ultra Poor),0,UoR=UoA households p2-3,2016,Chowdhury et.al (2016) South Sudan TUP,South Sudan,,,,,,,1,1,Selected as longest follow up period,,,,,,,,,,,,,,,,,,,,,,,,,,,,,,,,,,,,,,,,,,,,,,,,,,,,,,,,,,,,,,,,,,,,,,,,,,,,,,,,,,,,,,,,,,,,,,,,,,,,,,,,,,,,,,,,,,,,,,,,,,,,,,,,,,,,,,,,,,,,,,,,,,,,,,,,,,,,,,,,,,,,,,
Farzana,P value is not reported,121475285,121475285_7,Chowdhury et.al,Transfers to the Ultra-Poor (TUP),6,14,1,0,1,1,1,0,0,1,Expenditure,Expenditure ,Food consumption share ,0,TUP*2014,"Page 9: Table 2: Average treatment effects by Group-Year, controlling for baseline levels; Row: TUP*2014; Column: FoodShr",-0.01,0.02,-0.50,,,Not significant,,,,,,1295,3,0,1295,6,-0.027788501,-0.027788501,-0.027783127,0.003088952,0.999419841,0.00308716,0.055562218,-0.136685074,0.081118821,0,no mention of the control receiving components from other programs,0,"No, not specifically targeting women",24,South Sudan TUP,South Sudan TUP (Targeting the Ultra Poor),0,UoR=UoA households p2-3,2016,Chowdhury et.al (2016) South Sudan TUP,South Sudan,,,,,,,,,Not best food exp outcome,,,,,,,,,,,,,,,,,,,,,,,,,,,,,,,,,,,,,,,,,,,,,,,,,,,,,,,,,,,,,,,,,,,,,,,,,,,,,,,,,,,,,,,,,,,,,,,,,,,,,,,,,,,,,,,,,,,,,,,,,,,,,,,,,,,,,,,,,,,,,,,,,,,,,,,,,,,,,,,,,,,,,,
Farzana,P value is not reported,121475285,121475285_8,Chowdhury et.al,Transfers to the Ultra-Poor (TUP),17,14,1,0,1,1,1,0,0,1,Expenditure,Expenditure ,Food consumption share ,0,TUP*2015,"Page 9: Table 2: Average treatment effects by Group-Year, controlling for baseline levels; Row: TUP*2015; Column: FoodShr",-0.01,0.01,-1.00,,,Not significant,,,,,,1295,3,0,1295,6,-0.055577001,-0.055577001,-0.055566254,0.003089399,0.999419841,0.003087607,0.05556624,-0.164476084,0.053343577,0,no mention of the control receiving components from other programs,0,"No, not specifically targeting women",24,South Sudan TUP,South Sudan TUP (Targeting the Ultra Poor),0,UoR=UoA households p2-3,2016,Chowdhury et.al (2016) South Sudan TUP,South Sudan,,,,,,,,,Not best food exp outcome,,,,,,,,,,,,,,,,,,,,,,,,,,,,,,,,,,,,,,,,,,,,,,,,,,,,,,,,,,,,,,,,,,,,,,,,,,,,,,,,,,,,,,,,,,,,,,,,,,,,,,,,,,,,,,,,,,,,,,,,,,,,,,,,,,,,,,,,,,,,,,,,,,,,,,,,,,,,,,,,,,,,,,
Farzana,P value is not reported. ,121475285,121475285_9,Chowdhury et.al,Transfers to the Ultra-Poor (TUP),6,14,1,0,1,1,1,0,0,1,Assets,Assets,Total Asset holdings,0,TUP*2014,"Page 11: Table 4: Average treatment e_ects by group-year on total
value (in SSP) of all assets measured and of productive
assets measured ; Row: TUP*2014; Column: Total",535.79,154.02,3.48,,,*** p < 0.01,,,,,,1305,3,0,1305,6,0.192593766,0.192593766,0.192556806,0.00307224,0.999424295,0.003070471,0.055411833,0.083949614,0.301163999,0,no mention of the control receiving components from other programs,0,"No, not specifically targeting women",24,South Sudan TUP,South Sudan TUP (Targeting the Ultra Poor),0,UoR=UoA households p2-3,2016,Chowdhury et.al (2016) South Sudan TUP,South Sudan,,,,,,,,,,,,,,,,,,,,,,,,,,,,,,,,,,,,,,,,,,,,,,,,,,,,,,,,,,,,,,,,,,,,,,,,,,,,,,,,,,,,,,,,,,,,,,,,,,,,,,,,,,,,,,,,,,,,,,,,,,,,,,,,,,,,,,,,,,,,,,,,,,,,,,,,,,,,,,,,,,,,,,,,,,,,,,,
Farzana,P value is not reported and T-sta is permutaion T-stat,121499003,121499003_01,Premand and Schnitzer,Multifaceted Economic Inclusion Program,18,3,1,0,1,1,1,1,0,1,Expenditure,Expenditure,Total Daily Consumption (FCFA),0,Cash transfer recipient households,Page 35; Table 2; Table 2: Direct impacts on household welfare; row: Treatment; column 1: Total daily consumption,54.193,19.209,3.18,,,*** p < 0.01,,,88,,,1741,1,0,1741,6,0.152425536,0.152425536,0.15240362,0.002300866,0.999568656,0.002299874,0.047957001,0.058407898,0.246399341,0,no mention of the control receiving components from other programs,0,no women requirement as lead recipient,25,Chad MEIP,Chad MEIP (Multifaceted Economic Inclusion Program),0,"UoR: villages
UoA: households
""The design involved a two-step randomization. In the first step, 57 villages were assigned to the economic inclusion intervention, and 31 villages were assigned to control. In the second step, within treatment villages a subset of cash transfer recipient households was assigned to participate in the economic inclusion intervention. "" p2
""In all specifications, standard errors are clustered at the village level. "" p12",2025,Premand and Schnitzer (2025) Chad MEIP,Chad,,,,,,,,,Not food expenditure outcome,,,,,,,,,,,,,,,,,,,,,,,,,,,,,,,,,,,,,,,,,,,,,,,,,,,,,,,,,,,,,,,,,,,,,,,,,,,,,,,,,,,,,,,,,,,,,,,,,,,,,,,,,,,,,,,,,,,,,,,,,,,,,,,,,,,,,,,,,,,,,,,,,,,,,,,,,,,,,,,,,,,,,,
Farzana,P value is not reported and T-sta is permutaion T-stat,121499003,121499003_02,Premand and Schnitzer,Multifaceted Economic Inclusion Program,18,3,1,0,1,1,1,1,0,1,Expenditure,Expenditure,Daily Food Consumption,0,Cash transfer recipient households,Page 35; Table 2; Table 2: Direct impacts on household welfare; row: Treatment; Colum 2: Daily Food Consumption,37.805,12.956,3.01,,,*** p < 0.01,,,88,,,1741,1,0,1741,6,0.144277001,0.144277001,0.144256256,0.002300519,0.999568656,0.002299527,0.047953383,0.050267627,0.238244886,0,no mention of the control receiving components from other programs,0,no women requirement as lead recipient,25,Chad MEIP,Chad MEIP (Multifaceted Economic Inclusion Program),0,"UoR: villages
UoA: households
""The design involved a two-step randomization. In the first step, 57 villages were assigned to the economic inclusion intervention, and 31 villages were assigned to control. In the second step, within treatment villages a subset of cash transfer recipient households was assigned to participate in the economic inclusion intervention. "" p2
""In all specifications, standard errors are clustered at the village level. "" p12",2025,Premand and Schnitzer (2025) Chad MEIP,Chad,,,,,,,1,1,Only one food expenditure estimate,,,,,,,,,,,,,,,,,,,,,,,,,,,,,,,,,,,,,,,,,,,,,,,,,,,,,,,,,,,,,,,,,,,,,,,,,,,,,,,,,,,,,,,,,,,,,,,,,,,,,,,,,,,,,,,,,,,,,,,,,,,,,,,,,,,,,,,,,,,,,,,,,,,,,,,,,,,,,,,,,,,,,,
Farzana,P value is not reported and T-sta is permutaion T-stat,121499003,121499003_03,Premand and Schnitzer,Multifaceted Economic Inclusion Program,18,3,1,0,1,1,1,1,0,1,Expenditure,Expenditure,Daily Non-food consumption,0,Cash transfer recipient households,Page 35; Table 2; Table 2: Direct impacts on household welfare; row: Treatment; Column 3 Daily Non-Food Comsumption,14.211,9.482,2.55,,,** p < 0.05,,,88,,,1766,1,0,1766,6,0.121359793,0.121359793,0.121342591,0.002267091,0.99957477,0.002266127,0.047603851,0.028039044,0.214646138,0,no mention of the control receiving components from other programs,0,no women requirement as lead recipient,25,Chad MEIP,Chad MEIP (Multifaceted Economic Inclusion Program),0,"UoR: villages
UoA: households
""The design involved a two-step randomization. In the first step, 57 villages were assigned to the economic inclusion intervention, and 31 villages were assigned to control. In the second step, within treatment villages a subset of cash transfer recipient households was assigned to participate in the economic inclusion intervention. "" p2
""In all specifications, standard errors are clustered at the village level. "" p12",2025,Premand and Schnitzer (2025) Chad MEIP,Chad,,,,,,,,,Not food expenditure outcome,,,,,,,,,,,,,,,,,,,,,,,,,,,,,,,,,,,,,,,,,,,,,,,,,,,,,,,,,,,,,,,,,,,,,,,,,,,,,,,,,,,,,,,,,,,,,,,,,,,,,,,,,,,,,,,,,,,,,,,,,,,,,,,,,,,,,,,,,,,,,,,,,,,,,,,,,,,,,,,,,,,,,,
Farzana,P value is not reported and T-sta is permutaion T-stat,121499003,121499003_10,Premand and Schnitzer,Multifaceted Economic Inclusion Program,18,3,1,0,1,1,1,1,0,1,Assets,Assets,Area of own plots cultivated,0,Cash transfer recipient households,Page 36; Table 3- Panel A; Table 3: Direct impacts on agriculture; row: Treatment; Column 3 Area of own plots cultivated (ha),-5.697,2.815,-2.11,,,** p < 0.05,,,88,,,1766,1,0,1766,6,-0.10041928,-0.10041928,-0.100405046,0.002266433,0.99957477,0.002265469,0.047596948,-0.193695063,-0.007115028,0,no mention of the control receiving components from other programs,0,no women requirement as lead recipient,25,Chad MEIP,Chad MEIP (Multifaceted Economic Inclusion Program),0,"UoR: villages
UoA: households
""The design involved a two-step randomization. In the first step, 57 villages were assigned to the economic inclusion intervention, and 31 villages were assigned to control. In the second step, within treatment villages a subset of cash transfer recipient households was assigned to participate in the economic inclusion intervention. "" p2
""In all specifications, standard errors are clustered at the village level. "" p12",2025,Premand and Schnitzer (2025) Chad MEIP,Chad,,,,,,,,,,,,,,,,,,,,,,,,,,,,,,,,,,,,,,,,,,,,,,,,,,,,,,,,,,,,,,,,,,,,,,,,,,,,,,,,,,,,,,,,,,,,,,,,,,,,,,,,,,,,,,,,,,,,,,,,,,,,,,,,,,,,,,,,,,,,,,,,,,,,,,,,,,,,,,,,,,,,,,,,,,,,,,,
Farzana,P value is not reported and T-sta is permutaion T-stat,121499003,121499003_11,Premand and Schnitzer,Multifaceted Economic Inclusion Program,18,3,1,0,1,1,1,1,0,1,Income,Income,"Harvest Value (rainy season, 1000 FCFA)",0,Cash transfer recipient households,"Page 36;  Table 3- Panel A; Table 3: Direct impacts on agriculture; row: Treatment; Column 6: Harvest Value (rainy season, 1000 FCFA)",6.891,3.179,1.93,,,* p < 0.1,,,88,,,1713,1,0,1713,6,0.093262837,0.093262837,0.093249208,0.002336354,0.999561596,0.00233533,0.04832525,-0.001468282,0.187966698,0,no mention of the control receiving components from other programs,0,no women requirement as lead recipient,25,Chad MEIP,Chad MEIP (Multifaceted Economic Inclusion Program),0,"UoR: villages
UoA: households
""The design involved a two-step randomization. In the first step, 57 villages were assigned to the economic inclusion intervention, and 31 villages were assigned to control. In the second step, within treatment villages a subset of cash transfer recipient households was assigned to participate in the economic inclusion intervention. "" p2
""In all specifications, standard errors are clustered at the village level. "" p12",2025,Premand and Schnitzer (2025) Chad MEIP,Chad,,,,,,,,,,,,,,,,,,,,,,,,,,,,,,,,,,,,,,,,,,,,,,,,,,,,,,,,,,,,,,,,,,,,,,,,,,,,,,,,,,,,,,,,,,,,,,,,,,,,,,,,,,,,,,,,,,,,,,,,,,,,,,,,,,,,,,,,,,,,,,,,,,,,,,,,,,,,,,,,,,,,,,,,,,,,,,,
Farzana,P value is not reported and T-sta is permutaion T-stat,121499003,121499003_14,Premand and Schnitzer,Multifaceted Economic Inclusion Program,18,3,1,0,1,1,1,1,0,1,Assets,Assets,Area of own plots cultivated,0,Cash transfer recipient households,Page 36; Table 3- Panel B; Table 3: Direct impacts on agriculture; row: Treatment; Column 3 Area of own plots cultivated (ha),-9.338,3.996,-2.37,,,** p < 0.05,,,88,,,1487,1,0,1487,6,-0.122920087,-0.122920087,-0.122899389,0.00269252,0.999494864,0.00269116,0.051876391,-0.224577116,-0.021221662,0,no mention of the control receiving components from other programs,0,no women requirement as lead recipient,25,Chad MEIP,Chad MEIP (Multifaceted Economic Inclusion Program),0,"UoR: villages
UoA: households
""The design involved a two-step randomization. In the first step, 57 villages were assigned to the economic inclusion intervention, and 31 villages were assigned to control. In the second step, within treatment villages a subset of cash transfer recipient households was assigned to participate in the economic inclusion intervention. "" p2
""In all specifications, standard errors are clustered at the village level. "" p12",2025,Premand and Schnitzer (2025) Chad MEIP,Chad,,,,,,,,,,,,,,,,,,,,,,,,,,,,,,,,,,,,,,,,,,,,,,,,,,,,,,,,,,,,,,,,,,,,,,,,,,,,,,,,,,,,,,,,,,,,,,,,,,,,,,,,,,,,,,,,,,,,,,,,,,,,,,,,,,,,,,,,,,,,,,,,,,,,,,,,,,,,,,,,,,,,,,,,,,,,,,,
Farzana,P value is not reported and T-sta is permutaion T-stat,121499003,121499003_15,Premand and Schnitzer,Multifaceted Economic Inclusion Program,18,3,1,0,1,1,1,1,0,1,Income,Income,"Harvest Value (rainy season, 1000 FCFA)",0,Cash transfer recipient households,"Page 36;  Table 3- Panel B; Table 3: Direct impacts on agriculture; row: Treatment; Column 6: Harvest Value (rainy season, 1000 FCFA)",9.161,7.773,1.73,,,Not Significant,,,88,,,1441,1,0,1441,6,0.091147363,0.091147363,0.091131525,0.002777291,0.999478714,0.002775844,0.052686276,-0.012133576,0.194396626,0,no mention of the control receiving components from other programs,0,no women requirement as lead recipient,25,Chad MEIP,Chad MEIP (Multifaceted Economic Inclusion Program),0,"UoR: villages
UoA: households
""The design involved a two-step randomization. In the first step, 57 villages were assigned to the economic inclusion intervention, and 31 villages were assigned to control. In the second step, within treatment villages a subset of cash transfer recipient households was assigned to participate in the economic inclusion intervention. "" p2
""In all specifications, standard errors are clustered at the village level. "" p12",2025,Premand and Schnitzer (2025) Chad MEIP,Chad,,,,,,,,,,,,,,,,,,,,,,,,,,,,,,,,,,,,,,,,,,,,,,,,,,,,,,,,,,,,,,,,,,,,,,,,,,,,,,,,,,,,,,,,,,,,,,,,,,,,,,,,,,,,,,,,,,,,,,,,,,,,,,,,,,,,,,,,,,,,,,,,,,,,,,,,,,,,,,,,,,,,,,,,,,,,,,,
Farzana,P value is not reported and T-sta is permutaion T-stat,121499003,121499003_16,Premand and Schnitzer,Multifaceted Economic Inclusion Program,18,3,1,0,1,1,1,1,0,1,Income,Income,Livestock sale revenue (1000 FCFA),0,Treati-represents assignment to the TUP program.,Page 38; Table 5- Panel A; Table 5: Direct impacts on livestock and savings; row: Treatment; Column 3 Livestock sale revenuew (1000 FCFA),-0.14,0.808,-0.17,,,Not Significant,,,88,,,1766,1,0,1766,6,-0.008090653,-0.008090653,-0.008089506,0.002265015,0.99957477,0.002264052,0.047582053,-0.10135033,0.085171318,0,no mention of the control receiving components from other programs,0,no women requirement as lead recipient,25,Chad MEIP,Chad MEIP (Multifaceted Economic Inclusion Program),0,"UoR: villages
UoA: households
""The design involved a two-step randomization. In the first step, 57 villages were assigned to the economic inclusion intervention, and 31 villages were assigned to control. In the second step, within treatment villages a subset of cash transfer recipient households was assigned to participate in the economic inclusion intervention. "" p2
""In all specifications, standard errors are clustered at the village level. "" p12",2025,Premand and Schnitzer (2025) Chad MEIP,Chad,,,,,,,,,,,,,,,,,,,,,,,,,,,,,,,,,,,,,,,,,,,,,,,,,,,,,,,,,,,,,,,,,,,,,,,,,,,,,,,,,,,,,,,,,,,,,,,,,,,,,,,,,,,,,,,,,,,,,,,,,,,,,,,,,,,,,,,,,,,,,,,,,,,,,,,,,,,,,,,,,,,,,,,,,,,,,,,
Farzana,P value is not reported and T-sta is permutaion T-stat,121499003,121499003_17,Premand and Schnitzer,Multifaceted Economic Inclusion Program,18,3,1,0,1,1,1,1,0,1,Assets,Assets,Livestock count,0,Treati-represents assignment to the TUP program.,Page 38; Table 5- Panel A; Table 5: Direct impacts on livestock and savings; row: Treatment; Column 4 Livestock count,-0.002,0.043,-0.04,,,Not Significant,,,88,,,1766,1,0,1766,6,-0.001903683,-0.001903683,-0.001903413,0.002265006,0.99957477,0.002264043,0.047581961,-0.095164057,0.091357231,0,no mention of the control receiving components from other programs,0,no women requirement as lead recipient,25,Chad MEIP,Chad MEIP (Multifaceted Economic Inclusion Program),0,"UoR: villages
UoA: households
""The design involved a two-step randomization. In the first step, 57 villages were assigned to the economic inclusion intervention, and 31 villages were assigned to control. In the second step, within treatment villages a subset of cash transfer recipient households was assigned to participate in the economic inclusion intervention. "" p2
""In all specifications, standard errors are clustered at the village level. "" p12",2025,Premand and Schnitzer (2025) Chad MEIP,Chad,,,,,,,,,,,,,,,,,,,,,,,,,,,,,,,,,,,,,,,,,,,,,,,,,,,,,,,,,,,,,,,,,,,,,,,,,,,,,,,,,,,,,,,,,,,,,,,,,,,,,,,,,,,,,,,,,,,,,,,,,,,,,,,,,,,,,,,,,,,,,,,,,,,,,,,,,,,,,,,,,,,,,,,,,,,,,,,
Farzana,P value is not reported and T-sta is permutaion T-stat,121499003,121499003_18,Premand and Schnitzer,Multifaceted Economic Inclusion Program,18,3,1,0,1,1,1,1,0,1,Savings,Savings,Total savings yearly,0,Treati-represents assignment to the TUP program.,"Page 38; Table 5- Panel A; Table 4: Direct impacts on off-farm businesses; row: Treatment; Column 6 Total savings (yearly, 1000 FCFA)",2.253,1.16,1.55,,,Not Significant,,,88,,,1766,1,0,1766,6,0.073767717,0.073767717,0.073757261,0.002265776,0.99957477,0.002264813,0.047590046,-0.01951923,0.167033752,0,no mention of the control receiving components from other programs,0,no women requirement as lead recipient,25,Chad MEIP,Chad MEIP (Multifaceted Economic Inclusion Program),0,"UoR: villages
UoA: households
""The design involved a two-step randomization. In the first step, 57 villages were assigned to the economic inclusion intervention, and 31 villages were assigned to control. In the second step, within treatment villages a subset of cash transfer recipient households was assigned to participate in the economic inclusion intervention. "" p2
""In all specifications, standard errors are clustered at the village level. "" p12",2025,Premand and Schnitzer (2025) Chad MEIP,Chad,,,,,,,,,,,,,1,1,,,,,,,,,,,,,,,,,,,,,,,,,,,,,,,,,,,,,,,,,,,,,,,,,,,,,,,,,,,,,,,,,,,,,,,,,,,,,,,,,,,,,,,,,,,,,,,,,,,,,,,,,,,,,,,,,,,,,,,,,,,,,,,,,,,,,,,,,,,,,,,,,,,,,,,,,,,,,,,,,
Farzana,P value is not reported and T-sta is permutaion T-stat,121499003,121499003_19,Premand and Schnitzer,Multifaceted Economic Inclusion Program,18,3,1,0,1,1,1,1,0,1,Income,Income,Livestock sale revenue (1000 FCFA),0,Treati-represents assignment to the TUP program.,Page 38; Table 5- Panel B; Table 5: Direct impacts on livestock and savings; row: Treatment; Column 3 Livestock sale revenuew (1000 FCFA),-6.849,3.056,-2.24,,,** p < 0.05,,,88,,,1487,1,0,1487,6,-0.116177635,-0.116177635,-0.116158073,0.002692249,0.999494864,0.002690889,0.05187378,-0.217830682,-0.014485463,0,no mention of the control receiving components from other programs,0,no women requirement as lead recipient,25,Chad MEIP,Chad MEIP (Multifaceted Economic Inclusion Program),0,"UoR: villages
UoA: households
""The design involved a two-step randomization. In the first step, 57 villages were assigned to the economic inclusion intervention, and 31 villages were assigned to control. In the second step, within treatment villages a subset of cash transfer recipient households was assigned to participate in the economic inclusion intervention. "" p2
""In all specifications, standard errors are clustered at the village level. "" p12",2025,Premand and Schnitzer (2025) Chad MEIP,Chad,,,,,,,,,,,,,,,,,,,,,,,,,,,,,,,,,,,,,,,,,,,,,,,,,,,,,,,,,,,,,,,,,,,,,,,,,,,,,,,,,,,,,,,,,,,,,,,,,,,,,,,,,,,,,,,,,,,,,,,,,,,,,,,,,,,,,,,,,,,,,,,,,,,,,,,,,,,,,,,,,,,,,,,,,,,,,,,
Farzana,P value is not reported and T-sta is permutaion T-stat,121499003,121499003_20,Premand and Schnitzer,Multifaceted Economic Inclusion Program,18,3,1,0,1,1,1,1,0,1,Assets,Assets,Livestock count,0,Treati-represents assignment to the TUP program.,Page 38; Table 5- Panel B; Table 5: Direct impacts on livestock and savings; row: Treatment; Column 4 Livestock count,0.037,0.049,0.77,,,Not Significant,,,88,,,1487,1,0,1487,6,0.039936062,0.039936062,0.039929338,0.002690248,0.999494864,0.002688889,0.051854499,-0.06170548,0.141564155,0,no mention of the control receiving components from other programs,0,no women requirement as lead recipient,25,Chad MEIP,Chad MEIP (Multifaceted Economic Inclusion Program),0,"UoR: villages
UoA: households
""The design involved a two-step randomization. In the first step, 57 villages were assigned to the economic inclusion intervention, and 31 villages were assigned to control. In the second step, within treatment villages a subset of cash transfer recipient households was assigned to participate in the economic inclusion intervention. "" p2
""In all specifications, standard errors are clustered at the village level. "" p12",2025,Premand and Schnitzer (2025) Chad MEIP,Chad,,,,,,,,,,,,,,,,,,,,,,,,,,,,,,,,,,,,,,,,,,,,,,,,,,,,,,,,,,,,,,,,,,,,,,,,,,,,,,,,,,,,,,,,,,,,,,,,,,,,,,,,,,,,,,,,,,,,,,,,,,,,,,,,,,,,,,,,,,,,,,,,,,,,,,,,,,,,,,,,,,,,,,,,,,,,,,,
CGP,The 3 T groups are compared to the same control group,121766336,121766336_1,Assaad et al.,Bab Amal,22,18,1,0,1,1,1,1,1,1,Assets,Value of livestock ownership,Value of all livestock ownership,0,Full cost unrestricted,Page 2; Table 1; Table 1: Policy Brief Estimates for Primary Outcomes (Endline); row: Full-Cost Unrestricted; Column: Value of livestock ownership,9230.52,1056.09,8.74,,,0.000,,,,807,948,1755,1,0,1755,5,0.418622965,0.418622965,0.418563256,0.002304166,0.999572101,0.00230318,0.047991458,0.324499999,0.512626513,1,"program includes a ""8-month consumption support (EGP 400) for non-recipients of the Takaful or Karama cash
transfer program"". there isn't more info, but potentially, C group may also receive cash support from Takaful/Karama. We don't know",0,"1 of the 3 arms requires that HHs ""choose a woman as the recipient of the asset and training"". its unclear if this targetting is required in the half cost arm",26,Egypt Bab Amal Full cost,Egypt Bab Amal,potentially NOT enough info in the policy brief,,2024,Assaad et al. (2024) Egypt Bab Amal Full cost,Egypt,,,,,,,,,,,,,,,,,,,,,,,,,,,,,,,,,,,,,,,,,,,,,,,,,,,,,,,,,,,,,,,,,,,,,,,,,,,,,,,,,,,,,,,,,,,,,,,,,,,,,,,,,,,,,,,,,,,,,,,,,,,,,,,,,,,,,,,,,,,,,,,,,,,,,,,,,,,,,,,,,,,,,,,,,,,,,,,
CGP,The 3 T groups are compared to the same control group,121766336,121766336_10,Assaad et al.,Bab Amal,2,18,1,0,1,1,1,1,1,1,Assets,Value of livestock ownership,Value of all livestock ownership,0,Full cost unrestricted,Page 3; Table 2; Table 2: Policy Brief Estimates for Primary Outcomes (Midline); row: Full-Cost Unrestricted; Column: Value of livestock ownership,8510.09,420.93,20.22,,,0.000,,,,828,952,1780,1,0,1780,5,0.960734916,0.960734916,0.96059981,0.002376827,0.999578118,0.002375825,0.048742433,0.865064643,1.056134978,1,"program includes a ""8-month consumption support (EGP 400) for non-recipients of the Takaful or Karama cash
transfer program"". there isn't more info, but potentially, C group may also receive cash support from Takaful/Karama. We don't know",0,"1 of the 3 arms requires that HHs ""choose a woman as the recipient of the asset and training"". its unclear if this targetting is required in the half cost arm",26,Egypt Bab Amal Full cost,Egypt Bab Amal,potentially NOT enough info in the policy brief,,2024,Assaad et al. (2024) Egypt Bab Amal Full cost,Egypt,,,,,,,,,,,,,,,,,,,,,,,,,,,,,,,,,,,,,,,,,,,,,,,,,,,,,,,,,,,,,,,,,,,,,,,,,,,,,,,,,,,,,,,,,,,,,,,,,,,,,,,,,,,,,,,,,,,,,,,,,,,,,,,,,,,,,,,,,,,,,,,,,,,,,,,,,,,,,,,,,,,,,,,,,,,,,,,
CGP,The 3 T groups are compared to the same control group,121766336,121766336_11,Assaad et al.,Bab Amal,2,18,1,0,1,1,1,1,1,1,Assets,Value of livestock ownership,Value of all livestock ownership,0,Full cost restricted,Page 3; Table 2; Table 2: Policy Brief Estimates for Primary Outcomes (Midline); row: Full Cost restricted; Column: Value of livestock ownership,8241.45,419.28,19.66,,,0.000,,,,792,952,1744,1,0,1744,5,0.945352394,0.945352394,0.945216704,0.002421687,0.999569399,0.002420645,0.049200047,0.848784613,1.041648796,1,"program includes a ""8-month consumption support (EGP 400) for non-recipients of the Takaful or Karama cash
transfer program"". there isn't more info, but potentially, C group may also receive cash support from Takaful/Karama. We don't know",0,"1 of the 3 arms requires that HHs ""choose a woman as the recipient of the asset and training"". its unclear if this targetting is required in the half cost arm",26,Egypt Bab Amal Full cost,Egypt Bab Amal,potentially NOT enough info in the policy brief,,2024,Assaad et al. (2024) Egypt Bab Amal Full cost,Egypt,,,,,,,,,,,,,,,,,,,,,,,,,,,,,,,,,,,,,,,,,,,,,,,,,,,,,,,,,,,,,,,,,,,,,,,,,,,,,,,,,,,,,,,,,,,,,,,,,,,,,,,,,,,,,,,,,,,,,,,,,,,,,,,,,,,,,,,,,,,,,,,,,,,,,,,,,,,,,,,,,,,,,,,,,,,,,,,
CGP,The 3 T groups are compared to the same control group,121766336,121766336_12,Assaad et al.,Bab Amal,2,18,1,0,1,1,1,1,1,1,Assets,Value of livestock ownership,Value of all livestock ownership,0,Half cost,Page 3; Table 2; Table 2: Policy Brief Estimates for Primary Outcomes (Midline); row: Half Cost; Column: Value of livestock ownership,5359.52,395.50,13.55,,,0.000,,,,725,952,1677,1,0,1677,5,0.667968562,0.667968562,0.66786885,0.002451727,0.999552172,0.002450629,0.049503825,0.570841354,0.764896346,1,"program includes a ""8-month consumption support (EGP 400) for non-recipients of the Takaful or Karama cash
transfer program"". there isn't more info, but potentially, C group may also receive cash support from Takaful/Karama. We don't know",0,"1 of the 3 arms requires that HHs ""choose a woman as the recipient of the asset and training"". its unclear if this targetting is required in the half cost arm",26,Egypt Bab Ama Half cost,Egypt Bab Amal,potentially NOT enough info in the policy brief,,2024,Assaad et al. (2024) Egypt Bab Ama Half cost,Egypt,,,,,,,,,,,,,,,,,,,,,,,,,,,,,,,,,,,,,,,,,,,,,,,,,,,,,,,,,,,,,,,,,,,,,,,,,,,,,,,,,,,,,,,,,,,,,,,,,,,,,,,,,,,,,,,,,,,,,,,,,,,,,,,,,,,,,,,,,,,,,,,,,,,,,,,,,,,,,,,,,,,,,,,,,,,,,,,
CGP,The 3 T groups are compared to the same control group,121766336,121766336_13,Assaad et al.,Bab Amal,2,18,1,0,1,1,1,1,1,1,Income,Total income,Monthly total income,0,Full cost unrestricted,Page 3; Table 2; Table 2: Policy Brief Estimates for Primary Outcomes (Midline); row: Full-Cost Unrestricted; Column: total income,157.78,60.28,2.62,,,0.009,,,,828,952,1780,1,0,1780,5,0.124384446,0.124384446,0.124366954,0.002249364,0.999578118,0.002248415,0.047417455,0.031428743,0.217305165,1,"program includes a ""8-month consumption support (EGP 400) for non-recipients of the Takaful or Karama cash
transfer program"". there isn't more info, but potentially, C group may also receive cash support from Takaful/Karama. We don't know",0,"1 of the 3 arms requires that HHs ""choose a woman as the recipient of the asset and training"". its unclear if this targetting is required in the half cost arm",26,Egypt Bab Amal Full cost,Egypt Bab Amal,potentially NOT enough info in the policy brief,,2024,Assaad et al. (2024) Egypt Bab Amal Full cost,Egypt,,,,,,,,,,,,,,,,,,,,,,,,,,,,,,,,,,,,,,,,,,,,,,,,,,,,,,,,,,,,,,,,,,,,,,,,,,,,,,,,,,,,,,,,,,,,,,,,,,,,,,,,,,,,,,,,,,,,,,,,,,,,,,,,,,,,,,,,,,,,,,,,,,,,,,,,,,,,,,,,,,,,,,,,,,,,,,,
CGP,The 3 T groups are compared to the same control group,121766336,121766336_14,Assaad et al.,Bab Amal,2,18,1,0,1,1,1,1,1,1,Income,Total income,Monthly total income,0,Full cost restricted,Page 3; Table 2; Table 2: Policy Brief Estimates for Primary Outcomes (Midline); row: Full Cost restricted; Column: total income,262.53,65.00,4.04,,,0.000,,,,792,952,1744,1,0,1744,5,0.194250017,0.194250017,0.194222136,0.002298987,0.999569399,0.002297997,0.047937428,0.100264776,0.288179495,1,"program includes a ""8-month consumption support (EGP 400) for non-recipients of the Takaful or Karama cash
transfer program"". there isn't more info, but potentially, C group may also receive cash support from Takaful/Karama. We don't know",0,"1 of the 3 arms requires that HHs ""choose a woman as the recipient of the asset and training"". its unclear if this targetting is required in the half cost arm",26,Egypt Bab Amal Full cost,Egypt Bab Amal,potentially NOT enough info in the policy brief,,2024,Assaad et al. (2024) Egypt Bab Amal Full cost,Egypt,,,,,,,,,,,,,,,,,,,,,,,,,,,,,,,,,,,,,,,,,,,,,,,,,,,,,,,,,,,,,,,,,,,,,,,,,,,,,,,,,,,,,,,,,,,,,,,,,,,,,,,,,,,,,,,,,,,,,,,,,,,,,,,,,,,,,,,,,,,,,,,,,,,,,,,,,,,,,,,,,,,,,,,,,,,,,,,
CGP,The 3 T groups are compared to the same control group,121766336,121766336_15,Assaad et al.,Bab Amal,2,18,1,0,1,1,1,1,1,1,Income,Total income,Monthly total income,0,Half cost,Page 3; Table 2; Table 2: Policy Brief Estimates for Primary Outcomes (Midline); row: Half Cost; Column: total income,126.99,62.27,2.04,,,0.042,,,,725,952,1677,1,0,1677,5,0.100529623,0.100529623,0.100514617,0.002386718,0.999552172,0.002385649,0.04884311,0.00478212,0.196247113,1,"program includes a ""8-month consumption support (EGP 400) for non-recipients of the Takaful or Karama cash
transfer program"". there isn't more info, but potentially, C group may also receive cash support from Takaful/Karama. We don't know",0,"1 of the 3 arms requires that HHs ""choose a woman as the recipient of the asset and training"". its unclear if this targetting is required in the half cost arm",26,Egypt Bab Ama Half cost,Egypt Bab Amal,potentially NOT enough info in the policy brief. ,,2024,Assaad et al. (2024) Egypt Bab Ama Half cost,Egypt,,,,,,,,,,,,,,,,,,,,,,,,,,,,,,,,,,,,,,,,,,,,,,,,,,,,,,,,,,,,,,,,,,,,,,,,,,,,,,,,,,,,,,,,,,,,,,,,,,,,,,,,,,,,,,,,,,,,,,,,,,,,,,,,,,,,,,,,,,,,,,,,,,,,,,,,,,,,,,,,,,,,,,,,,,,,,,,
CGP,The 3 T groups are compared to the same control group,121766336,121766336_16,Assaad et al.,Bab Amal,2,18,1,0,1,1,1,1,1,1,Expenditure,Total expenditure,Monthly total expenditure,0,Full cost unrestricted,Page 3; Table 2; Table 2: Policy Brief Estimates for Primary Outcomes (Midline); row: Full-Cost Unrestricted; Column: total expenditure,135.00,59.62,2.26,,,0.024,,,,828,952,1780,1,0,1780,5,0.107601036,0.107601036,0.107585905,0.002248817,0.999578118,0.002247868,0.047411691,0.014658991,0.200512818,1,"program includes a ""8-month consumption support (EGP 400) for non-recipients of the Takaful or Karama cash
transfer program"". there isn't more info, but potentially, C group may also receive cash support from Takaful/Karama. We don't know",0,"1 of the 3 arms requires that HHs ""choose a woman as the recipient of the asset and training"". its unclear if this targetting is required in the half cost arm",26,Egypt Bab Amal Full cost,Egypt Bab Amal,potentially NOT enough info in the policy brief,,2024,Assaad et al. (2024) Egypt Bab Amal Full cost,Egypt,,,,,,,,,Not food expenditure outcome,,,,,,,,,,,,,,,,,,,,,,,,,,,,,,,,,,,,,,,,,,,,,,,,,,,,,,,,,,,,,,,,,,,,,,,,,,,,,,,,,,,,,,,,,,,,,,,,,,,,,,,,,,,,,,,,,,,,,,,,,,,,,,,,,,,,,,,,,,,,,,,,,,,,,,,,,,,,,,,,,,,,,,
CGP,The 3 T groups are compared to the same control group,121766336,121766336_17,Assaad et al.,Bab Amal,2,18,1,0,1,1,1,1,1,1,Expenditure,Total expenditure,Monthly total expenditure,0,Full cost restricted,Page 3; Table 2; Table 2: Policy Brief Estimates for Primary Outcomes (Midline); row: Full Cost restricted; Column: total expenditure,164.56,62.64,2.63,,,0.009,,,,792,952,1744,1,0,1744,5,0.126358073,0.126358073,0.126339937,0.002295867,0.999569399,0.002294878,0.047904886,0.032446359,0.220233514,1,"program includes a ""8-month consumption support (EGP 400) for non-recipients of the Takaful or Karama cash
transfer program"". there isn't more info, but potentially, C group may also receive cash support from Takaful/Karama. We don't know",0,"1 of the 3 arms requires that HHs ""choose a woman as the recipient of the asset and training"". its unclear if this targetting is required in the half cost arm",26,Egypt Bab Amal Full cost,Egypt Bab Amal,potentially NOT enough info in the policy brief,,2024,Assaad et al. (2024) Egypt Bab Amal Full cost,Egypt,,,,,,,,,Not food expenditure outcome,,,,,,,,,,,,,,,,,,,,,,,,,,,,,,,,,,,,,,,,,,,,,,,,,,,,,,,,,,,,,,,,,,,,,,,,,,,,,,,,,,,,,,,,,,,,,,,,,,,,,,,,,,,,,,,,,,,,,,,,,,,,,,,,,,,,,,,,,,,,,,,,,,,,,,,,,,,,,,,,,,,,,,
CGP,The 3 T groups are compared to the same control group,121766336,121766336_18,Assaad et al.,Bab Amal,2,18,1,0,1,1,1,1,1,1,Expenditure,Total expenditure,Monthly total expenditure,0,Half cost,Page 3; Table 2; Table 2: Policy Brief Estimates for Primary Outcomes (Midline); row: Half Cost; Column: total expenditure,141.17,66.81,2.11,,,0.035,,,,725,952,1677,1,0,1677,5,0.104158742,0.104158742,0.104143194,0.002386829,0.999552172,0.00238576,0.048844244,0.008408476,0.199877911,1,"program includes a ""8-month consumption support (EGP 400) for non-recipients of the Takaful or Karama cash
transfer program"". there isn't more info, but potentially, C group may also receive cash support from Takaful/Karama. We don't know",0,"1 of the 3 arms requires that HHs ""choose a woman as the recipient of the asset and training"". its unclear if this targetting is required in the half cost arm",26,Egypt Bab Ama Half cost,Egypt Bab Amal,potentially NOT enough info in the policy brief,,2024,Assaad et al. (2024) Egypt Bab Ama Half cost,Egypt,,,,,,,,,Not food expenditure outcome,,,,,,,,,,,,,,,,,,,,,,,,,,,,,,,,,,,,,,,,,,,,,,,,,,,,,,,,,,,,,,,,,,,,,,,,,,,,,,,,,,,,,,,,,,,,,,,,,,,,,,,,,,,,,,,,,,,,,,,,,,,,,,,,,,,,,,,,,,,,,,,,,,,,,,,,,,,,,,,,,,,,,,
CGP,The 3 T groups are compared to the same control group,121766336,121766336_2,Assaad et al.,Bab Amal,22,18,1,0,1,1,1,1,1,1,Assets,Value of livestock ownership,Value of all livestock ownership,0,Full cost restricted,Page 2; Table 1; Table 1: Policy Brief Estimates for Primary Outcomes (Endline); row: Full Cost restricted; Column: Value of livestock ownership,8661.77,940.88,9.21,,,0.000,,,,783,948,1731,1,0,1731,5,0.444565385,0.444565385,0.444501095,0.002339347,0.999566161,0.002338332,0.048356303,0.34972274,0.539279449,1,"program includes a ""8-month consumption support (EGP 400) for non-recipients of the Takaful or Karama cash
transfer program"". there isn't more info, but potentially, C group may also receive cash support from Takaful/Karama. We don't know",0,"1 of the 3 arms requires that HHs ""choose a woman as the recipient of the asset and training"". its unclear if this targetting is required in the half cost arm",26,Egypt Bab Amal Full cost,Egypt Bab Amal,potentially NOT enough info in the policy brief,,2024,Assaad et al. (2024) Egypt Bab Amal Full cost,Egypt,,,,,,,,,,,,,,,,,,,,,,,,,,,,,,,,,,,,,,,,,,,,,,,,,,,,,,,,,,,,,,,,,,,,,,,,,,,,,,,,,,,,,,,,,,,,,,,,,,,,,,,,,,,,,,,,,,,,,,,,,,,,,,,,,,,,,,,,,,,,,,,,,,,,,,,,,,,,,,,,,,,,,,,,,,,,,,,
CGP,The 3 T groups are compared to the same control group,121766336,121766336_3,Assaad et al.,Bab Amal,22,18,1,0,1,1,1,1,1,1,Assets,Value of livestock ownership,Value of all livestock ownership,0,Half cost,Page 2; Table 1; Table 1: Policy Brief Estimates for Primary Outcomes (Endline); row: Half Cost; Column: Value of livestock ownership,6143.41,798.50,7.69,,,0.000,,,,716,948,1664,1,0,1664,5,0.380934475,0.380934475,0.380877165,0.002425648,0.999548669,0.002424553,0.049239749,0.284367257,0.477387074,1,"program includes a ""8-month consumption support (EGP 400) for non-recipients of the Takaful or Karama cash
transfer program"". there isn't more info, but potentially, C group may also receive cash support from Takaful/Karama. We don't know",0,"1 of the 3 arms requires that HHs ""choose a woman as the recipient of the asset and training"". its unclear if this targetting is required in the half cost arm",26,Egypt Bab Ama Half cost,Egypt Bab Amal,potentially NOT enough info in the policy brief,,2024,Assaad et al. (2024) Egypt Bab Ama Half cost,Egypt,,,,,,,,,,,,,,,,,,,,,,,,,,,,,,,,,,,,,,,,,,,,,,,,,,,,,,,,,,,,,,,,,,,,,,,,,,,,,,,,,,,,,,,,,,,,,,,,,,,,,,,,,,,,,,,,,,,,,,,,,,,,,,,,,,,,,,,,,,,,,,,,,,,,,,,,,,,,,,,,,,,,,,,,,,,,,,,
CGP,The 3 T groups are compared to the same control group,121766336,121766336_4,Assaad et al.,Bab Amal,22,18,1,0,1,1,1,1,1,1,Income,Total income,Monthly total income,0,Full cost unrestricted,Page 2; Table 1; Table 1: Policy Brief Estimates for Primary Outcomes (Endline); row: Full-Cost Unrestricted; Column: total income,280.19,116.59,2.40,,,0.017,,,,807,948,1755,1,0,1755,5,0.115101764,0.115101764,0.115085346,0.00228109,0.999572101,0.002280113,0.047750533,0.021494301,0.208676392,1,"program includes a ""8-month consumption support (EGP 400) for non-recipients of the Takaful or Karama cash
transfer program"". there isn't more info, but potentially, C group may also receive cash support from Takaful/Karama. We don't know",0,"1 of the 3 arms requires that HHs ""choose a woman as the recipient of the asset and training"". its unclear if this targetting is required in the half cost arm",26,Egypt Bab Amal Full cost,Egypt Bab Amal,potentially NOT enough info in the policy brief,,2024,Assaad et al. (2024) Egypt Bab Amal Full cost,Egypt,,,,,,,,,,,,,,,,,,,,,,,,,,,,,,,,,,,,,,,,,,,,,,,,,,,,,,,,,,,,,,,,,,,,,,,,,,,,,,,,,,,,,,,,,,,,,,,,,,,,,,,,,,,,,,,,,,,,,,,,,,,,,,,,,,,,,,,,,,,,,,,,,,,,,,,,,,,,,,,,,,,,,,,,,,,,,,,
CGP,The 3 T groups are compared to the same control group,121766336,121766336_5,Assaad et al.,Bab Amal,22,18,1,0,1,1,1,1,1,1,Income,Total income,Monthly total income,0,Full cost restricted,Page 2; Table 1; Table 1: Policy Brief Estimates for Primary Outcomes (Endline); row: Full Cost restricted; Column: total income,288.52,121.86,2.37,,,0.018,,,,783,948,1731,1,0,1731,5,0.114332845,0.114332845,0.114316311,0.002312691,0.999566161,0.002311688,0.048080012,0.020079486,0.208553135,1,"program includes a ""8-month consumption support (EGP 400) for non-recipients of the Takaful or Karama cash
transfer program"". there isn't more info, but potentially, C group may also receive cash support from Takaful/Karama. We don't know",0,"1 of the 3 arms requires that HHs ""choose a woman as the recipient of the asset and training"". its unclear if this targetting is required in the half cost arm",26,Egypt Bab Amal Full cost,Egypt Bab Amal,potentially NOT enough info in the policy brief,,2024,Assaad et al. (2024) Egypt Bab Amal Full cost,Egypt,,,,,,,,,,,,,,,,,,,,,,,,,,,,,,,,,,,,,,,,,,,,,,,,,,,,,,,,,,,,,,,,,,,,,,,,,,,,,,,,,,,,,,,,,,,,,,,,,,,,,,,,,,,,,,,,,,,,,,,,,,,,,,,,,,,,,,,,,,,,,,,,,,,,,,,,,,,,,,,,,,,,,,,,,,,,,,,
CGP,The 3 T groups are compared to the same control group,121766336,121766336_6,Assaad et al.,Bab Amal,22,18,1,0,1,1,1,1,1,1,Income,Total income,Monthly total income,0,Half cost,Page 2; Table 1; Table 1: Policy Brief Estimates for Primary Outcomes (Endline); row: Half Cost; Column: total income,155.43,121.73,1.28,,,0.202,,,,716,948,1664,1,0,1664,5,0.06321961,0.06321961,0.063210099,0.002404447,0.999548669,0.002403361,0.04902409,-0.032877118,0.159297315,1,"program includes a ""8-month consumption support (EGP 400) for non-recipients of the Takaful or Karama cash
transfer program"". there isn't more info, but potentially, C group may also receive cash support from Takaful/Karama. We don't know",0,"1 of the 3 arms requires that HHs ""choose a woman as the recipient of the asset and training"". its unclear if this targetting is required in the half cost arm",26,Egypt Bab Ama Half cost,Egypt Bab Amal,potentially NOT enough info in the policy brief,,2024,Assaad et al. (2024) Egypt Bab Ama Half cost,Egypt,,,,,,,,,,,,,,,,,,,,,,,,,,,,,,,,,,,,,,,,,,,,,,,,,,,,,,,,,,,,,,,,,,,,,,,,,,,,,,,,,,,,,,,,,,,,,,,,,,,,,,,,,,,,,,,,,,,,,,,,,,,,,,,,,,,,,,,,,,,,,,,,,,,,,,,,,,,,,,,,,,,,,,,,,,,,,,,
CGP,The 3 T groups are compared to the same control group,121766336,121766336_7,Assaad et al.,Bab Amal,22,18,1,0,1,1,1,1,1,1,Expenditure,Total expenditure,Monthly total expenditure,0,Full cost unrestricted,Page 2; Table 1; Table 1: Policy Brief Estimates for Primary Outcomes (Endline); row: Full-Cost Unrestricted; Column: total expenditure,274.30,99.40,2.76,,,0.006,,,,807,948,1755,1,0,1755,5,0.132172374,0.132172374,0.132153521,0.002281691,0.999572101,0.002280714,0.047756827,0.038550141,0.225756901,1,"program includes a ""8-month consumption support (EGP 400) for non-recipients of the Takaful or Karama cash
transfer program"". there isn't more info, but potentially, C group may also receive cash support from Takaful/Karama. We don't know",0,"1 of the 3 arms requires that HHs ""choose a woman as the recipient of the asset and training"". its unclear if this targetting is required in the half cost arm",26,Egypt Bab Amal Full cost,Egypt Bab Amal,potentially NOT enough info in the policy brief,,2024,Assaad et al. (2024) Egypt Bab Amal Full cost,Egypt,,,,,,,,,Not food expenditure outcome,,,,,,,,,,,,,,,,,,,,,,,,,,,,,,,,,,,,,,,,,,,,,,,,,,,,,,,,,,,,,,,,,,,,,,,,,,,,,,,,,,,,,,,,,,,,,,,,,,,,,,,,,,,,,,,,,,,,,,,,,,,,,,,,,,,,,,,,,,,,,,,,,,,,,,,,,,,,,,,,,,,,,,
CGP,The 3 T groups are compared to the same control group,121766336,121766336_8,Assaad et al.,Bab Amal,22,18,1,0,1,1,1,1,1,1,Expenditure,Total expenditure,Monthly total expenditure,0,Full cost restricted,Page 2; Table 1; Table 1: Policy Brief Estimates for Primary Outcomes (Endline); row: Full Cost restricted; Column: total expenditure,274.58,102.01,2.69,,,0.007,,,,783,948,1731,1,0,1731,5,0.129982313,0.129982313,0.129963515,0.002313243,0.999566161,0.00231224,0.048085752,0.035715441,0.224211589,1,"program includes a ""8-month consumption support (EGP 400) for non-recipients of the Takaful or Karama cash
transfer program"". there isn't more info, but potentially, C group may also receive cash support from Takaful/Karama. We don't know",0,"1 of the 3 arms requires that HHs ""choose a woman as the recipient of the asset and training"". its unclear if this targetting is required in the half cost arm",26,Egypt Bab Amal Full cost,Egypt Bab Amal,potentially NOT enough info in the policy brief,,2024,Assaad et al. (2024) Egypt Bab Amal Full cost,Egypt,,,,,,,,,Not food expenditure outcome,,,,,,,,,,,,,,,,,,,,,,,,,,,,,,,,,,,,,,,,,,,,,,,,,,,,,,,,,,,,,,,,,,,,,,,,,,,,,,,,,,,,,,,,,,,,,,,,,,,,,,,,,,,,,,,,,,,,,,,,,,,,,,,,,,,,,,,,,,,,,,,,,,,,,,,,,,,,,,,,,,,,,,
CGP,The 3 T groups are compared to the same control group,121766336,121766336_9,Assaad et al.,Bab Amal,22,18,1,0,1,1,1,1,1,1,Expenditure,Total expenditure,Monthly total expenditure,0,Half cost,Page 2; Table 1; Table 1: Policy Brief Estimates for Primary Outcomes (Endline); row: Half Cost; Column: total expenditure,264.64,116.95,2.26,,,0.024,,,,716,948,1664,1,0,1664,5,0.112037954,0.112037954,0.112021099,0.002405732,0.999548669,0.002404646,0.049037193,0.015908201,0.208133997,1,"program includes a ""8-month consumption support (EGP 400) for non-recipients of the Takaful or Karama cash
transfer program"". there isn't more info, but potentially, C group may also receive cash support from Takaful/Karama. We don't know",0,"1 of the 3 arms requires that HHs ""choose a woman as the recipient of the asset and training"". its unclear if this targetting is required in the half cost arm",26,Egypt Bab Ama Half cost,Egypt Bab Amal,potentially NOT enough info in the policy brief,,2024,Assaad et al. (2024) Egypt Bab Ama Half cost,Egypt,,,,,,,,,Not food expenditure outcome,,,,,,,,,,,,,,,,,,,,,,,,,,,,,,,,,,,,,,,,,,,,,,,,,,,,,,,,,,,,,,,,,,,,,,,,,,,,,,,,,,,,,,,,,,,,,,,,,,,,,,,,,,,,,,,,,,,,,,,,,,,,,,,,,,,,,,,,,,,,,,,,,,,,,,,,,,,,,,,,,,,,,,
Andrea,Missing SE,122182712,122182712_1,Sulaiman and Barua,Afghanistan TUP,0,24,1,0,1,1,0,0,0,0,Income,Ln of Total HH last year income,Total HH last year income,0,,page: 8; table: 3; table label: Table 3. Impact on income; row label: Total HH last year income; column label: Impact estimates [A-B],0.65,,2.8,,,p<.001,,,,357,195,552,2,0,552,5,0.24933093,0.24933093,0.249217546,0.007274532,0.998635744,0.007264607,0.085232666,0.082161521,0.416273571,0,"The exclusion criteria, both of which are binding, are receiving supports from other social protection programmes",0,"no women requirement as lead recipient. However, while ""The inclusion criteria are mostly around the livelihood of the households, female headship, their assets and school going status of their children. The exclusion criteria, both of which are binding, are receiving supports from other social protection programmes and availability of at least one woman who can manage the enterprise."", baseline data indicates that 30% of the T HHs were headed by women. So not a requirement.",27,Afghanistan TUP Pilot/Bamyan,Afghanistan TUP Pilot/Bamyan (Targeting the Ultra Poor),0,Not RCT,2013,Sulaiman and Barua (2013) Afghanistan TUP Pilot/Bamyan,Afghanistan,,,,,,,,,,,,,,,,,,,,,,,,,,,,,,,,,,,,,,,,,,,,,,,,,,,,,,,,,,,,,,,,,,,,,,,,,,,,,,,,,,,,,,,,,,,,,,,,,,,,,,,,,,,,,,,,,,,,,,,,,,,,,,,,,,,,,,,,,,,,,,,,,,,,,,,,,,,,,,,,,,,,,,,,,,,,,,,
Andrea,Missing SE,122182712,122182712_2,Sulaiman and Barua,Afghanistan TUP,0,24,1,0,1,1,0,0,0,0,Assets,Ln of productive asset,Other productive assets,0,,page: 9; table: 4; table label: Table 4. Impact on physical and financial assets; row label: Other productive assets; column label: Impact estimates [A-B],4.42,,2.8,,,p<.001,,,,357,195,552,2,0,552,5,0.24933093,0.24933093,0.249217546,0.007274532,0.998635744,0.007264607,0.085232666,0.082161521,0.416273571,0,"The exclusion criteria, both of which are binding, are receiving supports from other social protection programmes",0,"no women requirement as lead recipient. However, while ""The inclusion criteria are mostly around the livelihood of the households, female headship, their assets and school going status of their children. The exclusion criteria, both of which are binding, are receiving supports from other social protection programmes and availability of at least one woman who can manage the enterprise."", baseline data indicates that 30% of the T HHs were headed by women. So not a requirement.",27,Afghanistan TUP Pilot/Bamyan,Afghanistan TUP Pilot/Bamyan (Targeting the Ultra Poor),0,Not RCT,2013,Sulaiman and Barua (2013) Afghanistan TUP Pilot/Bamyan,Afghanistan,,,,,,,,,,,,,,,,,,,,,,,,,,,,,,,,,,,,,,,,,,,,,,,,,,,,,,,,,,,,,,,,,,,,,,,,,,,,,,,,,,,,,,,,,,,,,,,,,,,,,,,,,,,,,,,,,,,,,,,,,,,,,,,,,,,,,,,,,,,,,,,,,,,,,,,,,,,,,,,,,,,,,,,,,,,,,,,
Andrea,Missing SE,122182712,122182712_3,Sulaiman and Barua,Afghanistan TUP,0,24,1,0,1,1,0,0,0,0,Savings,Ln of total cash savings,Total cash savings,0,,page: 9; table: 4; table label: Table 4. Impact on physical and financial assets; row label: Total cash savings; column label: Impact estimates [A-B],5.71,,2.8,,,p<.001,,,,357,195,552,2,0,552,5,0.24933093,0.24933093,0.249217546,0.007274532,0.998635744,0.007264607,0.085232666,0.082161521,0.416273571,0,"The exclusion criteria, both of which are binding, are receiving supports from other social protection programmes",0,"no women requirement as lead recipient. However, while ""The inclusion criteria are mostly around the livelihood of the households, female headship, their assets and school going status of their children. The exclusion criteria, both of which are binding, are receiving supports from other social protection programmes and availability of at least one woman who can manage the enterprise."", baseline data indicates that 30% of the T HHs were headed by women. So not a requirement.",27,Afghanistan TUP Pilot/Bamyan,Afghanistan TUP Pilot/Bamyan (Targeting the Ultra Poor),0,Not RCT,2013,Sulaiman and Barua (2013) Afghanistan TUP Pilot/Bamyan,Afghanistan,,,,,,,,,,,,,1,1,,,,,,,,,,,,,,,,,,,,,,,,,,,,,,,,,,,,,,,,,,,,,,,,,,,,,,,,,,,,,,,,,,,,,,,,,,,,,,,,,,,,,,,,,,,,,,,,,,,,,,,,,,,,,,,,,,,,,,,,,,,,,,,,,,,,,,,,,,,,,,,,,,,,,,,,,,,,,,,,,
Guy,NA,122182713,122182713_1,IPA,Graduation program pilot,43,24,1,0,1,1,0,0,0,1,Expenditure,Expenditure,Monthly consumption per capita (pesos),0,"T2 Individual Livelihoods and group coaching. The pilot provided assets and other activities, while the cash for consumption support comes from the country's cash transfer program 4Ps",page: 29; table: 10; table label: Table 10: Treatment effects on key welfare outcomes; row label: T2: Ind LH / Grp C; column label: Monthly consumption per capita (pesos),342,96,3.5625,,,p<0.01,,,,571,575,2287,1,0,2287,5,0.210472425,0.210472425,0.210449395,0.001753859,0.999671737,0.001753283,0.041872221,0.128379842,0.292518948,1,"""The pilot’s beneficiaries were selected among households recently enrolled in the Philippine Department of Social Welfare and Development’s (DSWD) Pantawid Pamilyang Pilipino Program (4Ps), which provides recipients with bi-monthly conditional cash transfers (CCT)."" Figure 2 indicates that C group also received 4Ps",0,no women requirement as lead recipient,28,Phillipines GPP T2,Phillipines GPP (Graduation program pilot). T2: Individual Livelihoods and group coaching and T3: Individual livelihoods and individual coaching,0,""" Standard errors are clustered at the barangay-quadrant level, the unit of randomization. "" p27",2022,IPA (2022) Phillipines GPP T2,Phillipines,,,,,,,,,Not food expenditure outcome,,,,,,,,,,,,,,,,,,,,,,,,,,,,,,,,,,,,,,,,,,,,,,,,,,,,,,,,,,,,,,,,,,,,,,,,,,,,,,,,,,,,,,,,,,,,,,,,,,,,,,,,,,,,,,,,,,,,,,,,,,,,,,,,,,,,,,,,,,,,,,,,,,,,,,,,,,,,,,,,,,,,,,
Guy,NA,122182713,122182713_10,IPA,Graduation program pilot,43,24,1,0,1,1,0,1,0,1,Expenditure,Expenditure,Food (Consumption per capita per month in pesos),0,"T3 Individual livelihoods and individual coaching. The pilot provided assets and other activities, while the cash for consumption support comes from the country's cash transfer program 4Ps",page: 30; table: 11; table label: Table 11: Consumption per capita per month (in pesos); row label: T3: Ind LH / Ind C; column label: Food,149,67,2.223880597,,,p<0.05,,,,568,575,2287,1,0,2287,5,0.131560795,0.131560795,0.1315464,0.001750908,0.999671737,0.001750333,0.041836987,0.049545906,0.213546894,1,"""The pilot’s beneficiaries were selected among households recently enrolled in the Philippine Department of Social Welfare and Development’s (DSWD) Pantawid Pamilyang Pilipino Program (4Ps), which provides recipients with bi-monthly conditional cash transfers (CCT)."" Figure 2 indicates that C group also received 4Ps",0,no women requirement as lead recipient,28,Phillipines GPP T3,Phillipines GPP (Graduation program pilot). T2: Individual Livelihoods and group coaching and T3: Individual livelihoods and individual coaching,0,""" Standard errors are clustered at the barangay-quadrant level, the unit of randomization. "" p27",2022,IPA (2022) Phillipines GPP T3,Phillipines,,,,,,,,1,T2 preferred over T3,,,,,,,,,,,,,,,,,,,,,,,,,,,,,,,,,,,,,,,,,,,,,,,,,,,,,,,,,,,,,,,,,,,,,,,,,,,,,,,,,,,,,,,,,,,,,,,,,,,,,,,,,,,,,,,,,,,,,,,,,,,,,,,,,,,,,,,,,,,,,,,,,,,,,,,,,,,,,,,,,,,,,,
Guy,NA,122182713,122182713_11,IPA,Graduation program pilot,43,24,1,0,1,1,0,1,0,1,Expenditure,Expenditure,Non-food consumables (Consumption per capita per month in pesos),0,"T3 Individual livelihoods and individual coaching. The pilot provided assets and other activities, while the cash for consumption support comes from the country's cash transfer program 4Ps",page: 30; table: 11; table label: Table 11: Consumption per capita per month (in pesos); row label: T3: Ind LH / Ind C; column label: Non-food consumables,175,70,2.5,,,p<0.05,,,,568,575,2287,1,0,2287,5,0.147895525,0.147895525,0.147879342,0.001751407,0.999671737,0.001750832,0.041842948,0.065867165,0.22989152,1,"""The pilot’s beneficiaries were selected among households recently enrolled in the Philippine Department of Social Welfare and Development’s (DSWD) Pantawid Pamilyang Pilipino Program (4Ps), which provides recipients with bi-monthly conditional cash transfers (CCT)."" Figure 2 indicates that C group also received 4Ps",0,no women requirement as lead recipient,28,Phillipines GPP T3,Phillipines GPP (Graduation program pilot). T2: Individual Livelihoods and group coaching and T3: Individual livelihoods and individual coaching,0,""" Standard errors are clustered at the barangay-quadrant level, the unit of randomization. "" p27",2022,IPA (2022) Phillipines GPP T3,Phillipines,,,,,,,,,Not food expenditure outcome,,,,,,,,,,,,,,,,,,,,,,,,,,,,,,,,,,,,,,,,,,,,,,,,,,,,,,,,,,,,,,,,,,,,,,,,,,,,,,,,,,,,,,,,,,,,,,,,,,,,,,,,,,,,,,,,,,,,,,,,,,,,,,,,,,,,,,,,,,,,,,,,,,,,,,,,,,,,,,,,,,,,,,
Guy,NA,122182713,122182713_12,IPA,Graduation program pilot,43,24,1,0,1,1,0,1,0,1,Expenditure,Expenditure,Durables (Consumption per capita per month in pesos),0,"T3 Individual livelihoods and individual coaching. The pilot provided assets and other activities, while the cash for consumption support comes from the country's cash transfer program 4Ps",page: 30; table: 11; table label: Table 11: Consumption per capita per month (in pesos); row label: T3: Ind LH / Ind C; column label: Durables,10,3,3.333333333,,,p<0.01,,,,568,575,2287,1,0,2287,5,0.197194033,0.197194033,0.197172456,0.001753267,0.999671737,0.001752691,0.041865157,0.115116749,0.279228164,1,"""The pilot’s beneficiaries were selected among households recently enrolled in the Philippine Department of Social Welfare and Development’s (DSWD) Pantawid Pamilyang Pilipino Program (4Ps), which provides recipients with bi-monthly conditional cash transfers (CCT)."" Figure 2 indicates that C group also received 4Ps",0,no women requirement as lead recipient,28,Phillipines GPP T3,Phillipines GPP (Graduation program pilot). T2: Individual Livelihoods and group coaching and T3: Individual livelihoods and individual coaching,0,""" Standard errors are clustered at the barangay-quadrant level, the unit of randomization. "" p27",2022,IPA (2022) Phillipines GPP T3,Phillipines,,,,,,,,,Not food expenditure outcome,,,,,,,,,,,,,,,,,,,,,,,,,,,,,,,,,,,,,,,,,,,,,,,,,,,,,,,,,,,,,,,,,,,,,,,,,,,,,,,,,,,,,,,,,,,,,,,,,,,,,,,,,,,,,,,,,,,,,,,,,,,,,,,,,,,,,,,,,,,,,,,,,,,,,,,,,,,,,,,,,,,,,,
Guy,NA,122182713,122182713_13,IPA,Graduation program pilot,43,24,1,0,1,1,0,1,0,1,Assets,Assets,Livestock value,0,"T2 Individual Livelihoods and group coaching. The pilot provided assets and other activities, while the cash for consumption support comes from the country's cash transfer program 4Ps",page: 32; table: 13; table label: Table 13: Value of productive assets (in pesos);; row label: T2: Ind LH / Grp C; column label: Livestock value,289,126,2.293650794,,,p<0.05,,,,571,575,2288,1,0,2288,5,0.135508841,0.135508841,0.13549402,0.001750258,0.99967188,0.001749684,0.041829223,0.053508743,0.217479296,1,"""The pilot’s beneficiaries were selected among households recently enrolled in the Philippine Department of Social Welfare and Development’s (DSWD) Pantawid Pamilyang Pilipino Program (4Ps), which provides recipients with bi-monthly conditional cash transfers (CCT)."" Figure 2 indicates that C group also received 4Ps",0,no women requirement as lead recipient,28,Phillipines GPP T2,Phillipines GPP (Graduation program pilot). T2: Individual Livelihoods and group coaching and T3: Individual livelihoods and individual coaching,0,""" Standard errors are clustered at the barangay-quadrant level, the unit of randomization. "" p27",2022,IPA (2022) Phillipines GPP T2,Phillipines,,,,,,,,,,,,,,,,,,,,,,,,,,,,,,,,,,,,,,,,,,,,,,,,,,,,,,,,,,,,,,,,,,,,,,,,,,,,,,,,,,,,,,,,,,,,,,,,,,,,,,,,,,,,,,,,,,,,,,,,,,,,,,,,,,,,,,,,,,,,,,,,,,,,,,,,,,,,,,,,,,,,,,,,,,,,,,,
Guy,NA,122182713,122182713_14,IPA,Graduation program pilot,43,24,1,0,1,1,0,1,0,1,Assets,Assets,Business asset value,0,"T2 Individual Livelihoods and group coaching. The pilot provided assets and other activities, while the cash for consumption support comes from the country's cash transfer program 4Ps",page: 32; table: 13; table label: Table 13: Value of productive assets (in pesos);; row label: T2: Ind LH / Grp C; column label: Business asset value,597,327,1.825688073,,,p<0.1,,,,571,575,2288,1,0,2288,5,0.107861613,0.107861613,0.107849816,0.001749523,0.99967188,0.001748949,0.041820436,0.02588176,0.189817871,1,"""The pilot’s beneficiaries were selected among households recently enrolled in the Philippine Department of Social Welfare and Development’s (DSWD) Pantawid Pamilyang Pilipino Program (4Ps), which provides recipients with bi-monthly conditional cash transfers (CCT)."" Figure 2 indicates that C group also received 4Ps",0,no women requirement as lead recipient,28,Phillipines GPP T2,Phillipines GPP (Graduation program pilot). T2: Individual Livelihoods and group coaching and T3: Individual livelihoods and individual coaching,0,""" Standard errors are clustered at the barangay-quadrant level, the unit of randomization. "" p27",2022,IPA (2022) Phillipines GPP T2,Phillipines,,,,,,,,,,,,,,,,,,,,,,,,,,,,,,,,,,,,,,,,,,,,,,,,,,,,,,,,,,,,,,,,,,,,,,,,,,,,,,,,,,,,,,,,,,,,,,,,,,,,,,,,,,,,,,,,,,,,,,,,,,,,,,,,,,,,,,,,,,,,,,,,,,,,,,,,,,,,,,,,,,,,,,,,,,,,,,,
Guy,NA,122182713,122182713_15,IPA,Graduation program pilot,43,24,1,0,1,1,0,1,0,1,Assets,Assets,Livestock value,0,"T3 Individual livelihoods and individual coaching. The pilot provided assets and other activities, while the cash for consumption support comes from the country's cash transfer program 4Ps",page: 32; table: 13; table label: Table 13: Value of productive assets (in pesos);; row label: T3: Ind LH / Ind C; column label: Livestock value,402,131,3.06870229,,,p<0.01,,,,568,575,2288,1,0,2288,5,0.181538935,0.181538935,0.181519079,0.001751853,0.99967188,0.001751278,0.041848273,0.099496464,0.263541694,1,"""The pilot’s beneficiaries were selected among households recently enrolled in the Philippine Department of Social Welfare and Development’s (DSWD) Pantawid Pamilyang Pilipino Program (4Ps), which provides recipients with bi-monthly conditional cash transfers (CCT)."" Figure 2 indicates that C group also received 4Ps",0,no women requirement as lead recipient,28,Phillipines GPP T3,Phillipines GPP (Graduation program pilot). T2: Individual Livelihoods and group coaching and T3: Individual livelihoods and individual coaching,0,""" Standard errors are clustered at the barangay-quadrant level, the unit of randomization. "" p27",2022,IPA (2022) Phillipines GPP T3,Phillipines,,,,,,,,,,,,,,,,,,,,,,,,,,,,,,,,,,,,,,,,,,,,,,,,,,,,,,,,,,,,,,,,,,,,,,,,,,,,,,,,,,,,,,,,,,,,,,,,,,,,,,,,,,,,,,,,,,,,,,,,,,,,,,,,,,,,,,,,,,,,,,,,,,,,,,,,,,,,,,,,,,,,,,,,,,,,,,,
Guy,NA,122182713,122182713_16,IPA,Graduation program pilot,43,24,1,0,1,1,0,1,0,1,Assets,Assets,Business asset value,0,"T3 Individual livelihoods and individual coaching. The pilot provided assets and other activities, while the cash for consumption support comes from the country's cash transfer program 4Ps",page: 32; table: 13; table label: Table 13: Value of productive assets (in pesos);; row label: T3: Ind LH / Ind C; column label: Business asset value,1258,334,3.766467066,,,p<0.01,,,,568,575,2288,1,0,2288,5,0.22281745,0.22281745,0.22279308,0.001753677,0.99967188,0.001753101,0.04187005,0.140727781,0.304858378,1,"""The pilot’s beneficiaries were selected among households recently enrolled in the Philippine Department of Social Welfare and Development’s (DSWD) Pantawid Pamilyang Pilipino Program (4Ps), which provides recipients with bi-monthly conditional cash transfers (CCT)."" Figure 2 indicates that C group also received 4Ps",0,no women requirement as lead recipient,28,Phillipines GPP T3,Phillipines GPP (Graduation program pilot). T2: Individual Livelihoods and group coaching and T3: Individual livelihoods and individual coaching,0,""" Standard errors are clustered at the barangay-quadrant level, the unit of randomization. "" p27",2022,IPA (2022) Phillipines GPP T3,Phillipines,,,,,,,,,,,,,,,,,,,,,,,,,,,,,,,,,,,,,,,,,,,,,,,,,,,,,,,,,,,,,,,,,,,,,,,,,,,,,,,,,,,,,,,,,,,,,,,,,,,,,,,,,,,,,,,,,,,,,,,,,,,,,,,,,,,,,,,,,,,,,,,,,,,,,,,,,,,,,,,,,,,,,,,,,,,,,,,
Guy,NA,122182713,122182713_17,IPA,Graduation program pilot,43,24,1,0,1,1,0,1,0,1,Savings,Savings,Total savings (pesos),0,"T2 Individual Livelihoods and group coaching. The pilot provided assets and other activities, while the cash for consumption support comes from the country's cash transfer program 4Ps",page: 40; table: 22; table label: Table 22: Savings; row label: T2: Ind LH / Grp C; column label: Total savings (pesos),238,86,2.76744186,,,p<0.01,,,,571,575,2288,1,0,2288,5,0.163500407,0.163500407,0.163482524,0.001751173,0.99967188,0.001750598,0.041840149,0.081475832,0.245489217,1,"""The pilot’s beneficiaries were selected among households recently enrolled in the Philippine Department of Social Welfare and Development’s (DSWD) Pantawid Pamilyang Pilipino Program (4Ps), which provides recipients with bi-monthly conditional cash transfers (CCT)."" Figure 2 indicates that C group also received 4Ps",0,no women requirement as lead recipient,28,Phillipines GPP T2,Phillipines GPP (Graduation program pilot). T2: Individual Livelihoods and group coaching and T3: Individual livelihoods and individual coaching,0,""" Standard errors are clustered at the barangay-quadrant level, the unit of randomization. "" p27",2022,IPA (2022) Phillipines GPP T2,Phillipines,,,,,,,,,,,,,,1,,,,,,,,,,,,,,,,,,,,,,,,,,,,,,,,,,,,,,,,,,,,,,,,,,,,,,,,,,,,,,,,,,,,,,,,,,,,,,,,,,,,,,,,,,,,,,,,,,,,,,,,,,,,,,,,,,,,,,,,,,,,,,,,,,,,,,,,,,,,,,,,,,,,,,,,,,,,,,,,,
Guy,NA,122182713,122182713_18,IPA,Graduation program pilot,43,24,1,0,1,1,0,1,0,1,Savings,Savings,Total savings (pesos),0,"T3 Individual livelihoods and individual coaching. The pilot provided assets and other activities, while the cash for consumption support comes from the country's cash transfer program 4Ps",page: 40; table: 22; table label: Table 22: Savings; row label: T3: Ind LH / Ind C; column label: Total savings (pesos),443,101,4.386138614,,,p<0.01,,,,568,575,2288,1,0,2288,5,0.259476109,0.259476109,0.25944773,0.001755608,0.99967188,0.001755032,0.041893106,0.177337242,0.341558217,1,"""The pilot’s beneficiaries were selected among households recently enrolled in the Philippine Department of Social Welfare and Development’s (DSWD) Pantawid Pamilyang Pilipino Program (4Ps), which provides recipients with bi-monthly conditional cash transfers (CCT)."" Figure 2 indicates that C group also received 4Ps",0,no women requirement as lead recipient,28,Phillipines GPP T3,Phillipines GPP (Graduation program pilot). T2: Individual Livelihoods and group coaching and T3: Individual livelihoods and individual coaching,0,""" Standard errors are clustered at the barangay-quadrant level, the unit of randomization. "" p27",2022,IPA (2022) Phillipines GPP T3,Phillipines,,,,,,,,,,,,,1,1,Selected. Why T2 or 3?,,,,,,,,,,,,,,,,,,,,,,,,,,,,,,,,,,,,,,,,,,,,,,,,,,,,,,,,,,,,,,,,,,,,,,,,,,,,,,,,,,,,,,,,,,,,,,,,,,,,,,,,,,,,,,,,,,,,,,,,,,,,,,,,,,,,,,,,,,,,,,,,,,,,,,,,,,,,,,,,
Guy,NA,122182713,122182713_2,IPA,Graduation program pilot,43,24,1,0,1,1,0,1,0,1,Assets,Assets,Value of productive assets (pesos),0,"T2 Individual Livelihoods and group coaching. The pilot provided assets and other activities, while the cash for consumption support comes from the country's cash transfer program 4Ps",page: 29; table: 10; table label: Table 10: Treatment effects on key welfare outcomes; row label: T2: Ind LH / Grp C; column label: Value of productive assets (pesos),4200,1296,3.240740741,,,p<0.01,,,,571,575,2288,1,0,2288,5,0.191462895,0.191462895,0.191441954,0.001752257,0.99967188,0.001751682,0.041853103,0.109409871,0.273474037,1,"""The pilot’s beneficiaries were selected among households recently enrolled in the Philippine Department of Social Welfare and Development’s (DSWD) Pantawid Pamilyang Pilipino Program (4Ps), which provides recipients with bi-monthly conditional cash transfers (CCT)."" Figure 2 indicates that C group also received 4Ps",0,no women requirement as lead recipient,28,Phillipines GPP T2,Phillipines GPP (Graduation program pilot). T2: Individual Livelihoods and group coaching and T3: Individual livelihoods and individual coaching,0,""" Standard errors are clustered at the barangay-quadrant level, the unit of randomization. "" p27",2022,IPA (2022) Phillipines GPP T2,Phillipines,,,,,,,,,,,,,,,,,,,,,,,,,,,,,,,,,,,,,,,,,,,,,,,,,,,,,,,,,,,,,,,,,,,,,,,,,,,,,,,,,,,,,,,,,,,,,,,,,,,,,,,,,,,,,,,,,,,,,,,,,,,,,,,,,,,,,,,,,,,,,,,,,,,,,,,,,,,,,,,,,,,,,,,,,,,,,,,
Guy,NA,122182713,122182713_3,IPA,Graduation program pilot,43,24,1,0,1,1,0,1,0,1,Income,Income,Monthly income (pesos),0,"T2 Individual Livelihoods and group coaching. The pilot provided assets and other activities, while the cash for consumption support comes from the country's cash transfer program 4Ps",page: 29; table: 10; table label: Table 10: Treatment effects on key welfare outcomes; row label: T2: Ind LH / Grp C; column label: Monthly income (pesos),1143,2005,0.570074813,,,0.45,,,,571,575,2288,1,0,2288,5,0.033680008,0.033680008,0.033676324,0.001748376,0.99967188,0.001747802,0.041806722,-0.048264851,0.1156175,1,"""The pilot’s beneficiaries were selected among households recently enrolled in the Philippine Department of Social Welfare and Development’s (DSWD) Pantawid Pamilyang Pilipino Program (4Ps), which provides recipients with bi-monthly conditional cash transfers (CCT)."" Figure 2 indicates that C group also received 4Ps",0,no women requirement as lead recipient,28,Phillipines GPP T2,Phillipines GPP (Graduation program pilot). T2: Individual Livelihoods and group coaching and T3: Individual livelihoods and individual coaching,0,""" Standard errors are clustered at the barangay-quadrant level, the unit of randomization. "" p27",2022,IPA (2022) Phillipines GPP T2,Phillipines,,,,,,,,,,,,,,,,,,,,,,,,,,,,,,,,,,,,,,,,,,,,,,,,,,,,,,,,,,,,,,,,,,,,,,,,,,,,,,,,,,,,,,,,,,,,,,,,,,,,,,,,,,,,,,,,,,,,,,,,,,,,,,,,,,,,,,,,,,,,,,,,,,,,,,,,,,,,,,,,,,,,,,,,,,,,,,,
Guy,NA,122182713,122182713_4,IPA,Graduation program pilot,43,24,1,0,1,1,0,1,0,1,Expenditure,Expenditure,Monthly consumption per capita (pesos),0,"T3 Individual livelihoods and individual coaching. The pilot provided assets and other activities, while the cash for consumption support comes from the country's cash transfer program 4Ps",page: 29; table: 10; table label: Table 10: Treatment effects on key welfare outcomes; row label: T3: Ind LH / Ind C; column label: Monthly consumption per capita (pesos),334,114,2.929824561,,,p<0.01,,,,568,575,2287,1,0,2287,5,0.173323177,0.173323177,0.173304212,0.0017523,0.999671737,0.001751725,0.041853612,0.091271132,0.255337291,1,"""The pilot’s beneficiaries were selected among households recently enrolled in the Philippine Department of Social Welfare and Development’s (DSWD) Pantawid Pamilyang Pilipino Program (4Ps), which provides recipients with bi-monthly conditional cash transfers (CCT)."" Figure 2 indicates that C group also received 4Ps",0,no women requirement as lead recipient,28,Phillipines GPP T3,Phillipines GPP (Graduation program pilot). T2: Individual Livelihoods and group coaching and T3: Individual livelihoods and individual coaching,0,""" Standard errors are clustered at the barangay-quadrant level, the unit of randomization. "" p27",2022,IPA (2022) Phillipines GPP T3,Phillipines,,,,,,,,,Not food expenditure outcome,,,,,,,,,,,,,,,,,,,,,,,,,,,,,,,,,,,,,,,,,,,,,,,,,,,,,,,,,,,,,,,,,,,,,,,,,,,,,,,,,,,,,,,,,,,,,,,,,,,,,,,,,,,,,,,,,,,,,,,,,,,,,,,,,,,,,,,,,,,,,,,,,,,,,,,,,,,,,,,,,,,,,,
Guy,NA,122182713,122182713_5,IPA,Graduation program pilot,43,24,1,0,1,1,0,1,0,1,Assets,Assets,Value of productive assets (pesos),0,"T3 Individual livelihoods and individual coaching. The pilot provided assets and other activities, while the cash for consumption support comes from the country's cash transfer program 4Ps",page: 29; table: 10; table label: Table 10: Treatment effects on key welfare outcomes; row label: T3: Ind LH / Ind C; column label: Value of productive assets (pesos),4484,1044,4.295019157,,,p<0.01,,,,568,575,2288,1,0,2288,5,0.254085645,0.254085645,0.254057855,0.001755306,0.99967188,0.00175473,0.041889497,0.171954442,0.336161269,1,"""The pilot’s beneficiaries were selected among households recently enrolled in the Philippine Department of Social Welfare and Development’s (DSWD) Pantawid Pamilyang Pilipino Program (4Ps), which provides recipients with bi-monthly conditional cash transfers (CCT)."" Figure 2 indicates that C group also received 4Ps",0,no women requirement as lead recipient,28,Phillipines GPP T3,Phillipines GPP (Graduation program pilot). T2: Individual Livelihoods and group coaching and T3: Individual livelihoods and individual coaching,0,""" Standard errors are clustered at the barangay-quadrant level, the unit of randomization. "" p27",2022,IPA (2022) Phillipines GPP T3,Phillipines,,,,,,,,,,,,,,,,,,,,,,,,,,,,,,,,,,,,,,,,,,,,,,,,,,,,,,,,,,,,,,,,,,,,,,,,,,,,,,,,,,,,,,,,,,,,,,,,,,,,,,,,,,,,,,,,,,,,,,,,,,,,,,,,,,,,,,,,,,,,,,,,,,,,,,,,,,,,,,,,,,,,,,,,,,,,,,,
Guy,NA,122182713,122182713_6,IPA,Graduation program pilot,43,24,1,0,1,1,0,1,0,1,Income,Income,Monthly income (pesos),0,"T3 Individual livelihoods and individual coaching. The pilot provided assets and other activities, while the cash for consumption support comes from the country's cash transfer program 4Ps",page: 29; table: 10; table label: Table 10: Treatment effects on key welfare outcomes; row label: T3: Ind LH / Ind C; column label: Monthly income (pesos),2893,2785,1.038779174,,,0.26,,,,568,575,2288,1,0,2288,5,0.061452317,0.061452317,0.061445595,0.001748664,0.99967188,0.001748091,0.041810173,-0.020502345,0.143393535,1,"""The pilot’s beneficiaries were selected among households recently enrolled in the Philippine Department of Social Welfare and Development’s (DSWD) Pantawid Pamilyang Pilipino Program (4Ps), which provides recipients with bi-monthly conditional cash transfers (CCT)."" Figure 2 indicates that C group also received 4Ps",0,no women requirement as lead recipient,28,Phillipines GPP T3,Phillipines GPP (Graduation program pilot). T2: Individual Livelihoods and group coaching and T3: Individual livelihoods and individual coaching,0,""" Standard errors are clustered at the barangay-quadrant level, the unit of randomization. "" p27",2022,IPA (2022) Phillipines GPP T3,Phillipines,,,,,,,,,,,,,,,,,,,,,,,,,,,,,,,,,,,,,,,,,,,,,,,,,,,,,,,,,,,,,,,,,,,,,,,,,,,,,,,,,,,,,,,,,,,,,,,,,,,,,,,,,,,,,,,,,,,,,,,,,,,,,,,,,,,,,,,,,,,,,,,,,,,,,,,,,,,,,,,,,,,,,,,,,,,,,,,
Guy,NA,122182713,122182713_7,IPA,Graduation program pilot,43,24,1,0,1,1,0,1,0,1,Expenditure,Expenditure,Food (Consumption per capita per month in pesos),0,"T2 Individual Livelihoods and group coaching. The pilot provided assets and other activities, while the cash for consumption support comes from the country's cash transfer program 4Ps",page: 30; table: 11; table label: Table 11: Consumption per capita per month (in pesos); row label: T2: Ind LH / Grp C; column label: Food,71,65,1.092307692,,,p>0.1,,,,571,575,2287,1,0,2287,5,0.064533516,0.064533516,0.064526454,0.001749471,0.999671737,0.001748897,0.041819817,-0.017440388,0.146493296,1,"""The pilot’s beneficiaries were selected among households recently enrolled in the Philippine Department of Social Welfare and Development’s (DSWD) Pantawid Pamilyang Pilipino Program (4Ps), which provides recipients with bi-monthly conditional cash transfers (CCT)."" Figure 2 indicates that C group also received 4Ps",0,no women requirement as lead recipient,28,Phillipines GPP T2,Phillipines GPP (Graduation program pilot). T2: Individual Livelihoods and group coaching and T3: Individual livelihoods and individual coaching,0,""" Standard errors are clustered at the barangay-quadrant level, the unit of randomization. "" p27",2022,IPA (2022) Phillipines GPP T2,Phillipines,,,,,,,1,1,Selected why T2 better than T3,,,,,,,,,,,,,,,,,,,,,,,,,,,,,,,,,,,,,,,,,,,,,,,,,,,,,,,,,,,,,,,,,,,,,,,,,,,,,,,,,,,,,,,,,,,,,,,,,,,,,,,,,,,,,,,,,,,,,,,,,,,,,,,,,,,,,,,,,,,,,,,,,,,,,,,,,,,,,,,,,,,,,,
Guy,NA,122182713,122182713_8,IPA,Graduation program pilot,43,24,1,0,1,1,0,1,0,1,Expenditure,Expenditure,Non-food consumables (Consumption per capita per month in pesos),0,"T2 Individual Livelihoods and group coaching. The pilot provided assets and other activities, while the cash for consumption support comes from the country's cash transfer program 4Ps",page: 30; table: 11; table label: Table 11: Consumption per capita per month (in pesos); row label: T2: Ind LH / Grp C; column label: Non-food consumables,259,66,3.924242424,,,p<0.01,,,,571,575,2287,1,0,2287,5,0.23184416,0.23184416,0.231818791,0.001754892,0.999671737,0.001754316,0.041884554,0.149725065,0.313912518,1,"""The pilot’s beneficiaries were selected among households recently enrolled in the Philippine Department of Social Welfare and Development’s (DSWD) Pantawid Pamilyang Pilipino Program (4Ps), which provides recipients with bi-monthly conditional cash transfers (CCT)."" Figure 2 indicates that C group also received 4Ps",0,no women requirement as lead recipient,28,Phillipines GPP T2,Phillipines GPP (Graduation program pilot). T2: Individual Livelihoods and group coaching and T3: Individual livelihoods and individual coaching,0,""" Standard errors are clustered at the barangay-quadrant level, the unit of randomization. "" p27",2022,IPA (2022) Phillipines GPP T2,Phillipines,,,,,,,,,Not food expenditure outcome,,,,,,,,,,,,,,,,,,,,,,,,,,,,,,,,,,,,,,,,,,,,,,,,,,,,,,,,,,,,,,,,,,,,,,,,,,,,,,,,,,,,,,,,,,,,,,,,,,,,,,,,,,,,,,,,,,,,,,,,,,,,,,,,,,,,,,,,,,,,,,,,,,,,,,,,,,,,,,,,,,,,,,
Guy,NA,122182713,122182713_9,IPA,Graduation program pilot,43,24,1,0,1,1,0,1,0,1,Expenditure,Expenditure,Durables (Consumption per capita per month in pesos),0,"T2 Individual Livelihoods and group coaching. The pilot provided assets and other activities, while the cash for consumption support comes from the country's cash transfer program 4Ps",page: 30; table: 11; table label: Table 11: Consumption per capita per month (in pesos); row label: T2: Ind LH / Grp C; column label: Durables,12,3,4,,,p<0.01,,,,571,575,2287,1,0,2287,5,0.236319916,0.236319916,0.236294058,0.001755121,0.999671737,0.001754545,0.041887288,0.154194974,0.318393142,1,"""The pilot’s beneficiaries were selected among households recently enrolled in the Philippine Department of Social Welfare and Development’s (DSWD) Pantawid Pamilyang Pilipino Program (4Ps), which provides recipients with bi-monthly conditional cash transfers (CCT)."" Figure 2 indicates that C group also received 4Ps",0,no women requirement as lead recipient,28,Phillipines GPP T2,Phillipines GPP (Graduation program pilot). T2: Individual Livelihoods and group coaching and T3: Individual livelihoods and individual coaching,0,""" Standard errors are clustered at the barangay-quadrant level, the unit of randomization. "" p27",2022,IPA (2022) Phillipines GPP T2,Phillipines,,,,,,,,,Not food expenditure outcome,,,,,,,,,,,,,,,,,,,,,,,,,,,,,,,,,,,,,,,,,,,,,,,,,,,,,,,,,,,,,,,,,,,,,,,,,,,,,,,,,,,,,,,,,,,,,,,,,,,,,,,,,,,,,,,,,,,,,,,,,,,,,,,,,,,,,,,,,,,,,,,,,,,,,,,,,,,,,,,,,,,,,,
Pierre,,121058373,121058373_13,Banerjee et al.,Not specified,3,24,1,1,1,1,1,1,0,1,Expenditure,"Total per capita consumption, standardized","Total of all food consumption (detailed below), temptation goods and fuel expenditures, school, clothing, festival expenditures, transportation, rent, medical expenditures, durable good purchases, and home improvement spending. Scaled to per capita monthly values",0,Full intervention,"page: 40; table: S4c; table label: Table S4c: Indexed Family Outcome Variables and Aggregates, Honduras; row label: Total per capita consumption, standardized; column label: Endline 1 (1) Standardized Mean Treatment Effect",0.011,0.049,0.224489796,,,p > 0.10,,,Standard errors are clustered at the level at which randomization took place.,800,1603,2403,2,0,2403,5,0.009717661,0.009717661,0.009716649,0.001664596,0.999687598,0.001664076,0.040793084,-0.070237797,0.089671094,0,"""Consumption support was provided everywhere, but in two sites (Ethiopia and Peru), a form of consumption support already existed before the program started, so it was available for all (Ethiopia) or part (Peru) of the control group, as well. In Ethiopia, both treatment and control households received benefits from the Productive Safety Net Programme (PSNP), a food-forwork program for food-insecure households. For this reason, the program did not offer any additional consumption support to treatment households. In Peru, a conditional cash transfer program, Juntos, was active in 51 of the 86 project villages. Juntos provides PEN 200 (PPP US$143.33) every 2 months"" p774
The Ethiopian project is not SPIR I or II but is the programme evaluated in 121327221 Barker. THere may be an overlap in some estimates but Barker includes long-term effects. ",0,"No ""The program targets the poorest members in a village"" p772",29,Honduras GPL,Ethiopia REST (program implemented by Tigrigna NGO Relief Society of Tigray); Ghana GUP (Graduation from Ultra Poverty); India TUP (Targeting the Ultra Poor); Pakistan Not NAME (Project within Sindh Region); Peru HW (Haku Wiñay); ,0,Standard errors are clustered at the level at which randomization took place.,2015,Banerjee et al. (2015) Honduras GPL,Honduras,,,,,,,,,Not food expenditure outcome,,,,,,,,,,,,,,,,,,,,,,,,,,,,,,,,,,,,,,,,,,,,,,,,,,,,,,,,,,,,,,,,,,,,,,,,,,,,,,,,,,,,,,,,,,,,,,,,,,,,,,,,,,,,,,,,,,,,,,,,,,,,,,,,,,,,,,,,,,,,,,,,,,,,,,,,,,,,,,,,,,,,,,
Pierre,,121058373,121058373_14,Banerjee et al.,Not specified,13,36,1,1,1,1,1,1,0,1,Expenditure,"Total per capita consumption, standardized","Total of all food consumption (detailed below), temptation goods and fuel expenditures, school, clothing, festival expenditures, transportation, rent, medical expenditures, durable good purchases, and home improvement spending. Scaled to per capita monthly values",0,Full intervention,"page: 40; table: S4c; table label: Table S4c: Indexed Family Outcome Variables and Aggregates, Honduras; row label: Total per capita consumption, standardized; column label: Endline 2 (3) Standardized Mean Treatment Effect",-0.07,0.049,-1.428571429,,,p > 0.10,,,Standard errors are clustered at the level at which randomization took place.,800,1603,2403,2,0,2403,5,-0.06183966,-0.06183966,-0.06183322,0.001664984,0.999687598,0.001664464,0.040797839,-0.141796984,0.018130544,0,"""Consumption support was provided everywhere, but in two sites (Ethiopia and Peru), a form of consumption support already existed before the program started, so it was available for all (Ethiopia) or part (Peru) of the control group, as well. In Ethiopia, both treatment and control households received benefits from the Productive Safety Net Programme (PSNP), a food-forwork program for food-insecure households. For this reason, the program did not offer any additional consumption support to treatment households. In Peru, a conditional cash transfer program, Juntos, was active in 51 of the 86 project villages. Juntos provides PEN 200 (PPP US$143.33) every 2 months"" p774
The Ethiopian project is not SPIR I or II but is the programme evaluated in 121327221 Barker. THere may be an overlap in some estimates but Barker includes long-term effects. ",0,"No ""The program targets the poorest members in a village"" p772",29,Honduras GPL,Ethiopia REST (program implemented by Tigrigna NGO Relief Society of Tigray); Ghana GUP (Graduation from Ultra Poverty); India TUP (Targeting the Ultra Poor); Pakistan Not NAME (Project within Sindh Region); Peru HW (Haku Wiñay); ,0,Standard errors are clustered at the level at which randomization took place.,2015,Banerjee et al. (2015) Honduras GPL,Honduras,,,,,,,,,Not food expenditure outcome,,,,,,,,,,,,,,,,,,,,,,,,,,,,,,,,,,,,,,,,,,,,,,,,,,,,,,,,,,,,,,,,,,,,,,,,,,,,,,,,,,,,,,,,,,,,,,,,,,,,,,,,,,,,,,,,,,,,,,,,,,,,,,,,,,,,,,,,,,,,,,,,,,,,,,,,,,,,,,,,,,,,,,
Pierre,,121058373,121058373_15,Banerjee et al.,Not specified,3,24,1,1,1,1,1,1,0,1,Assets,Asset index,"Weighted asset index: In each of the six countries, households are asked about whether or not they own each of several types of durable goods and livestock, and how many of each type they own. In each of the six sites, there is also either information on the current value of those livestock, or on the median value of purchased livestock.
The asset index was constructed using the value of goats as the numeraire. Goats were chosen because they are an asset held in common across all six sites. The process for creating the index was as follows: 1. The median unit value for each asset (durable goods and livestock) was calculated in each country (for durable goods, only in Pakistan, Honduras, Peru and Ethiopia; for livestock, in all six countries). In Ethiopia, the median value is found from all households who own the good and offered a valuation of it. In Pakistan, Peru and Honduras the median is calculated from households that purchased the good in the past 12 months. 2. In each site, the value of each asset in terms of goats (the numeraire) was calculated by dividing the unit value of each asset by the median unit value of goats. For example, a bicycle in Ethiopia is expressed as 1.34 goats. 3. For every durable good and type of livestock, the medians from each of the countries where price information about the good is available are combined to construct a single, cross-site median value of each good in terms of goats. 4. Total asset value, productive asset value, and household asset value in terms of goats is calculated for all six sites by multiplying the cross-site unit value of each asset (expressed in terms of goats) by the number of each asset owned. 5. These values are then standardized to the control group within each country and survey round and reported as weighted indices.",0,Full intervention,"page: 40; table: S4c; table label: Table S4c: Indexed Family Outcome Variables and Aggregates, Honduras; row label: Asset index; column label: Endline 1 (1) Standardized Mean Treatment Effect",0.01,0.051,0.196078431,,,p > 0.10,,,Standard errors are clustered at the level at which randomization took place.,800,1603,2403,2,0,2403,5,0.008487796,0.008487796,0.008486913,0.001664593,0.999687598,0.001664073,0.040793056,-0.071467477,0.088441302,0,"""Consumption support was provided everywhere, but in two sites (Ethiopia and Peru), a form of consumption support already existed before the program started, so it was available for all (Ethiopia) or part (Peru) of the control group, as well. In Ethiopia, both treatment and control households received benefits from the Productive Safety Net Programme (PSNP), a food-forwork program for food-insecure households. For this reason, the program did not offer any additional consumption support to treatment households. In Peru, a conditional cash transfer program, Juntos, was active in 51 of the 86 project villages. Juntos provides PEN 200 (PPP US$143.33) every 2 months"" p774
The Ethiopian project is not SPIR I or II but is the programme evaluated in 121327221 Barker. THere may be an overlap in some estimates but Barker includes long-term effects. ",0,"No ""The program targets the poorest members in a village"" p772",29,Honduras GPL,Ethiopia REST (program implemented by Tigrigna NGO Relief Society of Tigray); Ghana GUP (Graduation from Ultra Poverty); India TUP (Targeting the Ultra Poor); Pakistan Not NAME (Project within Sindh Region); Peru HW (Haku Wiñay); ,0,Standard errors are clustered at the level at which randomization took place.,2015,Banerjee et al. (2015) Honduras GPL,Honduras,,,,,,,,,,,,,,,,,,,,,,,,,,,,,,,,,,,,,,,,,,,,,,,,,,,,,,,,,,,,,,,,,,,,,,,,,,,,,,,,,,,,,,,,,,,,,,,,,,,,,,,,,,,,,,,,,,,,,,,,,,,,,,,,,,,,,,,,,,,,,,,,,,,,,,,,,,,,,,,,,,,,,,,,,,,,,,,
Pierre,,121058373,121058373_16,Banerjee et al.,Not specified,13,36,1,1,1,1,1,1,0,1,Assets,Asset index,"Weighted asset index: In each of the six countries, households are asked about whether or not they own each of several types of durable goods and livestock, and how many of each type they own. In each of the six sites, there is also either information on the current value of those livestock, or on the median value of purchased livestock.
The asset index was constructed using the value of goats as the numeraire. Goats were chosen because they are an asset held in common across all six sites. The process for creating the index was as follows: 1. The median unit value for each asset (durable goods and livestock) was calculated in each country (for durable goods, only in Pakistan, Honduras, Peru and Ethiopia; for livestock, in all six countries). In Ethiopia, the median value is found from all households who own the good and offered a valuation of it. In Pakistan, Peru and Honduras the median is calculated from households that purchased the good in the past 12 months. 2. In each site, the value of each asset in terms of goats (the numeraire) was calculated by dividing the unit value of each asset by the median unit value of goats. For example, a bicycle in Ethiopia is expressed as 1.34 goats. 3. For every durable good and type of livestock, the medians from each of the countries where price information about the good is available are combined to construct a single, cross-site median value of each good in terms of goats. 4. Total asset value, productive asset value, and household asset value in terms of goats is calculated for all six sites by multiplying the cross-site unit value of each asset (expressed in terms of goats) by the number of each asset owned. 5. These values are then standardized to the control group within each country and survey round and reported as weighted indices.",0,Full intervention,"page: 40; table: S4c; table label: Table S4c: Indexed Family Outcome Variables and Aggregates, Honduras; row label: Asset index; column label: Endline 2 (3) Standardized Mean Treatment Effect",-0.096,0.048,-2,,,0.01 < p < 0.05,,,Standard errors are clustered at the level at which randomization took place.,800,1603,2403,2,0,2403,5,-0.086575524,-0.086575524,-0.086566508,0.001665366,0.999687598,0.001664845,0.040802518,-0.166539443,-0.006593573,0,"""Consumption support was provided everywhere, but in two sites (Ethiopia and Peru), a form of consumption support already existed before the program started, so it was available for all (Ethiopia) or part (Peru) of the control group, as well. In Ethiopia, both treatment and control households received benefits from the Productive Safety Net Programme (PSNP), a food-forwork program for food-insecure households. For this reason, the program did not offer any additional consumption support to treatment households. In Peru, a conditional cash transfer program, Juntos, was active in 51 of the 86 project villages. Juntos provides PEN 200 (PPP US$143.33) every 2 months"" p774
The Ethiopian project is not SPIR I or II but is the programme evaluated in 121327221 Barker. THere may be an overlap in some estimates but Barker includes long-term effects. ",0,"No ""The program targets the poorest members in a village"" p772",29,Honduras GPL,Ethiopia REST (program implemented by Tigrigna NGO Relief Society of Tigray); Ghana GUP (Graduation from Ultra Poverty); India TUP (Targeting the Ultra Poor); Pakistan Not NAME (Project within Sindh Region); Peru HW (Haku Wiñay); ,0,Standard errors are clustered at the level at which randomization took place.,2015,Banerjee et al. (2015) Honduras GPL,Honduras,,,,,,,,,,,,,,,,,,,,,,,,,,,,,,,,,,,,,,,,,,,,,,,,,,,,,,,,,,,,,,,,,,,,,,,,,,,,,,,,,,,,,,,,,,,,,,,,,,,,,,,,,,,,,,,,,,,,,,,,,,,,,,,,,,,,,,,,,,,,,,,,,,,,,,,,,,,,,,,,,,,,,,,,,,,,,,,
Pierre,,121058373,121058373_17,Banerjee et al.,Not specified,3,24,1,1,1,1,1,1,0,1,Income,Incomes and revenues index (five components),"Agricultural income (revenues minus expenses: Crop production, land rents and expenses) + Livestock revenue (Revenues from sales, slaughters, output production) + Non-farm micro-enterprise: equal to total sales minus total expenses.",0,Full intervention,"page: 40; table: S4c; table label: Table S4c: Indexed Family Outcome Variables and Aggregates, Honduras; row label: Incomes and revenues index (five components); column label: Endline 1 (1) Standardized Mean Treatment Effect",0.237,0.051,4.647058824,,,p < 0.01,,,Standard errors are clustered at the level at which randomization took place.,800,1603,2403,2,0,2403,5,0.201160775,0.201160775,0.201139828,0.001668796,0.999687598,0.001668275,0.040844516,0.121084576,0.281195079,0,"""Consumption support was provided everywhere, but in two sites (Ethiopia and Peru), a form of consumption support already existed before the program started, so it was available for all (Ethiopia) or part (Peru) of the control group, as well. In Ethiopia, both treatment and control households received benefits from the Productive Safety Net Programme (PSNP), a food-forwork program for food-insecure households. For this reason, the program did not offer any additional consumption support to treatment households. In Peru, a conditional cash transfer program, Juntos, was active in 51 of the 86 project villages. Juntos provides PEN 200 (PPP US$143.33) every 2 months"" p774
The Ethiopian project is not SPIR I or II but is the programme evaluated in 121327221 Barker. THere may be an overlap in some estimates but Barker includes long-term effects. ",0,"No ""The program targets the poorest members in a village"" p772",29,Honduras GPL,Ethiopia REST (program implemented by Tigrigna NGO Relief Society of Tigray); Ghana GUP (Graduation from Ultra Poverty); India TUP (Targeting the Ultra Poor); Pakistan Not NAME (Project within Sindh Region); Peru HW (Haku Wiñay); ,0,Standard errors are clustered at the level at which randomization took place.,2015,Banerjee et al. (2015) Honduras GPL,Honduras,,,,,,,,,,,,,,,,,,,,,,,,,,,,,,,,,,,,,,,,,,,,,,,,,,,,,,,,,,,,,,,,,,,,,,,,,,,,,,,,,,,,,,,,,,,,,,,,,,,,,,,,,,,,,,,,,,,,,,,,,,,,,,,,,,,,,,,,,,,,,,,,,,,,,,,,,,,,,,,,,,,,,,,,,,,,,,,
Pierre,,121058373,121058373_18,Banerjee et al.,Not specified,13,36,1,1,1,1,1,1,0,1,Income,Incomes and revenues index (five components),"Agricultural income (revenues minus expenses: Crop production, land rents and expenses) + Livestock revenue (Revenues from sales, slaughters, output production) + Non-farm micro-enterprise: equal to total sales minus total expenses.",0,Full intervention,"page: 40; table: S4c; table label: Table S4c: Indexed Family Outcome Variables and Aggregates, Honduras; row label: Incomes and revenues index (five components); column label: Endline 2 (3) Standardized Mean Treatment Effect",0.23,0.06,3.833333333,,,p < 0.01,,,Standard errors are clustered at the level at which randomization took place.,800,1603,2403,2,0,2403,5,0.16593642,0.16593642,0.16591914,0.001667451,0.999687598,0.00166693,0.04082805,0.085896163,0.245942118,0,"""Consumption support was provided everywhere, but in two sites (Ethiopia and Peru), a form of consumption support already existed before the program started, so it was available for all (Ethiopia) or part (Peru) of the control group, as well. In Ethiopia, both treatment and control households received benefits from the Productive Safety Net Programme (PSNP), a food-forwork program for food-insecure households. For this reason, the program did not offer any additional consumption support to treatment households. In Peru, a conditional cash transfer program, Juntos, was active in 51 of the 86 project villages. Juntos provides PEN 200 (PPP US$143.33) every 2 months"" p774
The Ethiopian project is not SPIR I or II but is the programme evaluated in 121327221 Barker. THere may be an overlap in some estimates but Barker includes long-term effects. ",0,"No ""The program targets the poorest members in a village"" p772",29,Honduras GPL,Ethiopia REST (program implemented by Tigrigna NGO Relief Society of Tigray); Ghana GUP (Graduation from Ultra Poverty); India TUP (Targeting the Ultra Poor); Pakistan Not NAME (Project within Sindh Region); Peru HW (Haku Wiñay); ,0,Standard errors are clustered at the level at which randomization took place.,2015,Banerjee et al. (2015) Honduras GPL,Honduras,,,,,,,,,,,,,,,,,,,,,,,,,,,,,,,,,,,,,,,,,,,,,,,,,,,,,,,,,,,,,,,,,,,,,,,,,,,,,,,,,,,,,,,,,,,,,,,,,,,,,,,,,,,,,,,,,,,,,,,,,,,,,,,,,,,,,,,,,,,,,,,,,,,,,,,,,,,,,,,,,,,,,,,,,,,,,,,
Pierre,,121058373,121058373_25,Banerjee et al.,Project within Sindh Region,1,24,1,1,1,1,1,1,0,1,Expenditure,"Total per capita consumption, standardized",Total of food consumption + non-food expenditure + durable goods expenditure; scaled to per capita monthly values,0,Full intervention,"page: 42; table: S4e; table label: Table S4e: Indexed Family Outcome Variables and Aggregates, Pakistan; row label: Total per capita consumption, standardized; column label: Endline 1 (1) Standardized Mean Treatment Effect",0.171,0.064,2.671875,,,p < 0.01,,,Standard errors are clustered at the level at which randomization took place.,660,639,1299,2,0,1299,5,0.148285373,0.148285373,0.148256786,0.003083524,0.999421631,0.00308174,0.055513423,0.039450476,0.257063095,0,"""Consumption support was provided everywhere, but in two sites (Ethiopia and Peru), a form of consumption support already existed before the program started, so it was available for all (Ethiopia) or part (Peru) of the control group, as well. In Ethiopia, both treatment and control households received benefits from the Productive Safety Net Programme (PSNP), a food-forwork program for food-insecure households. For this reason, the program did not offer any additional consumption support to treatment households. In Peru, a conditional cash transfer program, Juntos, was active in 51 of the 86 project villages. Juntos provides PEN 200 (PPP US$143.33) every 2 months"" p774
The Ethiopian project is not SPIR I or II but is the programme evaluated in 121327221 Barker. THere may be an overlap in some estimates but Barker includes long-term effects. ",0,"No ""The program targets the poorest members in a village"" p772",30,Pakistan GPS,Ethiopia REST (program implemented by Tigrigna NGO Relief Society of Tigray); Ghana GUP (Graduation from Ultra Poverty); India TUP (Targeting the Ultra Poor); Pakistan Not NAME (Project within Sindh Region); Peru HW (Haku Wiñay); ,0,Standard errors are clustered at the level at which randomization took place.,2015,Banerjee et al. (2015) Pakistan GPS,Pakistan,,,,,,,,,Not food expenditure outcome,,,,,,,,,,,,,,,,,,,,,,,,,,,,,,,,,,,,,,,,,,,,,,,,,,,,,,,,,,,,,,,,,,,,,,,,,,,,,,,,,,,,,,,,,,,,,,,,,,,,,,,,,,,,,,,,,,,,,,,,,,,,,,,,,,,,,,,,,,,,,,,,,,,,,,,,,,,,,,,,,,,,,,
Pierre,,121058373,121058373_26,Banerjee et al.,Project within Sindh Region,7,36,1,1,1,1,1,1,0,1,Expenditure,"Total per capita consumption, standardized",Total of food consumption + non-food expenditure + durable goods expenditure; scaled to per capita monthly values,0,Full intervention,"page: 42; table: S4e; table label: Table S4e: Indexed Family Outcome Variables and Aggregates, Pakistan; row label: Total per capita consumption, standardized; column label: Endline 2 (3) Standardized Mean Treatment Effect",0.117,0.067,1.746268657,,,0.05 < p < 0.10,,,Standard errors are clustered at the level at which randomization took place.,660,639,1299,2,0,1299,5,0.096915499,0.096915499,0.096896815,0.003081099,0.999421631,0.003079317,0.055491598,-0.011866716,0.205660346,0,"""Consumption support was provided everywhere, but in two sites (Ethiopia and Peru), a form of consumption support already existed before the program started, so it was available for all (Ethiopia) or part (Peru) of the control group, as well. In Ethiopia, both treatment and control households received benefits from the Productive Safety Net Programme (PSNP), a food-forwork program for food-insecure households. For this reason, the program did not offer any additional consumption support to treatment households. In Peru, a conditional cash transfer program, Juntos, was active in 51 of the 86 project villages. Juntos provides PEN 200 (PPP US$143.33) every 2 months"" p774
The Ethiopian project is not SPIR I or II but is the programme evaluated in 121327221 Barker. THere may be an overlap in some estimates but Barker includes long-term effects. ",0,"No ""The program targets the poorest members in a village"" p772",30,Pakistan GPS,Ethiopia REST (program implemented by Tigrigna NGO Relief Society of Tigray); Ghana GUP (Graduation from Ultra Poverty); India TUP (Targeting the Ultra Poor); Pakistan Not NAME (Project within Sindh Region); Peru HW (Haku Wiñay); ,0,Standard errors are clustered at the level at which randomization took place.,2015,Banerjee et al. (2015) Pakistan GPS,Pakistan,,,,,,,,,Not food expenditure outcome,,,,,,,,,,,,,,,,,,,,,,,,,,,,,,,,,,,,,,,,,,,,,,,,,,,,,,,,,,,,,,,,,,,,,,,,,,,,,,,,,,,,,,,,,,,,,,,,,,,,,,,,,,,,,,,,,,,,,,,,,,,,,,,,,,,,,,,,,,,,,,,,,,,,,,,,,,,,,,,,,,,,,,
Pierre,,121058373,121058373_27,Banerjee et al.,Project within Sindh Region,1,24,1,1,1,1,1,1,0,1,Assets,Asset index,"Weighted asset index: In each of the six countries, households are asked about whether or not they own each of several types of durable goods and livestock, and how many of each type they own. In each of the six sites, there is also either information on the current value of those livestock, or on the median value of purchased livestock.
The asset index was constructed using the value of goats as the numeraire. Goats were chosen because they are an asset held in common across all six sites. The process for creating the index was as follows: 1. The median unit value for each asset (durable goods and livestock) was calculated in each country (for durable goods, only in Pakistan, Honduras, Peru and Ethiopia; for livestock, in all six countries). In Ethiopia, the median value is found from all households who own the good and offered a valuation of it. In Pakistan, Peru and Honduras the median is calculated from households that purchased the good in the past 12 months. 2. In each site, the value of each asset in terms of goats (the numeraire) was calculated by dividing the unit value of each asset by the median unit value of goats. For example, a bicycle in Ethiopia is expressed as 1.34 goats. 3. For every durable good and type of livestock, the medians from each of the countries where price information about the good is available are combined to construct a single, cross-site median value of each good in terms of goats. 4. Total asset value, productive asset value, and household asset value in terms of goats is calculated for all six sites by multiplying the cross-site unit value of each asset (expressed in terms of goats) by the number of each asset owned. 5. These values are then standardized to the control group within each country and survey round and reported as weighted indices.",0,Full intervention,"page: 42; table: S4e; table label: Table S4e: Indexed Family Outcome Variables and Aggregates, Pakistan; row label: Asset index; column label: Endline 1 (1) Standardized Mean Treatment Effect",0.325,0.064,5.078125,,,p < 0.01,,,Standard errors are clustered at the level at which randomization took place.,660,639,1299,2,0,1299,5,0.281828926,0.281828926,0.281774592,0.003094578,0.999421631,0.003092788,0.055612842,0.172773421,0.390775763,0,"""Consumption support was provided everywhere, but in two sites (Ethiopia and Peru), a form of consumption support already existed before the program started, so it was available for all (Ethiopia) or part (Peru) of the control group, as well. In Ethiopia, both treatment and control households received benefits from the Productive Safety Net Programme (PSNP), a food-forwork program for food-insecure households. For this reason, the program did not offer any additional consumption support to treatment households. In Peru, a conditional cash transfer program, Juntos, was active in 51 of the 86 project villages. Juntos provides PEN 200 (PPP US$143.33) every 2 months"" p774
The Ethiopian project is not SPIR I or II but is the programme evaluated in 121327221 Barker. THere may be an overlap in some estimates but Barker includes long-term effects. ",0,"No ""The program targets the poorest members in a village"" p772",30,Pakistan GPS,Ethiopia REST (program implemented by Tigrigna NGO Relief Society of Tigray); Ghana GUP (Graduation from Ultra Poverty); India TUP (Targeting the Ultra Poor); Pakistan Not NAME (Project within Sindh Region); Peru HW (Haku Wiñay); ,0,Standard errors are clustered at the level at which randomization took place.,2015,Banerjee et al. (2015) Pakistan GPS,Pakistan,,,,,,,,,,,,,,,,,,,,,,,,,,,,,,,,,,,,,,,,,,,,,,,,,,,,,,,,,,,,,,,,,,,,,,,,,,,,,,,,,,,,,,,,,,,,,,,,,,,,,,,,,,,,,,,,,,,,,,,,,,,,,,,,,,,,,,,,,,,,,,,,,,,,,,,,,,,,,,,,,,,,,,,,,,,,,,,
Pierre,,121058373,121058373_28,Banerjee et al.,Project within Sindh Region,7,36,1,1,1,1,1,1,0,1,Assets,Asset index,"Weighted asset index: In each of the six countries, households are asked about whether or not they own each of several types of durable goods and livestock, and how many of each type they own. In each of the six sites, there is also either information on the current value of those livestock, or on the median value of purchased livestock.
The asset index was constructed using the value of goats as the numeraire. Goats were chosen because they are an asset held in common across all six sites. The process for creating the index was as follows: 1. The median unit value for each asset (durable goods and livestock) was calculated in each country (for durable goods, only in Pakistan, Honduras, Peru and Ethiopia; for livestock, in all six countries). In Ethiopia, the median value is found from all households who own the good and offered a valuation of it. In Pakistan, Peru and Honduras the median is calculated from households that purchased the good in the past 12 months. 2. In each site, the value of each asset in terms of goats (the numeraire) was calculated by dividing the unit value of each asset by the median unit value of goats. For example, a bicycle in Ethiopia is expressed as 1.34 goats. 3. For every durable good and type of livestock, the medians from each of the countries where price information about the good is available are combined to construct a single, cross-site median value of each good in terms of goats. 4. Total asset value, productive asset value, and household asset value in terms of goats is calculated for all six sites by multiplying the cross-site unit value of each asset (expressed in terms of goats) by the number of each asset owned. 5. These values are then standardized to the control group within each country and survey round and reported as weighted indices.",0,Full intervention,"page: 42; table: S4e; table label: Table S4e: Indexed Family Outcome Variables and Aggregates, Pakistan; row label: Asset index; column label: Endline 2 (3) Standardized Mean Treatment Effect",0.17,0.067,2.537313433,,,0.01 < p < 0.05,,,Standard errors are clustered at the level at which randomization took place.,660,639,1299,2,0,1299,5,0.140817392,0.140817392,0.140790244,0.003083108,0.999421631,0.003081325,0.055509683,0.031991266,0.249589223,0,"""Consumption support was provided everywhere, but in two sites (Ethiopia and Peru), a form of consumption support already existed before the program started, so it was available for all (Ethiopia) or part (Peru) of the control group, as well. In Ethiopia, both treatment and control households received benefits from the Productive Safety Net Programme (PSNP), a food-forwork program for food-insecure households. For this reason, the program did not offer any additional consumption support to treatment households. In Peru, a conditional cash transfer program, Juntos, was active in 51 of the 86 project villages. Juntos provides PEN 200 (PPP US$143.33) every 2 months"" p774
The Ethiopian project is not SPIR I or II but is the programme evaluated in 121327221 Barker. THere may be an overlap in some estimates but Barker includes long-term effects. ",0,"No ""The program targets the poorest members in a village"" p772",30,Pakistan GPS,Ethiopia REST (program implemented by Tigrigna NGO Relief Society of Tigray); Ghana GUP (Graduation from Ultra Poverty); India TUP (Targeting the Ultra Poor); Pakistan Not NAME (Project within Sindh Region); Peru HW (Haku Wiñay); ,0,Standard errors are clustered at the level at which randomization took place.,2015,Banerjee et al. (2015) Pakistan GPS,Pakistan,,,,,,,,,,,,,,,,,,,,,,,,,,,,,,,,,,,,,,,,,,,,,,,,,,,,,,,,,,,,,,,,,,,,,,,,,,,,,,,,,,,,,,,,,,,,,,,,,,,,,,,,,,,,,,,,,,,,,,,,,,,,,,,,,,,,,,,,,,,,,,,,,,,,,,,,,,,,,,,,,,,,,,,,,,,,,,,
Pierre,,121058373,121058373_29,Banerjee et al.,Project within Sindh Region,1,24,1,1,1,1,1,1,0,1,Income,Incomes and revenues index (five components),"Agricultural income (revenues minus expenses: Crop production, land rents and expenses) + Livestock revenue (Revenues from sales, slaughters, output production) + Non-farm micro-enterprise: equal to total sales minus total expenses.",0,Full intervention,"page: 42; table: S4e; table label: Table S4e: Indexed Family Outcome Variables and Aggregates, Pakistan; row label: Incomes and revenues index (five components); column label: Endline 1 (1) Standardized Mean Treatment Effect",0.101,0.069,1.463768116,,,p > 0.10,,,Standard errors are clustered at the level at which randomization took place.,660,639,1299,2,0,1299,5,0.081237109,0.081237109,0.081221448,0.003080562,0.999421631,0.00307878,0.055486757,-0.027532595,0.189975491,0,"""Consumption support was provided everywhere, but in two sites (Ethiopia and Peru), a form of consumption support already existed before the program started, so it was available for all (Ethiopia) or part (Peru) of the control group, as well. In Ethiopia, both treatment and control households received benefits from the Productive Safety Net Programme (PSNP), a food-forwork program for food-insecure households. For this reason, the program did not offer any additional consumption support to treatment households. In Peru, a conditional cash transfer program, Juntos, was active in 51 of the 86 project villages. Juntos provides PEN 200 (PPP US$143.33) every 2 months"" p774
The Ethiopian project is not SPIR I or II but is the programme evaluated in 121327221 Barker. THere may be an overlap in some estimates but Barker includes long-term effects. ",0,"No ""The program targets the poorest members in a village"" p772",30,Pakistan GPS,Ethiopia REST (program implemented by Tigrigna NGO Relief Society of Tigray); Ghana GUP (Graduation from Ultra Poverty); India TUP (Targeting the Ultra Poor); Pakistan Not NAME (Project within Sindh Region); Peru HW (Haku Wiñay); ,0,Standard errors are clustered at the level at which randomization took place.,2015,Banerjee et al. (2015) Pakistan GPS,Pakistan,,,,,,,,,,,,,,,,,,,,,,,,,,,,,,,,,,,,,,,,,,,,,,,,,,,,,,,,,,,,,,,,,,,,,,,,,,,,,,,,,,,,,,,,,,,,,,,,,,,,,,,,,,,,,,,,,,,,,,,,,,,,,,,,,,,,,,,,,,,,,,,,,,,,,,,,,,,,,,,,,,,,,,,,,,,,,,,
Pierre,,121058373,121058373_30,Banerjee et al.,Project within Sindh Region,7,36,1,1,1,1,1,1,0,1,Income,Incomes and revenues index (five components),"Agricultural income (revenues minus expenses: Crop production, land rents and expenses) + Livestock revenue (Revenues from sales, slaughters, output production) + Non-farm micro-enterprise: equal to total sales minus total expenses.",0,Full intervention,"page: 42; table: S4e; table label: Table S4e: Indexed Family Outcome Variables and Aggregates, Pakistan; row label: Incomes and revenues index (five components); column label: Endline 2 (3) Standardized Mean Treatment Effect",0.128,0.076,1.684210526,,,0.05 < p < 0.10,,,Standard errors are clustered at the level at which randomization took place.,660,639,1299,2,0,1299,5,0.093471359,0.093471359,0.093453338,0.003080973,0.999421631,0.003079191,0.055490461,-0.015307966,0.202214643,0,"""Consumption support was provided everywhere, but in two sites (Ethiopia and Peru), a form of consumption support already existed before the program started, so it was available for all (Ethiopia) or part (Peru) of the control group, as well. In Ethiopia, both treatment and control households received benefits from the Productive Safety Net Programme (PSNP), a food-forwork program for food-insecure households. For this reason, the program did not offer any additional consumption support to treatment households. In Peru, a conditional cash transfer program, Juntos, was active in 51 of the 86 project villages. Juntos provides PEN 200 (PPP US$143.33) every 2 months"" p774
The Ethiopian project is not SPIR I or II but is the programme evaluated in 121327221 Barker. THere may be an overlap in some estimates but Barker includes long-term effects. ",0,"No ""The program targets the poorest members in a village"" p772",30,Pakistan GPS,Ethiopia REST (program implemented by Tigrigna NGO Relief Society of Tigray); Ghana GUP (Graduation from Ultra Poverty); India TUP (Targeting the Ultra Poor); Pakistan Not NAME (Project within Sindh Region); Peru HW (Haku Wiñay); ,0,Standard errors are clustered at the level at which randomization took place.,2015,Banerjee et al. (2015) Pakistan GPS,Pakistan,,,,,,,,,,,,,,,,,,,,,,,,,,,,,,,,,,,,,,,,,,,,,,,,,,,,,,,,,,,,,,,,,,,,,,,,,,,,,,,,,,,,,,,,,,,,,,,,,,,,,,,,,,,,,,,,,,,,,,,,,,,,,,,,,,,,,,,,,,,,,,,,,,,,,,,,,,,,,,,,,,,,,,,,,,,,,,,
Pierre,,122182715,122182715_01,Beam et al.,RFSA Resilience Food Security Activity,6,18,1,0,1,1,1,1,0,1,Expenditure,Monthly adult equity consumption,"Monthly consumption per adult equivalent using 2024 PPP-adjusted values based on 2020 conversion factors: ""Per capita household consumption is calculated by summing the following: (1) food consumption over the past seven days (including consumption out of purchases, consumption out of home produce, and consumption received in-kind/free.); (2) non-durable good consumption and frequently purchased services during the last 7 days and 30 days; (3) and semi-durable goods and durable goods and services during the last 12 months; and (4) 10% of the value of household durable assets. Adjusted to adult equivalents and scaled to monthly values (excluding durable assets). Adjusted to 2024 PPP dollars. "" p46",0,Group coaching,Page 19; Table 1; Table 1 Impact of graduation programs on primary outcomes; Panel A. Uganda; row: group coaching; Column Monthly adult equity consumption (2024 PPP),30.339,3.068,9.888852673,,,p < 0.01,,,115,,,10509,2,0,10509,6,0.192927975,0.192927975,0.192923385,0.000381512,0.999928617,0.000381484,0.019531625,0.154641401,0.231205369,1,Philippines: cash comes from 4Ps,0,Philippines: no req,31,Uganda RFSA Group coaching,Uganda RFSA (Resilience Food Security Activity); Bangladesh UPGP (Ultra-Poor Graduation Program),0,"""In Uganda, we cluster standard errors at the “village cluster” level, as we randomly selected village clusters to receive any intervention or to be part of a pure control group.""",2025,Beam et al. (2025) Uganda RFSA Group coaching,Uganda,,,,,,,,,Not food expenditure outcome,,,,,,,,,,,,,,,,,,,,,,,,,,,,,,,,,,,,,,,,,,,,,,,,,,,,,,,,,,,,,,,,,,,,,,,,,,,,,,,,,,,,,,,,,,,,,,,,,,,,,,,,,,,,,,,,,,,,,,,,,,,,,,,,,,,,,,,,,,,,,,,,,,,,,,,,,,,,,,,,,,,,,,
Pierre,,122182715,122182715_02,Beam et al.,RFSA Resilience Food Security Activity,6,18,1,0,1,1,1,1,0,1,Expenditure,Monthly adult equity consumption,"Monthly consumption per adult equivalent using 2024 PPP-adjusted values based on 2020 conversion factors: ""Per capita household consumption is calculated by summing the following: (1) food consumption over the past seven days (including consumption out of purchases, consumption out of home produce, and consumption received in-kind/free.); (2) non-durable good consumption and frequently purchased services during the last 7 days and 30 days; (3) and semi-durable goods and durable goods and services during the last 12 months; and (4) 10% of the value of household durable assets. Adjusted to adult equivalents and scaled to monthly values (excluding durable assets). Adjusted to 2024 PPP dollars. "" p46",0,Individual coaching ,Page 19; Table 1; Table 1 Impact of graduation programs on primary outcomes; Panel A. Uganda; row: individual coaching; Column Monthly adult equity consumption (2024 PPP),27.061,2.743,9.865475756,,,p < 0.01,,,115,,,10509,2,0,10509,6,0.1924719,0.1924719,0.19246732,0.000381507,0.999928617,0.00038148,0.019531517,0.154185546,0.230749094,1,Philippines: cash comes from 4Ps,0,Philippines: no req,31,Uganda RFSA Individual coaching,Uganda RFSA (Resilience Food Security Activity); Bangladesh UPGP (Ultra-Poor Graduation Program),0,"""In Uganda, we cluster standard errors at the “village cluster” level, as we randomly selected village clusters to receive any intervention or to be part of a pure control group.""",2025,Beam et al. (2025) Uganda RFSA Individual coaching,Uganda,,,,,,,,,Not food expenditure outcome,,,,,,,,,,,,,,,,,,,,,,,,,,,,,,,,,,,,,,,,,,,,,,,,,,,,,,,,,,,,,,,,,,,,,,,,,,,,,,,,,,,,,,,,,,,,,,,,,,,,,,,,,,,,,,,,,,,,,,,,,,,,,,,,,,,,,,,,,,,,,,,,,,,,,,,,,,,,,,,,,,,,,,
Pierre,,122182715,122182715_03,Beam et al.,RFSA Resilience Food Security Activity,6,18,1,0,1,1,1,1,0,1,Assets,Productive asset values (2024 PPP),"Value of productive assets (PPP 2024) ""Sum of (1) value of non-fixed durable productive assets, (2) value of livestock fixed assets, (3) total value of livestock owned, (4) total value of business inventory. Excludes imputed values in Uganda. Data on business inventories were not collected in Bangladesh. Adjusted to 2024 PPP dollars. "" p46",0,Group coaching,Page 19; Table 1; Table 1 Impact of graduation programs on primary outcomes; Panel A. Uganda; row: group coaching; Column: Productive Asset values (2024 PPP),543.055,80.096,6.780051438,,,p < 0.01,,,115,,,10430,2,0,10430,6,0.132776382,0.132776382,0.132773199,0.000383932,0.999928077,0.000383904,0.01959347,0.094369998,0.1711764,1,Philippines: cash comes from 4Ps,0,Philippines: no req,31,Uganda RFSA Group coaching,Uganda RFSA (Resilience Food Security Activity); Bangladesh UPGP (Ultra-Poor Graduation Program),0,"""In Uganda, we cluster standard errors at the “village cluster” level, as we randomly selected village clusters to receive any intervention or to be part of a pure control group.""",2025,Beam et al. (2025) Uganda RFSA Group coaching,Uganda,,,,,,,,,,,,,,,,,,,,,,,,,,,,,,,,,,,,,,,,,,,,,,,,,,,,,,,,,,,,,,,,,,,,,,,,,,,,,,,,,,,,,,,,,,,,,,,,,,,,,,,,,,,,,,,,,,,,,,,,,,,,,,,,,,,,,,,,,,,,,,,,,,,,,,,,,,,,,,,,,,,,,,,,,,,,,,,
Pierre,,122182715,122182715_04,Beam et al.,RFSA Resilience Food Security Activity,6,18,1,0,1,1,1,1,0,1,Assets,Productive asset values (2024 PPP),"Value of productive assets (PPP 2024) ""Sum of (1) value of non-fixed durable productive assets, (2) value of livestock fixed assets, (3) total value of livestock owned, (4) total value of business inventory. Excludes imputed values in Uganda. Data on business inventories were not collected in Bangladesh. Adjusted to 2024 PPP dollars. "" p46",0,Individual coaching,Page 19; Table 1; Table 1 Impact of graduation programs on primary outcomes; Panel A. Uganda; row: individual coaching; v,675.301,103.364,6.533232073,,,p < 0.01,,,115,,,10430,2,0,10430,6,0.127942822,0.127942822,0.127939755,0.000383901,0.999928077,0.000383874,0.019592699,0.089538065,0.166341445,1,Philippines: cash comes from 4Ps,0,Philippines: no req,31,Uganda RFSA Individual coaching,Uganda RFSA (Resilience Food Security Activity); Bangladesh UPGP (Ultra-Poor Graduation Program),0,"""In Uganda, we cluster standard errors at the “village cluster” level, as we randomly selected village clusters to receive any intervention or to be part of a pure control group.""",2025,Beam et al. (2025) Uganda RFSA Individual coaching,Uganda,,,,,,,,,,,,,,,,,,,,,,,,,,,,,,,,,,,,,,,,,,,,,,,,,,,,,,,,,,,,,,,,,,,,,,,,,,,,,,,,,,,,,,,,,,,,,,,,,,,,,,,,,,,,,,,,,,,,,,,,,,,,,,,,,,,,,,,,,,,,,,,,,,,,,,,,,,,,,,,,,,,,,,,,,,,,,,,
Pierre,,122182715,122182715_05,Beam et al.,RFSA Resilience Food Security Activity,6,18,1,0,1,1,1,1,0,1,Income,Monthly household income (2024 PPP),"Total monthly household income (PPP 2024) ""Sum of paid labor income, business profit, net income from livestock, and value of crop production (net of costs) across all household members. Data on crop production was not collected in Bangladesh. Adjusted to 2024 PPP dollars "" p46",0,Group coaching,Page 19; Table 1; Table 1 Impact of graduation programs on primary outcomes; Panel A. Uganda; row: group coaching; Column: Monthly household Income (2024 PPP),65.63,10.243,6.407302548,,,p < 0.01,,,115,,,10337,2,0,10337,6,0.126039877,0.126039877,0.126036828,0.000387344,0.999927429,0.000387316,0.019680334,0.087463372,0.164610283,1,Philippines: cash comes from 4Ps,0,Philippines: no req,31,Uganda RFSA Group coaching,Uganda RFSA (Resilience Food Security Activity); Bangladesh UPGP (Ultra-Poor Graduation Program),0,"""In Uganda, we cluster standard errors at the “village cluster” level, as we randomly selected village clusters to receive any intervention or to be part of a pure control group.""",2025,Beam et al. (2025) Uganda RFSA Group coaching,Uganda,,,,,,,,,,,,,,,,,,,,,,,,,,,,,,,,,,,,,,,,,,,,,,,,,,,,,,,,,,,,,,,,,,,,,,,,,,,,,,,,,,,,,,,,,,,,,,,,,,,,,,,,,,,,,,,,,,,,,,,,,,,,,,,,,,,,,,,,,,,,,,,,,,,,,,,,,,,,,,,,,,,,,,,,,,,,,,,
Pierre,,122182715,122182715_06,Beam et al.,RFSA Resilience Food Security Activity,6,18,1,0,1,1,1,1,0,1,Income,Monthly household income (2024 PPP),"Total monthly household income (PPP 2024) ""Sum of paid labor income, business profit, net income from livestock, and value of crop production (net of costs) across all household members. Data on crop production was not collected in Bangladesh. Adjusted to 2024 PPP dollars "" p46",0,Individual coaching,Page 19; Table 1; Table 1 Impact of graduation programs on primary outcomes; Panel A. Uganda; row: individual coaching;  Column: Monthly household Income (2024 PPP),57.645,9.574,6.02099436,,,p < 0.01,,,115,,,10337,2,0,10337,6,0.118440698,0.118440698,0.118437833,0.000387299,0.999927429,0.000387271,0.019679193,0.079866615,0.157009051,1,Philippines: cash comes from 4Ps,0,Philippines: no req,31,Uganda RFSA Individual coaching,Uganda RFSA (Resilience Food Security Activity); Bangladesh UPGP (Ultra-Poor Graduation Program),0,"""In Uganda, we cluster standard errors at the “village cluster” level, as we randomly selected village clusters to receive any intervention or to be part of a pure control group.""",2025,Beam et al. (2025) Uganda RFSA Individual coaching,Uganda,,,,,,,,,,,,,,,,,,,,,,,,,,,,,,,,,,,,,,,,,,,,,,,,,,,,,,,,,,,,,,,,,,,,,,,,,,,,,,,,,,,,,,,,,,,,,,,,,,,,,,,,,,,,,,,,,,,,,,,,,,,,,,,,,,,,,,,,,,,,,,,,,,,,,,,,,,,,,,,,,,,,,,,,,,,,,,,
Pierre,,122182715,122182715_13,Beam et al.,RFSA Resilience Food Security Activity,6,18,1,0,1,1,1,1,0,1,Savings,Savings value (2024 PPP),Savings value (2024 PPP),0,Group coaching,Page 44; Table A.12; Table A.12: Impact of graduation on financial inclusion; Panel A. Uganda; row: group coaching; Column Any saving,192.975,24.596,7.845787933,,,p < 0.01,,,115,,,10407,2,0,10407,6,0.153816804,0.153816804,0.153813108,0.000384925,0.999927918,0.000384897,0.0196188,0.115360261,0.192265955,1,Philippines: cash comes from 4Ps,0,Philippines: no req,31,Uganda RFSA Group coaching,Uganda RFSA (Resilience Food Security Activity); Bangladesh UPGP (Ultra-Poor Graduation Program),0,"""In Uganda, we cluster standard errors at the “village cluster” level, as we randomly selected village clusters to receive any intervention or to be part of a pure control group.""",2025,Beam et al. (2025) Uganda RFSA Group coaching,Uganda,,,,,,,,,,,,,,1,,,,,,,,,,,,,,,,,,,,,,,,,,,,,,,,,,,,,,,,,,,,,,,,,,,,,,,,,,,,,,,,,,,,,,,,,,,,,,,,,,,,,,,,,,,,,,,,,,,,,,,,,,,,,,,,,,,,,,,,,,,,,,,,,,,,,,,,,,,,,,,,,,,,,,,,,,,,,,,,,
Pierre,,122182715,122182715_14,Beam et al.,RFSA Resilience Food Security Activity,6,18,1,0,1,1,1,1,0,1,Savings,Savings value (2024 PPP),Savings value (2024 PPP),0,Individual coaching,Page 44; Table A.12; Table A.12: Impact of graduation on financial inclusion; Panel A. Uganda; row: individual coaching; Column Any saving,216.7,23.379,9.269002096,,,p < 0.01,,,115,,,10407,2,0,10407,6,0.181718942,0.181718942,0.181714575,0.00038515,0.999927918,0.000385122,0.01962453,0.143250497,0.220178654,1,Philippines: cash comes from 4Ps,0,Philippines: no req,31,Uganda RFSA Individual coaching,Uganda RFSA (Resilience Food Security Activity); Bangladesh UPGP (Ultra-Poor Graduation Program),0,"""In Uganda, we cluster standard errors at the “village cluster” level, as we randomly selected village clusters to receive any intervention or to be part of a pure control group.""",2025,Beam et al. (2025) Uganda RFSA Individual coaching,Uganda,,,,,,,,,,,,,1,1,Selected. Why individual coaching over group coaching?,,,,,,,,,,,,,,,,,,,,,,,,,,,,,,,,,,,,,,,,,,,,,,,,,,,,,,,,,,,,,,,,,,,,,,,,,,,,,,,,,,,,,,,,,,,,,,,,,,,,,,,,,,,,,,,,,,,,,,,,,,,,,,,,,,,,,,,,,,,,,,,,,,,,,,,,,,,,,,,,
Pierre,,122182715,122182715_07,Beam et al.,UPGP The 2016 BRAC Ultra-Poor Graduation Program,42,18,1,0,1,1,1,1,0,1,Expenditure,Monthly adult equity consumption,"Monthly consumption per adult equivalent using 2024 PPP-adjusted values based on 2020 conversion factors: ""Per capita household consumption is calculated by summing the following: (1) food consumption over the past seven days (including consumption out of purchases, consumption out of home produce, and consumption received in-kind/free.); (2) non-durable good consumption and frequently purchased services during the last 7 days and 30 days; (3) and semi-durable goods and durable goods and services during the last 12 months; and (4) 10% of the value of household durable assets. Adjusted to adult equivalents and scaled to monthly values (excluding durable assets). Adjusted to 2024 PPP dollars. "" p46",0,Group coaching,Page 19; Table 1; Table 1 Impact of graduation programs on primary outcomes; Panel C. Bangladesh; row: group coaching; Column Monthly adult equity consumption (2024 PPP),15.174,4.07,3.728255528,,,p < 0.01,,,88,,,7534,2,0,7534,6,0.085905874,0.085905874,0.085903022,0.000531171,0.999900422,0.000531118,0.023046007,0.040732848,0.131073197,0,Philippines: cash comes from 4Ps,1,Philippines: no req,32,Bangladesh UPGP Group coaching,Uganda RFSA (Resilience Food Security Activity); Bangladesh UPGP (Ultra-Poor Graduation Program),0,""" In Bangladesh, we randomized at the branch level (88 clusters), the smallest unit in BRAC’s administrative structure."" p12
"" And in Bangladesh, we cluster standard errors at the branch office level."" p15",2025,Beam et al. (2025) Bangladesh UPGP Group coaching,Bangladesh,,,,,,,,,Not food expenditure outcome,,,,,,,,,,,,,,,,,,,,,,,,,,,,,,,,,,,,,,,,,,,,,,,,,,,,,,,,,,,,,,,,,,,,,,,,,,,,,,,,,,,,,,,,,,,,,,,,,,,,,,,,,,,,,,,,,,,,,,,,,,,,,,,,,,,,,,,,,,,,,,,,,,,,,,,,,,,,,,,,,,,,,,
Pierre,,122182715,122182715_08,Beam et al.,UPGP The 2016 BRAC Ultra-Poor Graduation Program,42,18,1,0,1,1,1,1,0,1,Expenditure,Monthly adult equity consumption,"Monthly consumption per adult equivalent using 2024 PPP-adjusted values based on 2020 conversion factors: ""Per capita household consumption is calculated by summing the following: (1) food consumption over the past seven days (including consumption out of purchases, consumption out of home produce, and consumption received in-kind/free.); (2) non-durable good consumption and frequently purchased services during the last 7 days and 30 days; (3) and semi-durable goods and durable goods and services during the last 12 months; and (4) 10% of the value of household durable assets. Adjusted to adult equivalents and scaled to monthly values (excluding durable assets). Adjusted to 2024 PPP dollars. "" p46",0,Individual coaching,Page 19; Table 1; Table 1 Impact of graduation programs on primary outcomes; Panel C. Bangladesh; row: individual coaching; Column Monthly adult equity consumption (2024 PPP),20.437,5.101,4.00646932,,,p < 0.01,,,88,,,7534,2,0,7534,6,0.092316432,0.092316432,0.092313367,0.000531209,0.999900422,0.000531156,0.02304683,0.047141581,0.137485154,0,Philippines: cash comes from 4Ps,1,Philippines: no req,32,Bangladesh UPGP Individual coaching,Uganda RFSA (Resilience Food Security Activity); Bangladesh UPGP (Ultra-Poor Graduation Program),0,""" In Bangladesh, we randomized at the branch level (88 clusters), the smallest unit in BRAC’s administrative structure."" p12
"" And in Bangladesh, we cluster standard errors at the branch office level."" p15",2025,Beam et al. (2025) Bangladesh UPGP Individual coaching,Bangladesh,,,,,,,,,Not food expenditure outcome,,,,,,,,,,,,,,,,,,,,,,,,,,,,,,,,,,,,,,,,,,,,,,,,,,,,,,,,,,,,,,,,,,,,,,,,,,,,,,,,,,,,,,,,,,,,,,,,,,,,,,,,,,,,,,,,,,,,,,,,,,,,,,,,,,,,,,,,,,,,,,,,,,,,,,,,,,,,,,,,,,,,,,
Pierre,,122182715,122182715_09,Beam et al.,UPGP The 2016 BRAC Ultra-Poor Graduation Program,42,18,1,0,1,1,1,1,0,1,Assets,Productive asset values (2024 PPP),"Value of productive assets (PPP 2024) ""Sum of (1) value of non-fixed durable productive assets, (2) value of livestock fixed assets, (3) total value of livestock owned, (4) total value of business inventory. Excludes imputed values in Uganda. Data on business inventories were not collected in Bangladesh. Adjusted to 2024 PPP dollars. "" p46",0,Group coaching,Page 19; Table 1; Table 1 Impact of graduation programs on primary outcomes; Panel C. Bangladesh; row: group coaching; Column: Productive Asset values (2024 PPP),488.939,63.158,7.741521264,,,p < 0.01,,,88,,,7447,2,0,7447,6,0.179417842,0.179417842,0.179411817,0.00053821,0.999899258,0.000538155,0.023198179,0.133943388,0.224880247,0,Philippines: cash comes from 4Ps,1,Philippines: no req,32,Bangladesh UPGP Group coaching,Uganda RFSA (Resilience Food Security Activity); Bangladesh UPGP (Ultra-Poor Graduation Program),0,""" In Bangladesh, we randomized at the branch level (88 clusters), the smallest unit in BRAC’s administrative structure."" p12
"" And in Bangladesh, we cluster standard errors at the branch office level."" p15",2025,Beam et al. (2025) Bangladesh UPGP Group coaching,Bangladesh,,,,,,,,,,,,,,,,,,,,,,,,,,,,,,,,,,,,,,,,,,,,,,,,,,,,,,,,,,,,,,,,,,,,,,,,,,,,,,,,,,,,,,,,,,,,,,,,,,,,,,,,,,,,,,,,,,,,,,,,,,,,,,,,,,,,,,,,,,,,,,,,,,,,,,,,,,,,,,,,,,,,,,,,,,,,,,,
Pierre,,122182715,122182715_10,Beam et al.,UPGP The 2016 BRAC Ultra-Poor Graduation Program,42,18,1,0,1,1,1,1,0,1,Assets,Productive asset values (2024 PPP),"Value of productive assets (PPP 2024) ""Sum of (1) value of non-fixed durable productive assets, (2) value of livestock fixed assets, (3) total value of livestock owned, (4) total value of business inventory. Excludes imputed values in Uganda. Data on business inventories were not collected in Bangladesh. Adjusted to 2024 PPP dollars. "" p46",0,Individual coaching,Page 19; Table 1; Table 1 Impact of graduation programs on primary outcomes; Panel C. Bangladesh; row: individual coaching; v,455.296,72.933,6.242661072,,,p < 0.01,,,88,,,7447,2,0,7447,6,0.144680192,0.144680192,0.144675333,0.000537832,0.999899258,0.000537778,0.023190032,0.099222871,0.190127796,0,Philippines: cash comes from 4Ps,1,Philippines: no req,32,Bangladesh UPGP Individual coaching,Uganda RFSA (Resilience Food Security Activity); Bangladesh UPGP (Ultra-Poor Graduation Program),0,""" In Bangladesh, we randomized at the branch level (88 clusters), the smallest unit in BRAC’s administrative structure."" p12
"" And in Bangladesh, we cluster standard errors at the branch office level."" p15",2025,Beam et al. (2025) Bangladesh UPGP Individual coaching,Bangladesh,,,,,,,,,,,,,,,,,,,,,,,,,,,,,,,,,,,,,,,,,,,,,,,,,,,,,,,,,,,,,,,,,,,,,,,,,,,,,,,,,,,,,,,,,,,,,,,,,,,,,,,,,,,,,,,,,,,,,,,,,,,,,,,,,,,,,,,,,,,,,,,,,,,,,,,,,,,,,,,,,,,,,,,,,,,,,,,
Pierre,,122182715,122182715_11,Beam et al.,UPGP The 2016 BRAC Ultra-Poor Graduation Program,42,18,1,0,1,1,1,1,0,1,Income,Monthly household income (2024 PPP),"Total monthly household income (PPP 2024) ""Sum of paid labor income, business profit, net income from livestock, and value of crop production (net of costs) across all household members. Data on crop production was not collected in Bangladesh. Adjusted to 2024 PPP dollars "" p46",0,Group coaching,Page 19; Table 1; Table 1 Impact of graduation programs on primary outcomes; Panel C. Bangladesh; row: group coaching; Column: Monthly household Income (2024 PPP),61.221,16.96,3.609728774,,,p < 0.01,,,88,,,7445,2,0,7445,6,0.083670471,0.083670471,0.083667661,0.000537508,0.999899231,0.000537454,0.02318306,0.038228864,0.129106458,0,Philippines: cash comes from 4Ps,1,Philippines: no req,32,Bangladesh UPGP Group coaching,Uganda RFSA (Resilience Food Security Activity); Bangladesh UPGP (Ultra-Poor Graduation Program),0,""" In Bangladesh, we randomized at the branch level (88 clusters), the smallest unit in BRAC’s administrative structure."" p12
"" And in Bangladesh, we cluster standard errors at the branch office level."" p15",2025,Beam et al. (2025) Bangladesh UPGP Group coaching,Bangladesh,,,,,,,,,,,,,,,,,,,,,,,,,,,,,,,,,,,,,,,,,,,,,,,,,,,,,,,,,,,,,,,,,,,,,,,,,,,,,,,,,,,,,,,,,,,,,,,,,,,,,,,,,,,,,,,,,,,,,,,,,,,,,,,,,,,,,,,,,,,,,,,,,,,,,,,,,,,,,,,,,,,,,,,,,,,,,,,
Pierre,,122182715,122182715_12,Beam et al.,UPGP The 2016 BRAC Ultra-Poor Graduation Program,42,18,1,0,1,1,1,1,0,1,Income,Monthly household income (2024 PPP),"Total monthly household income (PPP 2024) ""Sum of paid labor income, business profit, net income from livestock, and value of crop production (net of costs) across all household members. Data on crop production was not collected in Bangladesh. Adjusted to 2024 PPP dollars "" p46",0,Individual coaching,Page 19; Table 1; Table 1 Impact of graduation programs on primary outcomes; Panel C. Bangladesh; row: individual coaching;  Column: Monthly household Income (2024 PPP),61.342,16.646,3.685089511,,,p < 0.01,,,88,,,7445,2,0,7445,6,0.08541727,0.08541727,0.085414401,0.000537518,0.999899231,0.000537464,0.023183274,0.039975184,0.130853617,0,Philippines: cash comes from 4Ps,1,Philippines: no req,32,Bangladesh UPGP Individual coaching,Uganda RFSA (Resilience Food Security Activity); Bangladesh UPGP (Ultra-Poor Graduation Program),0,""" In Bangladesh, we randomized at the branch level (88 clusters), the smallest unit in BRAC’s administrative structure."" p12
"" And in Bangladesh, we cluster standard errors at the branch office level."" p15",2025,Beam et al. (2025) Bangladesh UPGP Individual coaching,Bangladesh,,,,,,,,,,,,,,,,,,,,,,,,,,,,,,,,,,,,,,,,,,,,,,,,,,,,,,,,,,,,,,,,,,,,,,,,,,,,,,,,,,,,,,,,,,,,,,,,,,,,,,,,,,,,,,,,,,,,,,,,,,,,,,,,,,,,,,,,,,,,,,,,,,,,,,,,,,,,,,,,,,,,,,,,,,,,,,,
Pierre,,122182715,122182715_15,Beam et al.,UPGP The 2016 BRAC Ultra-Poor Graduation Program,42,18,1,0,1,1,1,1,0,1,Savings,Savings value (2024 PPP),Savings value (2024 PPP),0,Group coaching,Page 44; Table A.12; Table A.12: Impact of graduation on financial inclusion; Panel C. Bangladesh; row: group coaching; Column Any saving,67.709,19.087,3.547388275,,,p < 0.01,,,88,,,8529,2,0,8529,6,0.076822717,0.076822717,0.076820465,0.000469161,0.999912042,0.00046912,0.021659175,0.034368481,0.119272449,0,Philippines: cash comes from 4Ps,1,Philippines: no req,32,Bangladesh UPGP Group coaching,Uganda RFSA (Resilience Food Security Activity); Bangladesh UPGP (Ultra-Poor Graduation Program),0,""" In Bangladesh, we randomized at the branch level (88 clusters), the smallest unit in BRAC’s administrative structure."" p12
"" And in Bangladesh, we cluster standard errors at the branch office level."" p15",2025,Beam et al. (2025) Bangladesh UPGP Group coaching,Bangladesh,,,,,,,,,,,,,,1,,,,,,,,,,,,,,,,,,,,,,,,,,,,,,,,,,,,,,,,,,,,,,,,,,,,,,,,,,,,,,,,,,,,,,,,,,,,,,,,,,,,,,,,,,,,,,,,,,,,,,,,,,,,,,,,,,,,,,,,,,,,,,,,,,,,,,,,,,,,,,,,,,,,,,,,,,,,,,,,,
Pierre,,122182715,122182715_16,Beam et al.,UPGP The 2016 BRAC Ultra-Poor Graduation Program,42,18,1,0,1,1,1,1,0,1,Savings,Savings value (2024 PPP),Savings value (2024 PPP),0,Individual coaching,Page 44; Table A.12; Table A.12: Impact of graduation on financial inclusion; Panel C. Bangladesh; row: individual coaching; Column Any saving,44.763,18.401,2.43263953,,,0.01 < p < 0.05,,,88,,,8529,2,0,8529,6,0.052681569,0.052681569,0.052680024,0.00046907,0.999912042,0.000469028,0.02165706,0.010232186,0.095127862,0,Philippines: cash comes from 4Ps,1,Philippines: no req,32,Bangladesh UPGP Individual coaching,Uganda RFSA (Resilience Food Security Activity); Bangladesh UPGP (Ultra-Poor Graduation Program),0,""" In Bangladesh, we randomized at the branch level (88 clusters), the smallest unit in BRAC’s administrative structure."" p12
"" And in Bangladesh, we cluster standard errors at the branch office level."" p15",2025,Beam et al. (2025) Bangladesh UPGP Individual coaching,Bangladesh,,,,,,,,,,,,,1,1,Selected. Why individual coaching over group coaching?,,,,,,,,,,,,,,,,,,,,,,,,,,,,,,,,,,,,,,,,,,,,,,,,,,,,,,,,,,,,,,,,,,,,,,,,,,,,,,,,,,,,,,,,,,,,,,,,,,,,,,,,,,,,,,,,,,,,,,,,,,,,,,,,,,,,,,,,,,,,,,,,,,,,,,,,,,,,,,,,